업소명,민박업소형태,주소,지번주소,지방행정데이터인허가번호,지방행정데이터인허가일자,영업상태,latitude,longitude,coord_duplicate_count
아리아하우스,외국인관광도시민박업,"[157855] 서울특별시 강서구 방화대로37길 26, 102동 1101호 (방화동, 방화현대아파트)",서울 강서구 방화동 793,CDFI3261142012000002,2012-12-11,영업/정상(영업중),37.5708039187178,126.81400178458,2
선 스테이 창경,외국인관광도시민박업,"서울특별시 종로구 성균관로1길 12, 101호 (명륜3가)",서울 종로구 명륜3가 143-4,CDFI2262212026000026,2026-03-09,영업/정상(영업중),37.5831376272952,126.997690408623,3
혜화 갤러리 아트,외국인관광도시민박업,"서울특별시 종로구 성균관로 62-11, 102호 (명륜1가)",서울 종로구 명륜1가 16-11,CDFI2262212026000025,2026-03-09,영업/정상(영업중),37.5881423639529,126.997255931164,2
스테이 지음,외국인관광도시민박업,"서울특별시 강서구 공항대로8가길 2-16, B01호 (공항동)",서울 강서구 공항동 40-33,CDFI2262212026000021,2026-03-10,영업/정상(영업중),37.5586236823038,126.812775902774,3
메모리스테이 연남2호점,외국인관광도시민박업,"서울특별시 마포구 연남로7길 26, 1층 102호 (연남동)",서울 마포구 연남동 370-5,CDFI2262212026000122,2026-03-04,영업/정상(영업중),37.5636921635547,126.918870101814,3
해피하우스,외국인관광도시민박업,"[157839] 서울특별시 강서구 양천로62길 41, 201동 1408호 (등촌동)",서울 강서구 등촌동 712,CDFI3261142013000002,2013-02-21,영업/정상(영업중),37.5558425017385,126.859990044713,2
명륜 홈스테이,외국인관광도시민박업,"서울특별시 종로구 명륜2길 40-18, 301호 (명륜3가)",서울 종로구 명륜3가 1-839,CDFI2262212026000023,2026-03-09,영업/정상(영업중),37.5896287855775,126.996000889639,2
김사장 하우스-DDM,외국인관광도시민박업,"서울특별시 동대문구 천호대로24길 38, B101호 (용두동)",서울 동대문구 용두동 129-130,CDFI2262212026000010,2026-03-10,영업/정상(영업중),37.5721915610926,127.033577335014,2
제이씨하우스(JC House),외국인관광도시민박업,"[157851] 서울특별시 강서구 금낭화로7길 32, 5층 (방화동)",서울 강서구 방화동 592-39,CDFI3261142015000001,2015-03-04,영업/정상(영업중),37.5687182479511,126.810010116381,2
stay 다온,외국인관광도시민박업,"서울특별시 강동구 올림픽로62길 9-14, 8층 803호 (성내동)",서울 강동구 성내동 81-1,CDFI2262212026000015,2026-03-09,영업/정상(영업중),37.5369625268254,127.123801201293,14
명륜2길 HOME,외국인관광도시민박업,"서울특별시 종로구 명륜2길 40-18, 101호 (명륜3가)",서울 종로구 명륜3가 1-839,CDFI2262212026000024,2026-03-09,영업/정상(영업중),37.5896287855775,126.996000889639,2
더심플하우스,외국인관광도시민박업,"[157811] 서울특별시 강서구 공항대로5길 34, 3층 (공항동)",서울 강서구 공항동 24-4,CDFI3261142014000005,2014-08-14,영업/정상(영업중),37.561733670329,126.812959852169,3
아삼스테이,외국인관광도시민박업,"서울특별시 용산구 소월로30길 13, 101호 (용산동2가)",서울 용산구 용산동2가 5-1927,CDFI2262212026000038,2026-03-06,영업/정상(영업중),37.5458379994236,126.988422041146,2
자갈스테이 성내,외국인관광도시민박업,"서울특별시 강동구 올림픽로62길 9-14, 7층 701호 (성내동)",서울 강동구 성내동 81-1,CDFI2262212026000016,2026-03-10,영업/정상(영업중),37.5369625268254,127.123801201293,14
더코지코너,외국인관광도시민박업,"서울특별시 강남구 봉은사로24길 20, B102호 (역삼동)",서울 강남구 역삼동 610-3,CDFI2262212026000084,2026-03-10,영업/정상(영업중),37.5055384788168,127.032521887847,2
숨 스테이,외국인관광도시민박업,"서울특별시 강동구 성안로27길 4-5, 2층 203호 (천호동)",서울 강동구 천호동 121-95,CDFI2262212026000018,2026-03-10,영업/정상(영업중),37.5394370805679,127.135885201491,2
시크릿가든 이태원,외국인관광도시민박업,"서울특별시 용산구 녹사평대로26나길 18, 1층 (이태원동)",서울 용산구 이태원동 96-113,CDFI2262212026000040,2026-03-06,영업/정상(영업중),37.5320978018657,126.9940036824,2
샤론,외국인관광도시민박업,"[157839] 서울특별시 강서구 화곡로68길 115, 102동 1206호 (등촌동, 등촌우성아파트)",서울 강서구 등촌동 630-11,CDFI3261142013000006,2013-10-22,영업/정상(영업중),37.5573285674133,126.860337997066,2
연희포레스트 그린,외국인관광도시민박업,"서울특별시 서대문구 연희로15길 5, 403호 (연희동)",서울 서대문구 연희동 137-11,CDFI2262212026000047,2026-03-11,영업/정상(영업중),37.5678468950266,126.931163690153,4
스테이마루,외국인관광도시민박업,"서울특별시 송파구 오금로23길 8-3, 203호 (방이동)",서울 송파구 방이동 122-11,CDFI2262212026000026,2026-03-11,영업/정상(영업중),37.5093594324361,127.116168943696,2
제뉴어리 연희,외국인관광도시민박업,"서울특별시 서대문구 연희로15길 5, 303호 (연희동)",서울 서대문구 연희동 137-11,CDFI2262212026000046,2026-03-11,영업/정상(영업중),37.5678468950266,126.931163690153,4
스테이온기,외국인관광도시민박업,"서울특별시 송파구 백제고분로44길 21-1, 대중빌라 102호 (송파동)",서울 송파구 송파동 118-31,CDFI2262212026000027,2026-03-11,영업/정상(영업중),37.5067470427891,127.112840781,3
마루온,외국인관광도시민박업,"서울특별시 마포구 망원로7길 44-7, 1층 (망원동)",서울 마포구 망원동 479-24,CDFI2262212026000061,2026-02-13,영업/정상(영업중),37.5596765891738,126.904963536535,2
작전명 행복,외국인관광도시민박업,"서울특별시 마포구 연희로1길 55-6, 3층 (연남동)",서울 마포구 연남동 383-68,CDFI2262212026000068,2026-02-13,영업/정상(영업중),37.5613572689331,126.926061405643,2
파라솔스테이,외국인관광도시민박업,"서울특별시 마포구 양화진4길 4-4, 지층 (합정동)",서울 마포구 합정동 378-42,CDFI2262212026000065,2026-02-13,영업/정상(영업중),37.5475361543317,126.912134144647,2
아이엠 하우스,외국인관광도시민박업,"서울특별시 관악구 봉천로55길 11, 2층 (봉천동)",서울 관악구 봉천동 1667-61,CDFI2262212023000002,2023-05-12,영업/정상(영업중),37.481586868152,126.955687212376,2
nesty home,외국인관광도시민박업,"서울특별시 광진구 능동로13길 78-4, 201호 (화양동)",서울 광진구 화양동 16-31,CDFI2262212026000036,2026-03-06,영업/정상(영업중),37.5451263583085,127.06914006262,4
더 클래식,외국인관광도시민박업,"서울특별시 서대문구 홍연2길 16, 202호 (연희동, 더클래식 하우스)",서울 서대문구 연희동 703-15,CDFI2262212026000030,2026-02-13,영업/정상(영업중),37.5743266617599,126.928123802042,2
원스테이,외국인관광도시민박업,"서울특별시 송파구 오금로23길 8-3, 201호 (방이동)",서울 송파구 방이동 122-11,CDFI2262212026000024,2026-03-06,영업/정상(영업중),37.5093594324361,127.116168943696,2
민스테이2,외국인관광도시민박업,"서울특별시 마포구 월드컵북로8길 23, 502호 (연남동)",서울 마포구 연남동 487-410,CDFI2262212022000027,2022-04-14,영업/정상(영업중),37.5595573115744,126.918479135997,6
홍홈,외국인관광도시민박업,"서울특별시 마포구 동교로27길 44-10, 지층 102호 (연남동)",서울 마포구 연남동 567-54,CDFI2262212026000066,2026-02-13,영업/정상(영업중),37.5600458561077,126.921982099463,2
민스테이1,외국인관광도시민박업,"서울특별시 마포구 월드컵북로8길 23, 501호 (연남동)",서울 마포구 연남동 487-410,CDFI2262212022000023,2022-04-04,영업/정상(영업중),37.5595573115744,126.918479135997,6
우니스테이,외국인관광도시민박업,"서울특별시 서대문구 연희로2길 40, 202호 (창천동)",서울 서대문구 창천동 414,CDFI2262212026000041,2026-03-06,영업/정상(영업중),37.5600795208548,126.928030421719,5
하늘온,외국인관광도시민박업,"서울특별시 마포구 망원로7길 44-7, 2층 (망원동)",서울 마포구 망원동 479-24,CDFI2262212026000064,2026-02-13,영업/정상(영업중),37.5596765891738,126.904963536535,2
잠실의 하루,외국인관광도시민박업,"서울특별시 송파구 석촌호수로12길 49, 102호 (잠실동)",서울 송파구 잠실동 221-18,CDFI2262212023000024,2023-12-12,영업/정상(영업중),37.50825643913,127.081076876683,2
Maji's house,외국인관광도시민박업,"서울특별시 용산구 이태원로15길 33, 지층 102호 (이태원동, 운산빌라)",서울 용산구 이태원동 181-36,CDFI2262212016000016,2016-07-04,영업/정상(영업중),37.5353915902969,126.990000757231,2
Moon Stay,외국인관광도시민박업,"서울특별시 강동구 상암로5길 28, 101호 (암사동)",서울 강동구 암사동 503-15,CDFI2262212024000015,2024-05-14,영업/정상(영업중),37.5515748248399,127.127536014121,5
메종 후암,외국인관광도시민박업,"서울특별시 용산구 후암로4길 14-5, 301호 (후암동)",서울 용산구 후암동 254-74,CDFI2262212026000035,2026-02-23,영업/정상(영업중),37.5468611764806,126.979231223507,3
포근,외국인관광도시민박업,"서울특별시 강동구 구천면로34길 52, 에덴빌32차 302호 (천호동)",서울 강동구 천호동 210-18,CDFI2262212024000007,2024-03-29,영업/정상(영업중),37.5424180507441,127.134138994152,5
달마을스테이 102,외국인관광도시민박업,"서울특별시 양천구 목동중앙본로27길 33-1, 1층 (목동)",서울 양천구 목동 553-26,CDFI2262212026000005,2026-02-24,영업/정상(영업중),37.5440386688075,126.868415881153,2
네스트 인 망원 3,외국인관광도시민박업,"서울특별시 마포구 성미산로3가길 9, 3층 (성산동)",서울 마포구 성산동 254-21,CDFI2262212026000109,2026-02-27,영업/정상(영업중),37.5596256654753,126.908593159077,3
Casa-Golden,외국인관광도시민박업,"서울특별시 서대문구 신촌로3가길 16, 802호 (창천동)",서울 서대문구 창천동 503-22,CDFI2262212026000034,2026-02-24,영업/정상(영업중),37.5581969518079,126.929782635548,7
남산 203,외국인관광도시민박업,"서울특별시 중구 퇴계로6길 46-5, 2층 (남창동)",서울 중구 남창동 203-9,CDFI2262212026000017,2026-02-24,영업/정상(영업중),37.5562518588587,126.979393173386,2
남산 203 게스트하우스,외국인관광도시민박업,"서울특별시 중구 퇴계로6길 46-5, 1층 (남창동)",서울 중구 남창동 203-9,CDFI2262212026000016,2026-02-24,영업/정상(영업중),37.5562518588587,126.979393173386,2
모아라 스테이,외국인관광도시민박업,"서울특별시 서대문구 신촌로3나길 15-6, B102호 (창천동)",서울 서대문구 창천동 159-1,CDFI2262212026000036,2026-02-24,영업/정상(영업중),37.5589516105096,126.930669700605,2
스테이 블루,외국인관광도시민박업,"서울특별시 마포구 신촌로10길 35, 101호 (동교동)",서울 마포구 동교동 186-27,CDFI2262212026000088,2026-02-23,영업/정상(영업중),37.5551352141892,126.932304736402,3
헤븐리스테이서울,외국인관광도시민박업,"서울특별시 송파구 백제고분로44길 21-1, 대중빌라 지하1층 B02호 (송파동)",서울 송파구 송파동 118-31,CDFI2262212026000019,2026-02-19,영업/정상(영업중),37.5067470427891,127.112840781,3
아늑,외국인관광도시민박업,"서울특별시 용산구 이태원로23길 25-2, 102호 (이태원동)",서울 용산구 이태원동 116-13,CDFI2262212026000031,2026-02-20,영업/정상(영업중),37.5352415636053,126.992266801597,2
플라워니 스테이,외국인관광도시민박업,"서울특별시 종로구 낙산3길 19-7, 2층 202호 (동숭동)",서울 종로구 동숭동 129-223,CDFI2262212025000079,2025-06-27,영업/정상(영업중),37.5800453658265,127.006221940323,3
스마일 하우스,외국인관광도시민박업,"서울특별시 마포구 월드컵북로48길 33-5, 1층 1호 (상암동)",서울 마포구 상암동 13-18,CDFI2262212023000113,2023-08-25,영업/정상(영업중),37.5774986141264,126.895247568146,3
홍제Min스테이,외국인관광도시민박업,서울특별시 서대문구 홍제내4길 4-9 (홍제동),서울 서대문구 홍제동 334-109,CDFI2262212026000032,2026-02-20,영업/정상(영업중),37.5873144952041,126.936635993626,2
윤지스테이,외국인관광도시민박업,"서울특별시 송파구 송파대로43길 23, 3층 303호 (석촌동)",서울 송파구 석촌동 283-1,CDFI2262212026000020,2026-02-20,영업/정상(영업중),37.5033444778543,127.10554094434,3
메모리 조선,외국인관광도시민박업,"서울특별시 마포구 동교로30길 9, 4층 (동교동)",서울 마포구 동교동 149-4,CDFI2262212026000132,2026-03-09,영업/정상(영업중),37.560513878337,126.924828453037,3
온 스테이 24,외국인관광도시민박업,"서울특별시 마포구 와우산로26길 58, 201호 (창전동, 살롬하우스)",서울 마포구 창전동 6-105,CDFI2262212026000130,2026-03-09,영업/정상(영업중),37.5530658038023,126.928634476657,8
제이와이스테이 2,외국인관광도시민박업,"서울특별시 마포구 성미산로11길 117, 202호 (성산동)",서울 마포구 성산동 23-4,CDFI2262212026000147,2026-03-11,영업/정상(영업중),37.5658232798949,126.915390850205,3
홍대플레이하우스,외국인관광도시민박업,"서울특별시 서대문구 신촌로3나길 24, 502호 (창천동)",서울 서대문구 창천동 501-11,CDFI2262212026000031,2026-02-20,영업/정상(영업중),37.5583280168627,126.930493268475,7
79스테이,외국인관광도시민박업,"서울특별시 동대문구 제기로20길 17, 3층 (제기동)",서울 동대문구 제기동 286-38,CDFI2262212026000006,2026-02-21,영업/정상(영업중),37.5858568835429,127.04166110854,2
번역가의 방,외국인관광도시민박업,"서울특별시 마포구 모래내로7길 74-5, 102호 (성산동)",서울 마포구 성산동 141-36,CDFI2262212026000128,2026-03-09,영업/정상(영업중),37.5680296184625,126.908945898363,2
스테이문 상수,외국인관광도시민박업,"서울특별시 마포구 와우산로 8-7, 1층 (상수동)",서울 마포구 상수동 345-10,CDFI2262212026000131,2026-03-09,영업/정상(영업중),37.5452740873727,126.923359465435,2
체크 포인트 홍대,외국인관광도시민박업,"서울특별시 마포구 와우산로26길 58, 401호 (창전동, 살롬하우스)",서울 마포구 창전동 6-105,CDFI2262212026000129,2026-03-09,영업/정상(영업중),37.5530658038023,126.928634476657,8
어반 헤이븐,외국인관광도시민박업,"서울특별시 서대문구 신촌로3나길 8-10, 303호 (창천동, 창천네오빌)",서울 서대문구 창천동 504-3,CDFI2262212026000043,2026-03-10,영업/정상(영업중),37.558569254034,126.929648509717,4
리버사이드,외국인관광도시민박업,서울특별시 강서구 개화동로11길 19-8 (개화동),서울 강서구 개화동 460-56,CDFI3261142016000005,2016-04-05,영업/정상(영업중),37.5790289779095,126.801272724063,2
온 스테이,외국인관광도시민박업,"서울특별시 동대문구 고산자로 516-1, 302호 (제기동)",서울 동대문구 제기동 695,CDFI2262212024000023,2024-08-07,영업/정상(영업중),37.5857392960756,127.038775425346,10
파라다이스,외국인관광도시민박업,"서울특별시 마포구 토정로2길 11, 202호 (합정동)",서울 마포구 합정동 91-17,CDFI2262212024000205,2024-08-05,영업/정상(영업중),37.5451040964414,126.913241757682,2
망고스틴 3호,외국인관광도시민박업,"서울특별시 강서구 화곡로35길 23-5, 3호 (화곡동, 망고스틴)",서울 강서구 화곡동 111-110,CDFI3261142016000003,2016-01-11,영업/정상(영업중),37.54555957832,126.842997284386,2
메모리메종 동교점,외국인관광도시민박업,"서울특별시 마포구 동교로30길 9, 3층 (동교동)",서울 마포구 동교동 149-4,CDFI2262212026000140,2026-03-10,영업/정상(영업중),37.560513878337,126.924828453037,3
더 모먼트,외국인관광도시민박업,"서울특별시 마포구 와우산로3안길 7, 301호 (상수동, 석진하우징)",서울 마포구 상수동 334-11,CDFI2262212024000421,2024-11-26,영업/정상(영업중),37.5463911393995,126.922247094168,7
망고스틴 2호,외국인관광도시민박업,"서울특별시 강서구 화곡로35길 23-5, 2호 (화곡동, 망고스틴)",서울 강서구 화곡동 111-110,CDFI3261142016000002,2016-01-11,영업/정상(영업중),37.54555957832,126.842997284386,2
뉴봄스테이,외국인관광도시민박업,"서울특별시 서대문구 신촌로3가길 16, 702호 (창천동)",서울 서대문구 창천동 503-22,CDFI2262212025000024,2025-02-28,영업/정상(영업중),37.5581969518079,126.929782635548,7
송스테이 연트럴파크,외국인관광도시민박업,"서울특별시 마포구 성미산로19길 29, 3층 303호 (연남동)",서울 마포구 연남동 482-31,CDFI2262212025000227,2025-05-16,영업/정상(영업중),37.5629949700782,126.918213367674,2
스테이드림,외국인관광도시민박업,"서울특별시 송파구 삼학사로8길 26, B02호 (석촌동)",서울 송파구 석촌동 229-11,CDFI2262212025000094,2025-12-02,영업/정상(영업중),37.5001235848351,127.099708330025,5
YH STAY,외국인관광도시민박업,"서울특별시 성동구 왕십리로33길 9, 3층 (하왕십리동)",서울 성동구 하왕십리동 890-16,CDFI2262212024000078,2024-12-30,영업/정상(영업중),37.5640647904923,127.027154773856,2
스테이 로라,외국인관광도시민박업,"서울특별시 영등포구 당산로18길 11-1, 201호 (당산동1가)",서울 영등포구 당산동1가 380,CDFI2262212026000016,2026-03-09,영업/정상(영업중),37.523030286112,126.897480597665,3
cozy stay,외국인관광도시민박업,"서울특별시 광진구 아차산로22길 38, 102호 (자양동)",서울 광진구 자양동 24-25,CDFI2262212024000006,2024-03-18,영업/정상(영업중),37.540273830663,127.063721221778,4
LUMINA,외국인관광도시민박업,"서울특별시 마포구 월드컵로11길 72, 4층 401호 (망원동)",서울 마포구 망원동 413-50,CDFI2262212026000108,2026-02-26,영업/정상(영업중),37.5538886806652,126.907123511773,4
스테이코리아,외국인관광도시민박업,"서울특별시 마포구 월드컵로5길 52, 2층 201호 (합정동)",서울 마포구 합정동 435-36,CDFI2262212026000126,2026-03-09,영업/정상(영업중),37.551451227381,126.90922952402,2
라일락 홍대,외국인관광도시민박업,"서울특별시 마포구 동교로19길 76, 302호 (성산동)",서울 마포구 성산동 632-3,CDFI2262212024000415,2024-11-26,영업/정상(영업중),37.5585960236279,126.916779569302,5
스테이어 합정,외국인관광도시민박업,"서울특별시 마포구 동교로 44-6, 지층 101호 (합정동)",서울 마포구 합정동 433-26,CDFI2262212026000107,2026-02-26,영업/정상(영업중),37.5524691334889,126.907091322732,4
스테이코리아2,외국인관광도시민박업,"서울특별시 마포구 월드컵로5길 52, 2층 202호 (합정동)",서울 마포구 합정동 435-36,CDFI2262212026000127,2026-03-09,영업/정상(영업중),37.551451227381,126.90922952402,2
우즈맨션,외국인관광도시민박업,"서울특별시 마포구 와우산로 8-9, B01호 (상수동)",서울 마포구 상수동 345-9,CDFI2262212026000099,2026-02-25,영업/정상(영업중),37.5453591142021,126.92345601539,2
Stay Woonie,외국인관광도시민박업,"서울특별시 관악구 은천로9길 14, 202호 (봉천동)",서울 관악구 봉천동 938-1,CDFI2262212024000013,2024-03-05,영업/정상(영업중),37.4867629601055,126.940825559131,3
누리,외국인관광도시민박업,"서울특별시 광진구 구의로1길 21, B102호 (구의동)",서울 광진구 구의동 242-88,CDFI2262212025000037,2025-06-02,영업/정상(영업중),37.5389449102209,127.087063168845,2
파크엔드스테이,외국인관광도시민박업,"서울특별시 마포구 동교로51길 117-4, 2층 201호 (연남동)",서울 마포구 연남동 453-26,CDFI2262212026000093,2026-02-25,영업/정상(영업중),37.5663787800679,126.920498820082,3
석촌다락,외국인관광도시민박업,"서울특별시 송파구 가락로23길 14-27, 202호 (송파동)",서울 송파구 송파동 110-10,CDFI2262212026000013,2026-02-04,영업/정상(영업중),37.5049797059691,127.112195390253,2
홍대 가(家)스테이,외국인관광도시민박업,"서울특별시 마포구 와우산로 144-10, B1호 (창전동, 삼익빌라)",서울 마포구 창전동 6-46,CDFI2262212026000101,2026-02-25,영업/정상(영업중),37.5536134311294,126.929536037018,2
메종 드 도산,외국인관광도시민박업,"서울특별시 강남구 언주로164길 15-6, 203호 (신사동)",서울 강남구 신사동 645-14,CDFI2262212026000060,2026-02-09,영업/정상(영업중),37.5257257375333,127.03503995123,3
스테이 윤슬,외국인관광도시민박업,"서울특별시 성북구 동소문로11길 27-3, 301호 (동소문동4가)",서울 성북구 동소문동4가 178,CDFI2262212024000037,2024-12-09,영업/정상(영업중),37.5925352564966,127.011477508086,2
호호맨션(HOHO MANSION),외국인관광도시민박업,"서울특별시 송파구 삼학사로8길 24-1, 201호 (석촌동)",서울 송파구 석촌동 229-10,CDFI2262212026000001,2026-01-05,영업/정상(영업중),37.5001062134206,127.099580176254,5
제이투어스,외국인관광도시민박업,"서울특별시 송파구 거마로9길 4, 리안에스피 403호 (거여동)",서울 송파구 거여동 665-5,CDFI2262212026000005,2026-01-08,영업/정상(영업중),37.4960840506828,127.145364552977,4
3베드 레지던스역삼,외국인관광도시민박업,"서울특별시 강남구 역삼로17길 35, 402호 (역삼동, 더클래스)",서울 강남구 역삼동 744-17,CDFI2262212026000059,2026-02-09,영업/정상(영업중),37.4971520195133,127.036486527622,2
윤스테이,외국인관광도시민박업,"서울특별시 송파구 백제고분로34길 3-14, 302호 (석촌동)",서울 송파구 석촌동 234-2,CDFI2262212026000010,2026-01-27,영업/정상(영업중),37.5020533738816,127.099583440743,4
루키's 스테이,외국인관광도시민박업,"서울특별시 강남구 언주로164길 15-6, 305호 (신사동)",서울 강남구 신사동 645-14,CDFI2262212026000058,2026-02-09,영업/정상(영업중),37.5257257375333,127.03503995123,3
송파 스테이 110,외국인관광도시민박업,"서울특별시 송파구 가락로23길 14-27, 201호 (송파동)",서울 송파구 송파동 110-10,CDFI2262212026000012,2026-02-04,영업/정상(영업중),37.5049797059691,127.112195390253,2
캉스하우스,외국인관광도시민박업,"서울특별시 마포구 성미산로3나길 18, 1층 (성산동)",서울 마포구 성산동 256-21,CDFI2262212026000146,2026-03-11,영업/정상(영업중),37.5602537925077,126.908531387392,2
로렐스테이,외국인관광도시민박업,"서울특별시 송파구 삼학사로8길 26, B01호 (석촌동)",서울 송파구 석촌동 229-11,CDFI2262212026000018,2026-02-13,영업/정상(영업중),37.5001235848351,127.099708330025,5
미까사,외국인관광도시민박업,"서울특별시 송파구 삼학사로8길 23, 303호 (석촌동)",서울 송파구 석촌동 230-18,CDFI2262212026000015,2026-02-11,영업/정상(영업중),37.5003147602102,127.099409008685,2
Ms. Kim's DDM HOUSE,외국인관광도시민박업,"서울특별시 동대문구 천호대로24길 38, 102호 (용두동)",서울 동대문구 용두동 129-130,CDFI2262212026000011,2026-03-10,영업/정상(영업중),37.5721915610926,127.033577335014,2
해피하우스2,외국인관광도시민박업,"서울특별시 마포구 방울내로9길 34, 2층 201호 (망원동)",서울 마포구 망원동 471-4,CDFI2262212026000143,2026-03-11,영업/정상(영업중),37.5619274638303,126.903085685912,5
"오늘, 신도림",외국인관광도시민박업,"서울특별시 구로구 공원로6나길 35-8, 1층 (구로동)",서울 구로구 구로동 29-24,CDFI2262212026000008,2026-02-10,영업/정상(영업중),37.5046025554912,126.89157852606,2
우디스토리,외국인관광도시민박업,"서울특별시 강남구 언주로153길 14-2, 201호 (신사동)",서울 강남구 신사동 626-72,CDFI2262212026000064,2026-02-11,영업/정상(영업중),37.5229079892673,127.032019688287,8
곳모닝서울,외국인관광도시민박업,"서울특별시 광진구 아차산로58가길 15, 102호 (구의동, 썬빌리지)",서울 광진구 구의동 590-5,CDFI2262212026000037,2026-03-11,영업/정상(영업중),37.5360178676683,127.09025483796,3
K-Hubhouse,외국인관광도시민박업,"서울특별시 중랑구 동일로172길 48, 롯데빌 2층 201호 (묵동)",서울 중랑구 묵동 160-20,CDFI2262212026000007,2026-02-11,영업/정상(영업중),37.6174805201745,127.078550763936,2
루미홈,외국인관광도시민박업,"서울특별시 은평구 가좌로 293, 602호 (신사동)",서울 은평구 신사동 39-28,CDFI2262212026000010,2026-02-11,영업/정상(영업중),37.5942076155737,126.911664416938,6
슬로우 포레스트,외국인관광도시민박업,"서울특별시 서초구 논현로5길 24-14, 101호 (양재동, 태림빌라)",서울 서초구 양재동 395-11,CDFI2262212026000005,2026-02-11,영업/정상(영업중),37.4724208538861,127.048331999354,2
로컬스테이,외국인관광도시민박업,"서울특별시 강동구 천호대로200길 24-1, 202호 (둔촌동)",서울 강동구 둔촌동 602-2,CDFI2262212026000019,2026-03-13,영업/정상(영업중),37.5357878577611,127.149097140823,2
가든스테이,외국인관광도시민박업,"서울특별시 강동구 천호대로200길 24-1, 102호 (둔촌동)",서울 강동구 둔촌동 602-2,CDFI2262212026000020,2026-03-13,영업/정상(영업중),37.5357878577611,127.149097140823,2
다온스테이(DAON STAY),외국인관광도시민박업,"서울특별시 강북구 삼양로119길 4, 201호 (수유동, 더하우스)",서울 강북구 수유동 313-45,CDFI2262212026000009,2026-03-13,영업/정상(영업중),37.6442266209654,127.015652355384,2
서울의 지평선,외국인관광도시민박업,"서울특별시 강남구 도산대로16길 13-3, 102호 (논현동)",서울 강남구 논현동 10-1,CDFI2262212026000090,2026-03-13,영업/정상(영업중),37.5173514743704,127.025055715324,2
STAY 762,외국인관광도시민박업,"서울특별시 용산구 이태원로16길 21-20, 지층 (이태원동)",서울 용산구 이태원동 76-2,CDFI2262212025000110,2025-12-15,영업/정상(영업중),37.5331681744336,126.992176956496,3
어반 오디세이,외국인관광도시민박업,"서울특별시 강남구 선릉로103길 14-3, 201호 (역삼동)",서울 강남구 역삼동 693-27,CDFI2262212025000080,2025-12-29,영업/정상(영업중),37.5072378737162,127.044393883144,3
밍기적 하우스,외국인관광도시민박업,"서울특별시 강동구 천호대로200길 22, 1층 102호 (둔촌동)",서울 강동구 둔촌동 602-5,CDFI2262212025000057,2025-07-28,영업/정상(영업중),37.5358825809103,127.149288881669,5
여기연남스테이,외국인관광도시민박업,"서울특별시 마포구 성미산로16길 3-3, 1층 (연남동)",서울 마포구 연남동 487-375,CDFI2262212026000119,2026-03-04,영업/정상(영업중),37.5611268837408,126.918140483313,2
스테이 누아르,외국인관광도시민박업,"서울특별시 마포구 와우산로29가길 28, 2층 (서교동)",서울 마포구 서교동 336-14,CDFI2262212026000137,2026-03-09,영업/정상(영업중),37.5541740861882,126.927983363243,3
올리브 스테이,외국인관광도시민박업,"서울특별시 마포구 연남로1길 51, 지층 (연남동)",서울 마포구 연남동 568-3,CDFI2262212026000123,2026-03-04,영업/정상(영업중),37.5595716332235,126.920588221639,2
망원루,외국인관광도시민박업,"서울특별시 마포구 월드컵로11길 72, 5층 502호 (망원동)",서울 마포구 망원동 413-50,CDFI2262212026000120,2026-03-04,영업/정상(영업중),37.5538886806652,126.907123511773,4
스테이 체리,외국인관광도시민박업,"서울특별시 마포구 와우산로29가길 28, 1층 (서교동)",서울 마포구 서교동 336-14,CDFI2262212026000138,2026-03-09,영업/정상(영업중),37.5541740861882,126.927983363243,3
스테이지,외국인관광도시민박업,"서울특별시 마포구 와우산로5길 25-9, 102호 (상수동, 범일빌라)",서울 마포구 상수동 335-39,CDFI2262212026000135,2026-03-09,영업/정상(영업중),37.5465256981554,126.921354575892,2
카일룸 블랙 701,외국인관광도시민박업,"서울특별시 강남구 언주로 565, 701호 (역삼동, 상지 카일룸 블랙)",서울 강남구 역삼동 653-3,CDFI2262212026000082,2026-03-09,영업/정상(영업중),37.5083278592214,127.038364146821,5
Slow Forest,외국인관광도시민박업,"서울특별시 서초구 논현로5길 24-14, 101호 (양재동, 태림빌라)",서울 서초구 양재동 395-11,CDFI2262212026000006,2026-02-12,영업/정상(영업중),37.4724208538861,127.048331999354,2
세리 하우스,외국인관광도시민박업,"서울특별시 용산구 녹사평대로40길 43-9, 1층 201호 (이태원동)",서울 용산구 이태원동 455-17,CDFI2262212026000027,2026-02-12,영업/정상(영업중),37.5347170556243,126.988510314265,2
모아 하우스,외국인관광도시민박업,"서울특별시 용산구 녹사평대로40길 43-9, 지층 101호 (이태원동)",서울 용산구 이태원동 455-17,CDFI2262212026000028,2026-02-12,영업/정상(영업중),37.5347170556243,126.988510314265,2
레드스테이,외국인관광도시민박업,"서울특별시 마포구 와우산로29가길 28, 3층 (서교동)",서울 마포구 서교동 336-14,CDFI2262212026000139,2026-03-09,영업/정상(영업중),37.5541740861882,126.927983363243,3
메종 드 강남 스테이,외국인관광도시민박업,"서울특별시 강남구 언주로153길 14-2, B01호 (신사동)",서울 강남구 신사동 626-72,CDFI2262212026000009,2026-01-08,영업/정상(영업중),37.5229079892673,127.032019688287,8
엘리하우스,외국인관광도시민박업,"서울특별시 은평구 가좌로 293, 503호 (신사동)",서울 은평구 신사동 39-28,CDFI2262212026000011,2026-02-11,영업/정상(영업중),37.5942076155737,126.911664416938,6
스틸 신사,외국인관광도시민박업,"서울특별시 서초구 나루터로10길 30, 302호 (잠원동, 동일빌라)",서울 서초구 잠원동 17-22,CDFI2262212026000004,2026-02-09,영업/정상(영업중),37.5137214649672,127.015982149164,2
아지트,외국인관광도시민박업,"서울특별시 은평구 가좌로 293, 801호 (신사동)",서울 은평구 신사동 39-28,CDFI2262212026000012,2026-02-12,영업/정상(영업중),37.5942076155737,126.911664416938,6
서울우리집(SEOUL WOORIJIB),외국인관광도시민박업,서울특별시 중구 장충단로8나길 7 (장충동1가),서울 중구 장충동1가 38-10,CDFI2262212022000009,2022-10-07,영업/정상(영업중),37.5628417295742,127.008246739015,2
코맘하우스,외국인관광도시민박업,"서울특별시 강남구 역삼로17길 35, 401호 (역삼동, 더클래스)",서울 강남구 역삼동 744-17,CDFI2262212026000052,2026-02-05,영업/정상(영업중),37.4971520195133,127.036486527622,2
잔잔스테이,외국인관광도시민박업,"서울특별시 강남구 도산대로98길 17, 102호 (청담동)",서울 강남구 청담동 57-7,CDFI2262212026000061,2026-02-09,영업/정상(영업중),37.5234860092719,127.051552899063,2
호영하우스,외국인관광도시민박업,"서울특별시 마포구 와우산로33길 17, 3층 401호 (서교동, 석산빌라)",서울 마포구 서교동 327-2,CDFI2262212024000283,2024-09-25,영업/정상(영업중),37.5553029890765,126.929397280376,3
서울스테이,외국인관광도시민박업,"서울특별시 강남구 봉은사로48길 50-2, 202호 (역삼동)",서울 강남구 역삼동 691-16,CDFI2262212026000046,2026-02-03,영업/정상(영업중),37.5066479957565,127.043151134281,3
스테이 여유,외국인관광도시민박업,"서울특별시 서대문구 홍제내4길 4-9, 202호 (홍제동)",서울 서대문구 홍제동 334-109,CDFI2262212025000025,2025-03-10,영업/정상(영업중),37.5873144952041,126.936635993626,2
신사 삼삼하우스,외국인관광도시민박업,"서울특별시 강남구 도산대로4길 14, 302호 (논현동)",서울 강남구 논현동 16-11,CDFI2262212026000047,2026-02-04,영업/정상(영업중),37.5155486980293,127.021157801504,4
스튜디오 화양,외국인관광도시민박업,"서울특별시 광진구 군자로5길 7-8, 동네친구 301호 (화양동)",서울 광진구 화양동 15-76,CDFI2262212026000018,2026-02-04,영업/정상(영업중),37.5451243124047,127.070467174584,2
홍대 스테이,외국인관광도시민박업,"서울특별시 마포구 잔다리로6길 5, 804호 (서교동)",서울 마포구 서교동 372-9,CDFI2262212026000002,2026-01-02,영업/정상(영업중),37.5521904195273,126.91943098523,2
구룸하우스,외국인관광도시민박업,"서울특별시 관악구 관천로24길 21-9, 101호 (신림동)",서울 관악구 신림동 1448-27,CDFI2262212024000099,2024-09-02,영업/정상(영업중),37.489028677096,126.922791445919,3
성균관 사랑방 게스트하우스,외국인관광도시민박업,"서울특별시 종로구 성균관로1길 12, 202호 (명륜3가)",서울 종로구 명륜3가 143-4,CDFI2262212026000013,2026-02-02,영업/정상(영업중),37.5831376272952,126.997690408623,3
마중,외국인관광도시민박업,"서울특별시 종로구 통일로12길 24-23, 101호 (행촌동)",서울 종로구 행촌동 210-662,CDFI2262212025000056,2025-04-28,영업/정상(영업중),37.5736378027296,126.961303185307,3
Gem stay,외국인관광도시민박업,"서울특별시 구로구 오류로8바길 3-12, 101호 (오류동)",서울 구로구 오류동 145-1,CDFI2262212024000016,2024-12-16,영업/정상(영업중),37.4931928211517,126.847007861585,2
Calm and cozy house,외국인관광도시민박업,"서울특별시 마포구 동교로23길 89-7, 지층 (성산동)",서울 마포구 성산동 630-17,CDFI2262212023000104,2023-08-07,영업/정상(영업중),37.5595360036494,126.917507173557,4
헤이븐,외국인관광도시민박업,"서울특별시 관악구 남부순환로239길 22-6, 203호 (봉천동)",서울 관악구 봉천동 1684-7,CDFI2262212026000034,2026-02-04,영업/정상(영업중),37.4787946066091,126.962059885922,2
스테이 조은,외국인관광도시민박업,"서울특별시 마포구 동교로30길 12, 1층 (동교동)",서울 마포구 동교동 150-8,CDFI2262212026000072,2026-02-13,영업/정상(영업중),37.5603163350035,126.924758026747,2
cozy house,외국인관광도시민박업,"서울특별시 관악구 문성로38길 32-20, 2층 (신림동)",서울 관악구 신림동 412-348,CDFI2262212026000033,2026-02-02,영업/정상(영업중),37.4769727742829,126.929337518606,2
김형준 스테이,외국인관광도시민박업,"서울특별시 강동구 성안로31나길 17, B03호 (천호동)",서울 강동구 천호동 207-7,CDFI2262212024000077,2024-12-30,영업/정상(영업중),37.5414156953972,127.134450516438,2
타일러 하우스,외국인관광도시민박업,"서울특별시 마포구 독막로3길 28-12, B01호 (서교동)",서울 마포구 서교동 396-14,CDFI2262212026000071,2026-02-13,영업/정상(영업중),37.5494934663206,126.917738686663,2
스테이블루,외국인관광도시민박업,"서울특별시 마포구 신촌로10길 35, 101호 (동교동)",서울 마포구 동교동 186-27,CDFI2262212026000070,2026-02-13,영업/정상(영업중),37.5551352141892,126.932304736402,3
Sweet Home Seoul,외국인관광도시민박업,"서울특별시 영등포구 영중로 145, 102동 1601호 (영등포동8가, 영등포삼환아파트)",서울 영등포구 영등포동8가 76-1,CDFI2262212016000002,2016-09-01,영업/정상(영업중),37.5299598453919,126.905079994793,3
kelly homestay,외국인관광도시민박업,"서울특별시 영등포구 영중로 145, 103동 402호 (영등포동8가, 영등포삼환아파트)",서울 영등포구 영등포동8가 76-1,CDFI2262212013000002,2013-01-02,영업/정상(영업중),37.5299598453919,126.905079994793,3
온유Stay(온유스테이),외국인관광도시민박업,"서울특별시 관악구 신림로48길 17-12, 101호 (신림동)",서울 관악구 신림동 91-46,CDFI2262212026000057,2026-03-12,영업/정상(영업중),37.4795300197818,126.933371420889,4
단잠성수 1호점,외국인관광도시민박업,"서울특별시 성동구 연무장18길 16-5, 2층 (성수동2가)",서울 성동구 성수동2가 269-145,CDFI2262212026000024,2026-03-12,영업/정상(영업중),37.5393367040058,127.061850863575,2
역삼 스테이,외국인관광도시민박업,"서울특별시 강남구 선릉로103길 14-3, 202호 (역삼동)",서울 강남구 역삼동 693-27,CDFI2262212026000089,2026-03-12,영업/정상(영업중),37.5072378737162,127.044393883144,3
JnJ House,외국인관광도시민박업,"서울특별시 서대문구 연희로15길 5, 601호 (연희동)",서울 서대문구 연희동 137-11,CDFI2262212026000023,2026-02-11,영업/정상(영업중),37.5678468950266,126.931163690153,4
화이트브라운,외국인관광도시민박업,"서울특별시 마포구 월드컵북로6길 31-7, 1층 (연남동)",서울 마포구 연남동 570-32,CDFI2262212023000081,2023-07-04,영업/정상(영업중),37.5588509865375,126.92001075761,3
하나 하우스,외국인관광도시민박업,"서울특별시 서대문구 연희로15길 5, 302호 (연희동)",서울 서대문구 연희동 137-11,CDFI2262212026000048,2026-03-13,영업/정상(영업중),37.5678468950266,126.931163690153,4
라이언 스테이,외국인관광도시민박업,"서울특별시 강남구 언주로104길 25-1, 201호 (역삼동)",서울 강남구 역삼동 685-5,CDFI2262212026000087,2026-03-12,영업/정상(영업중),37.5078291689859,127.04227686157,3
단잠성수 2호점,외국인관광도시민박업,"서울특별시 성동구 연무장18길 16-5, 1층 (성수동2가)",서울 성동구 성수동2가 269-145,CDFI2262212026000025,2026-03-12,영업/정상(영업중),37.5393367040058,127.061850863575,2
화이트엔젤,외국인관광도시민박업,"서울특별시 마포구 월드컵북로6길 31-7, 지층 (연남동)",서울 마포구 연남동 570-32,CDFI2262212023000190,2023-12-08,영업/정상(영업중),37.5588509865375,126.92001075761,3
풀문스테이,외국인관광도시민박업,"서울특별시 용산구 후암로4길 14-5, 101호 (후암동)",서울 용산구 후암동 254-74,CDFI2262212026000018,2026-01-30,영업/정상(영업중),37.5468611764806,126.979231223507,3
더퍼스트홍대스테이301,외국인관광도시민박업,"서울특별시 마포구 와우산로27길 18, 301호 (서교동, 서교동다세대주택)",서울 마포구 서교동 335-17,CDFI2262212024000276,2024-09-20,영업/정상(영업중),37.5542091837269,126.927474171057,3
강남 23,외국인관광도시민박업,"서울특별시 강남구 강남대로120길 23, 101호 (논현동)",서울 강남구 논현동 167-21,CDFI2262212026000080,2026-03-04,영업/정상(영업중),37.5074941000578,127.025187010429,2
스틸 타임,외국인관광도시민박업,"서울특별시 중구 퇴계로20길 41-9, 201호 (남산동2가)",서울 중구 남산동2가 20-2,CDFI2262212026000019,2026-03-04,영업/정상(영업중),37.5587283915085,126.986640996883,4
스테이 지수,외국인관광도시민박업,"서울특별시 강남구 강남대로120길 23, 201호 (논현동)",서울 강남구 논현동 167-21,CDFI2262212026000079,2026-03-04,영업/정상(영업중),37.5074941000578,127.025187010429,2
스테이 나우,외국인관광도시민박업,"서울특별시 영등포구 당산로16길 24-12, 702호 (당산동1가)",서울 영등포구 당산동1가 256-99,CDFI2262212026000013,2026-03-03,영업/정상(영업중),37.5219735262037,126.898135101146,4
스테이 일로,외국인관광도시민박업,"서울특별시 마포구 동교로38길 26-7, 201호 (연남동)",서울 마포구 연남동 390-48,CDFI2262212022000074,2022-11-09,영업/정상(영업중),37.5616260185,126.92531752985,3
+82 Capsule Hotel,외국인관광도시민박업,"서울특별시 마포구 어울마당로 49, 5~6층 (서교동)",서울 마포구 서교동 403-14,CDFI2262212025000396,2025-11-06,영업/정상(영업중),37.5495744865944,126.920665482944,2
잠실하루스테이,외국인관광도시민박업,"서울특별시 송파구 백제고분로34길 18-9, 201호 (석촌동)",서울 송파구 석촌동 215-16,CDFI2262212026000017,2026-02-11,영업/정상(영업중),37.5007212834822,127.098236797427,3
코코 서울 스테이,외국인관광도시민박업,"서울특별시 광진구 아차산로49길 48, 102호 (구의동)",서울 광진구 구의동 252-61,CDFI2262212026000028,2026-02-19,영업/정상(영업중),37.5389958003942,127.084354567114,3
로렐스테이 03호,외국인관광도시민박업,"서울특별시 송파구 삼학사로8길 26, B03호 (석촌동)",서울 송파구 석촌동 229-11,CDFI2262212026000016,2026-02-11,영업/정상(영업중),37.5001235848351,127.099708330025,5
메이트 프로젝트,외국인관광도시민박업,"서울특별시 광진구 아차산로26길 25-5, 102호 (자양동)",서울 광진구 자양동 10-9,CDFI2262212026000030,2026-02-19,영업/정상(영업중),37.5401653538611,127.066172076766,3
코지네스트777,외국인관광도시민박업,"서울특별시 강남구 도곡로25길 32, 304호 (역삼동)",서울 강남구 역삼동 777-40,CDFI2262212026000069,2026-02-19,영업/정상(영업중),37.4947905706112,127.040890026378,8
네스트 인 망원 1,외국인관광도시민박업,"서울특별시 마포구 성미산로3가길 9, 1층 101호 (성산동)",서울 마포구 성산동 254-21,CDFI2262212026000089,2026-02-23,영업/정상(영업중),37.5596256654753,126.908593159077,3
코티지 코지 하우스,외국인관광도시민박업,"서울특별시 관악구 신림로71길 42, B02호 (신림동)",서울 관악구 신림동 1441-27,CDFI2262212026000046,2026-02-19,영업/정상(영업중),37.4881299039258,126.926001684978,2
Apple Stay,외국인관광도시민박업,"서울특별시 관악구 쑥고개로 114, 302호 (봉천동)",서울 관악구 봉천동 1573-2,CDFI2262212026000047,2026-02-19,영업/정상(영업중),37.4788721298746,126.948991273527,2
마포 BNB 트립,외국인관광도시민박업,"서울특별시 마포구 대흥로 14, VIP빌딩 302호 (용강동)",서울 마포구 용강동 494-2,CDFI2262212026000085,2026-02-20,영업/정상(영업중),37.5423552268544,126.937282715567,2
버드스테이인서울,외국인관광도시민박업,"서울특별시 관악구 관천로18길 36-2, B02호 (신림동)",서울 관악구 신림동 1455-23,CDFI2262212026000049,2026-02-23,영업/정상(영업중),37.4876333777236,126.925031686771,2
신디하우스,외국인관광도시민박업,"서울특별시 광진구 군자로5길 7-8, 동네친구 303호 (화양동)",서울 광진구 화양동 15-76,CDFI2262212026000031,2026-02-23,영업/정상(영업중),37.5451243124047,127.070467174584,2
늘솜 스테이(서울),외국인관광도시민박업,"서울특별시 중랑구 사가정로52길 37, 102동 5층 501호 (면목동, ES팰리스)",서울 중랑구 면목동 633-3,CDFI2262212026000004,2026-02-02,영업/정상(영업중),37.5792633606926,127.086430724581,16
지니어스,외국인관광도시민박업,"서울특별시 마포구 월드컵북로48길 33-5, 1층 102호 (상암동)",서울 마포구 상암동 13-18,CDFI2262212026000046,2026-02-02,영업/정상(영업중),37.5774986141264,126.895247568146,3
고요,외국인관광도시민박업,"서울특별시 중랑구 사가정로52길 37, 102동 7층 704호 (면목동, ES팰리스)",서울 중랑구 면목동 633-3,CDFI2262212026000005,2026-02-02,영업/정상(영업중),37.5792633606926,127.086430724581,16
라이크 유어 홈,외국인관광도시민박업,"서울특별시 서대문구 연세로2라길 55, 203호 (창천동)",서울 서대문구 창천동 4-22,CDFI2262212026000016,2026-02-02,영업/정상(영업중),37.5582934052741,126.941251514838,9
씨티게스트하우스,외국인관광도시민박업,[120825] 서울특별시 서대문구 연희로15길 83-9 (연희동),서울 서대문구 연희동 119-7,CDFI3261142012000001,2012-01-27,영업/정상(영업중),37.5704549477498,126.928488278622,2
백억리치,외국인관광도시민박업,"서울특별시 강북구 도봉로20가길 89, B층 3호 (미아동, 화계그린빌라)",서울 강북구 미아동 131-23,CDFI2262212026000004,2026-02-03,영업/정상(영업중),37.6224323889107,127.028322218356,2
하루스테이,외국인관광도시민박업,"서울특별시 강서구 공항대로5길 34, 102호 (공항동)",서울 강서구 공항동 24-4,CDFI2262212026000010,2026-02-02,영업/정상(영업중),37.561733670329,126.812959852169,3
씨티게스트하우스,외국인관광도시민박업,[120825] 서울특별시 서대문구 연희로15길 83-9 (연희동),서울 서대문구 연희동 119-7,CDFI3261142012000002,2012-01-30,영업/정상(영업중),37.5704549477498,126.928488278622,2
다온 101,외국인관광도시민박업,"서울특별시 중랑구 동일로101길 6-3, B02호 (면목동)",서울 중랑구 면목동 180-83,CDFI2262212026000003,2026-02-02,영업/정상(영업중),37.5893417973853,127.079346250341,2
UN STAY,외국인관광도시민박업,"서울특별시 마포구 양화로19길 22-12, 102호 (동교동)",서울 마포구 동교동 154-24,CDFI2262212021000065,2021-11-29,영업/정상(영업중),37.5586211862372,126.924314262199,2
아리나&새아라,외국인관광도시민박업,"서울특별시 동대문구 망우로18길 16, 101호 (휘경동)",서울 동대문구 휘경동 286-226,CDFI2262212024000024,2024-08-13,영업/정상(영업중),37.5891910060647,127.062493089808,2
코지 스테이,외국인관광도시민박업,"서울특별시 마포구 와우산로25길 22, 102호 (서교동, 협화빌라)",서울 마포구 서교동 340-12,CDFI2262212023000125,2023-09-13,영업/정상(영업중),37.5542820679405,126.926155425259,6
지미스테이,외국인관광도시민박업,"서울특별시 마포구 와우산로29길 14-29, 1층 (서교동)",서울 마포구 서교동 328-10,CDFI2262212024000063,2024-04-08,영업/정상(영업중),37.555371461474,126.92894101452,2
온,외국인관광도시민박업,"서울특별시 광진구 구의로1길 21, B101호 (구의동)",서울 광진구 구의동 242-88,CDFI2262212024000047,2024-11-25,영업/정상(영업중),37.5389449102209,127.087063168845,2
지미 하우스,외국인관광도시민박업,"서울특별시 마포구 와우산로29길 14-29, 2층 (서교동)",서울 마포구 서교동 328-10,CDFI2262212024000019,2024-01-25,영업/정상(영업중),37.555371461474,126.92894101452,2
알로하스테이,외국인관광도시민박업,"서울특별시 마포구 성미산로 65-5, 2층 203호 (성산동, 노블레스빌)",서울 마포구 성산동 40-8,CDFI2262212025000317,2025-08-18,영업/정상(영업중),37.5600200570689,126.915270650993,3
라라스테이,외국인관광도시민박업,"서울특별시 강남구 도산대로68길 30, 204호 (청담동)",서울 강남구 청담동 18-32,CDFI2262212026000074,2026-02-26,영업/정상(영업중),37.5215987445473,127.04428530897,3
플로우안암,외국인관광도시민박업,"서울특별시 동대문구 고산자로 516-1, 402호 (제기동)",서울 동대문구 제기동 695,CDFI2262212024000021,2024-08-05,영업/정상(영업중),37.5857392960756,127.038775425346,10
107,외국인관광도시민박업,"서울특별시 강남구 영동대로 602, 1902호 (삼성동, 삼성동 미켈란 107)",서울 강남구 삼성동 107,CDFI2262212026000073,2026-02-26,영업/정상(영업중),37.5147215906749,127.060483947525,8
미스 미,외국인관광도시민박업,"서울특별시 마포구 새터산5길 42, 2층 302호 (성산동)",서울 마포구 성산동 199-25,CDFI2262212026000106,2026-02-26,영업/정상(영업중),37.5654712881518,126.905115092063,2
휴 스테이,외국인관광도시민박업,"서울특별시 강동구 천중로32길 13-10, 3층 302호 (천호동, 크리스탈 하우스)",서울 강동구 천호동 141-9,CDFI2262212026000011,2026-02-26,영업/정상(영업중),37.5413258533812,127.135564675304,3
낙산집,외국인관광도시민박업,"서울특별시 종로구 낙산성곽동길 43-7, 101호 (창신동)",서울 종로구 창신동 629-69,CDFI2262212026000018,2026-02-12,영업/정상(영업중),37.5764973433968,127.008982267327,2
수 스테이,외국인관광도시민박업,"서울특별시 강동구 천중로32길 13-10, 3층 301호 (천호동, 크리스탈 하우스)",서울 강동구 천호동 141-9,CDFI2262212026000010,2026-02-26,영업/정상(영업중),37.5413258533812,127.135564675304,3
하우스강남,외국인관광도시민박업,"서울특별시 강남구 봉은사로74길 34, B02호 (삼성동)",서울 강남구 삼성동 122-23,CDFI2262212026000067,2026-02-12,영업/정상(영업중),37.5104640694034,127.052793869462,2
서울어반스테이,외국인관광도시민박업,서울특별시 서대문구 성산로16길 4 (연희동),서울 서대문구 연희동 344-44,CDFI2262212026000026,2026-02-12,영업/정상(영업중),37.5629804458524,126.930412546685,2
코지하우스812,외국인관광도시민박업,"서울특별시 강남구 도곡로25길 32, 404호 (역삼동)",서울 강남구 역삼동 777-40,CDFI2262212026000062,2026-02-10,영업/정상(영업중),37.4947905706112,127.040890026378,8
스틸 신사,외국인관광도시민박업,"서울특별시 서초구 나루터로10길 30, 302호 (잠원동, 동일빌라)",서울 서초구 잠원동 17-22,CDFI2262212026000007,2026-02-12,영업/정상(영업중),37.5137214649672,127.015982149164,2
엘레나 하우스,외국인관광도시민박업,서울특별시 서대문구 연희로2안길 7-15 (창천동),서울 서대문구 창천동 421,CDFI2262212026000021,2026-02-10,영업/정상(영업중),37.5603817640389,126.927815313843,5
더헤이븐스테이,외국인관광도시민박업,"서울특별시 광진구 광나루로38길 81, B01호 (구의동)",서울 광진구 구의동 240-9,CDFI2262212026000027,2026-02-10,영업/정상(영업중),37.5412196953715,127.087143096576,2
제니 스테이 Jenie Stay,외국인관광도시민박업,"서울특별시 광진구 광나루로38길 81, B02호 (구의동)",서울 광진구 구의동 240-9,CDFI2262212026000026,2026-02-10,영업/정상(영업중),37.5412196953715,127.087143096576,2
싱그런하우스,외국인관광도시민박업,"서울특별시 강남구 도곡로25길 32, 203호 (역삼동)",서울 강남구 역삼동 777-40,CDFI2262212026000063,2026-02-10,영업/정상(영업중),37.4947905706112,127.040890026378,8
스테이 쿠,외국인관광도시민박업,"서울특별시 강서구 까치산로18길 7-13, 201호 (화곡동, 제이스빌)",서울 강서구 화곡동 969-5,CDFI2262212026000012,2026-02-10,영업/정상(영업중),37.5479722859393,126.850080122898,2
스테이 어슬렁,외국인관광도시민박업,"서울특별시 마포구 성산로2길 21-35, 102호 (성산동)",서울 마포구 성산동 277-18,CDFI2262212026000103,2026-02-25,영업/정상(영업중),37.5630958391734,126.906504053801,2
오투게스트하우스,외국인관광도시민박업,"서울특별시 강서구 양천로14길 7-5, 201호 (방화동)",서울 강서구 방화동 562-11,CDFI2262212026000014,2026-02-25,영업/정상(영업중),37.5726991328686,126.810528984274,2
디디스테이,외국인관광도시민박업,"서울특별시 중구 퇴계로64길 2, 301호 (광희동2가)",서울 중구 광희동2가 247-1,CDFI2262212023000026,2023-11-06,영업/정상(영업중),37.564081314227,127.008335274249,4
잠실스테이온,외국인관광도시민박업,"서울특별시 송파구 백제고분로34길 3-47, B02호 (석촌동)",서울 송파구 석촌동 237-3,CDFI2262212025000008,2025-02-18,영업/정상(영업중),37.5010092366216,127.10017781794,6
위하우스,외국인관광도시민박업,"서울특별시 마포구 대흥로20길 12, 3층 301호 (대흥동)",서울 마포구 대흥동 32-23,CDFI2262212025000180,2025-03-31,영업/정상(영업중),37.5501651245008,126.944756515377,2
그린스테이,외국인관광도시민박업,"서울특별시 관악구 봉천로6길 55, 203호 (신림동)",서울 관악구 신림동 1439-22,CDFI2262212024000033,2024-05-01,영업/정상(영업중),37.4873231815347,126.926065574046,3
O-O STAY,외국인관광도시민박업,"서울특별시 동대문구 고산자로 516-1, 501호 (제기동)",서울 동대문구 제기동 695,CDFI2262212024000025,2024-08-14,영업/정상(영업중),37.5857392960756,127.038775425346,10
루미 스테이,외국인관광도시민박업,"서울특별시 중구 퇴계로20나길 2-15, 201호 (남산동2가, 능마루빌라)",서울 중구 남산동2가 39-5,CDFI2262212026000013,2026-02-03,영업/정상(영업중),37.5588061724479,126.985332413896,11
케데헌 스테이,외국인관광도시민박업,"서울특별시 종로구 대학로11길 38-7, 203호 (명륜4가, 지원하우스)",서울 종로구 명륜4가 70-7,CDFI2262212025000128,2025-09-30,영업/정상(영업중),37.5825426338077,127.00003373788,2
성심행,외국인관광도시민박업,"서울특별시 영등포구 당산로35길 4-15, 2층 (당산동4가)",서울 영등포구 당산동4가 60,CDFI2262212026000015,2026-03-05,영업/정상(영업중),37.529402845851,126.89763603393,2
두꺼비 하우스,외국인관광도시민박업,"서울특별시 마포구 동교로51길 117-4, 4층 401호 (연남동)",서울 마포구 연남동 453-26,CDFI2262212026000094,2026-02-25,영업/정상(영업중),37.5663787800679,126.920498820082,3
연 스테이,외국인관광도시민박업,"서울특별시 중구 왕십리로39길 7, 한성빌딩 502호 (신당동)",서울 중구 신당동 484,CDFI2262212026000021,2026-03-05,영업/정상(영업중),37.5646651391406,127.025885369836,2
오투하우스,외국인관광도시민박업,"서울특별시 강서구 양천로14길 7-5, 101호 (방화동)",서울 강서구 방화동 562-11,CDFI2262212026000015,2026-02-25,영업/정상(영업중),37.5726991328686,126.810528984274,2
Atelier7419,외국인관광도시민박업,"서울특별시 송파구 송이로20길 4-4, 201호 (가락동)",서울 송파구 가락동 74-19,CDFI2262212026000021,2026-03-05,영업/정상(영업중),37.4965010568269,127.120879112304,2
온 스테이,외국인관광도시민박업,"서울특별시 송파구 송이로20길 4-4, 202호 (가락동)",서울 송파구 가락동 74-19,CDFI2262212026000011,2026-01-27,영업/정상(영업중),37.4965010568269,127.120879112304,2
사가정 모던하우스,외국인관광도시민박업,"서울특별시 중랑구 사가정로52길 37, 102동 8층 802호 (면목동, ES팰리스)",서울 중랑구 면목동 633-3,CDFI2262212026000008,2026-02-25,영업/정상(영업중),37.5792633606926,127.086430724581,16
희 스테이,외국인관광도시민박업,"서울특별시 강동구 양재대로115길 62, 2층 201호 (길동)",서울 강동구 길동 373-10,CDFI2262212026000014,2026-03-05,영업/정상(영업중),37.5397512360534,127.136919166423,2
온가 스테이,외국인관광도시민박업,"서울특별시 마포구 와우산로29나길 14-4, 201호 (서교동)",서울 마포구 서교동 335-33,CDFI2262212026000095,2026-02-25,영업/정상(영업중),37.5548125565002,126.92787410336,2
블랑누아 스테이,외국인관광도시민박업,"서울특별시 강남구 강남대로58길 34, 경덕빌딩 602호 (도곡동)",서울 강남구 도곡동 554-2,CDFI2262212026000071,2026-02-25,영업/정상(영업중),37.4897790385302,127.034828100132,2
현스테이,외국인관광도시민박업,"서울특별시 마포구 월드컵로7길 93-8, 2층 202호 (합정동)",서울 마포구 합정동 434-5,CDFI2262212026000055,2026-02-06,영업/정상(영업중),37.5516643166815,126.907262639028,3
코지하우스777,외국인관광도시민박업,"서울특별시 강남구 도곡로25길 32, 301호 (역삼동)",서울 강남구 역삼동 777-40,CDFI2262212026000053,2026-02-06,영업/정상(영업중),37.4947905706112,127.040890026378,8
남산그린스테이,외국인관광도시민박업,"서울특별시 용산구 두텁바위로 116, 2층 301호 (후암동)",서울 용산구 후암동 353-12,CDFI2262212026000023,2026-02-03,영업/정상(영업중),37.5492524417663,126.98206927873,3
"지금, 여기",외국인관광도시민박업,"서울특별시 광진구 아차산로49길 48, 201호 (구의동)",서울 광진구 구의동 252-61,CDFI2262212026000025,2026-02-10,영업/정상(영업중),37.5389958003942,127.084354567114,3
지우를 만나다,외국인관광도시민박업,"서울특별시 광진구 아차산로49길 48, B01호 (구의동)",서울 광진구 구의동 252-61,CDFI2262212026000024,2026-02-10,영업/정상(영업중),37.5389958003942,127.084354567114,3
해든 스테이,외국인관광도시민박업,"서울특별시 마포구 월드컵로5길 33-24, 1층 201호 (합정동)",서울 마포구 합정동 389-22,CDFI2262212026000057,2026-02-06,영업/정상(영업중),37.550593916971,126.910632803412,5
쿼카하우스,외국인관광도시민박업,"서울특별시 강남구 도곡로25길 32, 204호 (역삼동)",서울 강남구 역삼동 777-40,CDFI2262212026000054,2026-02-06,영업/정상(영업중),37.4947905706112,127.040890026378,8
오드리하우스,외국인관광도시민박업,"서울특별시 중랑구 사가정로52길 37, 102동 4층 404호 (면목동, ES팰리스)",서울 중랑구 면목동 633-3,CDFI2262212026000006,2026-02-10,영업/정상(영업중),37.5792633606926,127.086430724581,16
힐링하우스2,외국인관광도시민박업,"서울특별시 마포구 방울내로9길 34, 1층 101호 (망원동)",서울 마포구 망원동 471-4,CDFI2262212026000074,2026-02-13,영업/정상(영업중),37.5619274638303,126.903085685912,5
콜립 하루,외국인관광도시민박업,"서울특별시 마포구 와우산로30길 50, 지하1층 B02호 (창전동)",서울 마포구 창전동 6-258,CDFI2262212026000053,2026-02-05,영업/정상(영업중),37.5530370351107,126.929188469729,3
라니규방,외국인관광도시민박업,"서울특별시 마포구 동교로 183-6, 202호 (동교동)",서울 마포구 동교동 201-51,CDFI2262212026000073,2026-02-13,영업/정상(영업중),37.5572640621508,126.921625439434,2
STAY H,외국인관광도시민박업,"서울특별시 마포구 동교로27길 93-8, 지층 B01호 (연남동)",서울 마포구 연남동 493-10,CDFI2262212026000047,2026-02-04,영업/정상(영업중),37.5614484116049,126.919395098051,3
스테이민,외국인관광도시민박업,"서울특별시 마포구 월드컵로7길 93-8, 2층 203호 (합정동)",서울 마포구 합정동 434-5,CDFI2262212026000051,2026-02-04,영업/정상(영업중),37.5516643166815,126.907262639028,3
홍대PH365,외국인관광도시민박업,"서울특별시 마포구 잔다리로6길 34, 昌元빌딩 5층 (서교동)",서울 마포구 서교동 366-10,CDFI2262212026000050,2026-02-04,영업/정상(영업중),37.5522020102221,126.92098330401,2
버즈네스트,외국인관광도시민박업,[121869] 서울특별시 마포구 연남로3길 18 (연남동),서울 마포구 연남동 561-34,CDFI3261142012000017,2012-06-13,영업/정상(영업중),37.5612007867543,126.921488440154,2
풀하우스2,외국인관광도시민박업,"서울특별시 마포구 성산로4길 54-13, 3층 301호 (성산동, 스카이빌)",서울 마포구 성산동 81-2,CDFI2262212026000077,2026-02-19,영업/정상(영업중),37.5638110457349,126.910094777266,3
온기스테이,외국인관광도시민박업,"서울특별시 마포구 월드컵로11길 72, 5층 501호 (망원동)",서울 마포구 망원동 413-50,CDFI2262212026000076,2026-02-19,영업/정상(영업중),37.5538886806652,126.907123511773,4
네버랜드 파크,외국인관광도시민박업,"서울특별시 마포구 월드컵북로48길 33-5, 2층 (상암동)",서울 마포구 상암동 13-18,CDFI2262212026000075,2026-02-19,영업/정상(영업중),37.5774986141264,126.895247568146,3
홍대민스하우스,외국인관광도시민박업,"서울특별시 마포구 동교로25길 9, 202호 (동교동)",서울 마포구 동교동 201-11,CDFI2262212026000049,2026-02-04,영업/정상(영업중),37.5575417823091,126.921810871194,5
스마일스테이,외국인관광도시민박업,"[120110] 서울특별시 서대문구 연희로29길 21, 101, 102호호 (연희동, 파레스빌라)",서울 서대문구 연희동 132-57,CDFI3261142012000004,2012-05-29,영업/정상(영업중),37.574447464225,126.93427169118,2
리브 인 클로버,외국인관광도시민박업,"서울특별시 은평구 가좌로 293, 403호 (신사동)",서울 은평구 신사동 39-28,CDFI2262212026000007,2026-02-05,영업/정상(영업중),37.5942076155737,126.911664416938,6
오블루,외국인관광도시민박업,서울특별시 마포구 동교로27길 60-5 (연남동),서울 마포구 연남동 566-4,CDFI3261142012000010,2012-05-09,영업/정상(영업중),37.560654870899,126.921214888114,2
SH STAY,외국인관광도시민박업,"서울특별시 마포구 동교로27길 93-8, 1층 (연남동)",서울 마포구 연남동 493-10,CDFI2262212026000048,2026-02-04,영업/정상(영업중),37.5614484116049,126.919395098051,3
백배커스 인사이드(Backpackers INSIDE),외국인관광도시민박업,"[110522] 서울특별시 종로구 성균관로4길 5, 2층 (명륜2가)",서울 종로구 명륜2가 112,CDFI3261142012000001,2012-02-14,영업/정상(영업중),37.5846114734885,126.997761010807,2
서울 스위트,외국인관광도시민박업,"[130728] 서울특별시 동대문구 장안벚꽃로1길 7, 1008동 12층 1201호 (장안동, 힐스테이트아파트)",서울 동대문구 장안동 329-2,CDFI3261142012000002,2012-05-31,영업/정상(영업중),37.5763379008361,127.074572635161,3
스페이스 용강,외국인관광도시민박업,"서울특별시 마포구 대흥로6길 18-7, 302호 (용강동)",서울 마포구 용강동 149-19,CDFI2262212026000081,2026-02-19,영업/정상(영업중),37.5420310701627,126.939221977924,3
아네스 인,외국인관광도시민박업,[140861] 서울특별시 용산구 녹사평대로40다길 17 (이태원동),서울 용산구 이태원동 451-1,CDFI3261142012000001,2012-02-23,영업/정상(영업중),37.5352631163327,126.989082054449,3
코리아 센트럴 백팩커스(Korea central Backpackers),외국인관광도시민박업,"[110522] 서울특별시 종로구 창경궁로 243-3 (명륜2가, 지하)",서울 종로구 명륜2가 195-10,CDFI3261142012000005,2012-07-04,영업/정상(영업중),37.5835318286744,126.998827989412,2
에코하우스,외국인관광도시민박업,[100043] 서울특별시 중구 퇴계로22길 13 (남산동3가),서울 중구 남산동3가 20-9,CDFI3261142012000004,2012-04-16,영업/정상(영업중),37.5603129772188,126.986660973319,2
JJ게스트하우스,외국인관광도시민박업,[121816] 서울특별시 마포구 연희로1길 40-4 (동교동),서울 마포구 동교동 113-23,CDFI3261142012000026,2012-07-05,영업/정상(영업중),37.560540790214,126.925924697531,2
스테이담,외국인관광도시민박업,"서울특별시 강동구 구천면로12길 7, B101호 (천호동)",서울 강동구 천호동 463-45,CDFI2262212026000006,2026-02-03,영업/정상(영업중),37.5417718417032,127.121585590949,2
스테이 메종 누아,외국인관광도시민박업,서울특별시 서대문구 신촌로3나길 15-6 (창천동),서울 서대문구 창천동 159-1,CDFI2262212026000017,2026-02-03,영업/정상(영업중),37.5589516105096,126.930669700605,2
르 솔,외국인관광도시민박업,[121819] 서울특별시 마포구 월드컵북로4길 23-3 (동교동),서울 마포구 동교동 203-29,CDFI3261142012000020,2012-06-25,영업/정상(영업중),37.5574956813888,126.920774789157,3
선앤유1002,외국인관광도시민박업,"서울특별시 영등포구 양평로 95, 선앤유(Sun&You)빌딩 1002호 (양평동4가)",서울 영등포구 양평동4가 66-2,CDFI2262212026000009,2026-02-04,영업/정상(영업중),37.5363381585827,126.896544441458,3
홈스테이 마마하우스,외국인관광도시민박업,[100713] 서울특별시 중구 퇴계로 217 (충무로4가),서울 중구 충무로4가 120-3,CDFI3261142012000012,2012-07-09,영업/정상(영업중),37.5624227137843,126.995931151636,4
골든폰드 게스트하우스(GoldenPond GuestHouse),외국인관광도시민박업,[110524] 서울특별시 종로구 창경궁로 240-15 (명륜4가),서울 종로구 명륜4가 168-3,CDFI3261142012000003,2012-07-04,영업/정상(영업중),37.582297921315,126.999207841698,2
한강뷰(Han river View),외국인관광도시민박업,"[140791] 서울특별시 용산구 이촌로 1, 2401호 (한강로3가, GS한강에클라트)",서울 용산구 한강로3가 16-85,CDFI3261142012000003,2012-06-25,영업/정상(영업중),37.5313838478733,126.955345962773,2
홍대R스테이,외국인관광도시민박업,"서울특별시 서대문구 연희로2길 65, 라포레 801호 (창천동)",서울 서대문구 창천동 372,CDFI2262212026000019,2026-02-04,영업/정상(영업중),37.5588328214886,126.927899088867,5
선앤유1102,외국인관광도시민박업,"서울특별시 영등포구 양평로 95, 선앤유(Sun&You)빌딩 1102호 (양평동4가)",서울 영등포구 양평동4가 66-2,CDFI2262212026000010,2026-02-04,영업/정상(영업중),37.5363381585827,126.896544441458,3
스테이 서울바이브,외국인관광도시민박업,"서울특별시 마포구 월드컵로11길 72, 6층 601호 (망원동)",서울 마포구 망원동 413-50,CDFI2262212026000124,2026-03-05,영업/정상(영업중),37.5538886806652,126.907123511773,4
선앤유902,외국인관광도시민박업,"서울특별시 영등포구 양평로 95, 선앤유(Sun&You)빌딩 902호 (양평동4가)",서울 영등포구 양평동4가 66-2,CDFI2262212026000008,2026-02-04,영업/정상(영업중),37.5363381585827,126.896544441458,3
노바 망원,외국인관광도시민박업,"서울특별시 마포구 월드컵로29길 20-1, 함성주택 3층 301호 (망원동)",서울 마포구 망원동 476-8,CDFI2262212026000125,2026-03-05,영업/정상(영업중),37.5600788904597,126.904859465558,2
안나홈,외국인관광도시민박업,"서울특별시 강남구 언주로104길 25-1, 102호 (역삼동)",서울 강남구 역삼동 685-5,CDFI2262212026000045,2026-02-03,영업/정상(영업중),37.5078291689859,127.04227686157,3
스테이 구로,외국인관광도시민박업,"서울특별시 구로구 구로동로47길 10-8, 101호 (구로동)",서울 구로구 구로동 496-107,CDFI2262212026000013,2026-03-05,영업/정상(영업중),37.4983903438579,126.881849688153,2
스테이 안녕,외국인관광도시민박업,"서울특별시 영등포구 당산로35길 4-15, 지하1층 (당산동4가)",서울 영등포구 당산동4가 60,CDFI2262212026000014,2026-03-05,영업/정상(영업중),37.529402845851,126.89763603393,2
오구스테이 건대,외국인관광도시민박업,"서울특별시 광진구 뚝섬로51길 38-8, 102호 (자양동)",서울 광진구 자양동 623-41,CDFI2262212026000033,2026-03-05,영업/정상(영업중),37.533760119786,127.080830111818,4
러블리 하우스,외국인관광도시민박업,"[138908] 서울특별시 송파구 올림픽로 99, 127동 1101호 (잠실동, 잠실엘스아파트)",서울 송파구 잠실동 19,CDFI3261142012000004,2012-07-25,영업/정상(영업중),37.5151252476966,127.078130036923,6
RM Near Gangnam & Samsung Station,외국인관광도시민박업,"[138908] 서울특별시 송파구 올림픽로 99, 128동 1503호 (잠실동, 잠실엘스아파트)",서울 송파구 잠실동 19,CDFI3261142012000002,2012-07-25,영업/정상(영업중),37.5151252476966,127.078130036923,6
나무,외국인관광도시민박업,"[121869] 서울특별시 마포구 연남로5길 24, 1동 101호 (연남동)",서울 마포구 연남동 504-42,CDFI3261142012000037,2012-08-06,영업/정상(영업중),37.5619501451329,126.920545064395,2
ICOS,외국인관광도시민박업,[121806] 서울특별시 마포구 고산3길 15 (노고산동),서울 마포구 노고산동 33-5,CDFI3261142012000029,2012-07-24,영업/정상(영업중),37.5545647527721,126.938662689835,2
Fortune,외국인관광도시민박업,"[121895] 서울특별시 마포구 어울마당로 49, 5,6층 (서교동)",서울 마포구 서교동 403-14,CDFI3261142013000014,2013-04-26,영업/정상(영업중),37.5495744865944,126.920665482944,2
크로스로드 백팩커스,외국인관광도시민박업,"[121836] 서울특별시 마포구 와우산로29다길 11-1, 1~2층 (서교동)",서울 마포구 서교동 335-32,CDFI3261142013000013,2013-04-26,영업/정상(영업중),37.5549252082881,126.9279184716,2
보나,외국인관광도시민박업,"[150837] 서울특별시 영등포구 영등포로 351, 105동 102호 (신길동, 경남아파트)",서울 영등포구 신길동 67-1,CDFI3261142013000005,2013-05-07,영업/정상(영업중),37.5153110458501,126.918031063934,2
홍대 서교 스테이,외국인관광도시민박업,"서울특별시 마포구 와우산로29다길 10-3, 202호 (서교동)",서울 마포구 서교동 334-27,CDFI2262212026000117,2026-03-03,영업/정상(영업중),37.5550475435401,126.927444160026,2
스튜디오 41번가,외국인관광도시민박업,"[121869] 서울특별시 마포구 성미산로22길 32, 2~3층 (연남동)",서울 마포구 연남동 561-41,CDFI3261142012000032,2012-07-31,영업/정상(영업중),37.5615183220117,126.921524664901,2
PINE TREE 홈스테이,외국인관광도시민박업,"[137930] 서울특별시 서초구 신반포로 270, 101동 1303호 (반포동, 반포자이아파트)",서울 서초구 반포동 20-43,CDFI3261142013000002,2013-04-02,영업/정상(영업중),37.5078602234885,127.011582043737,2
이든하우스,외국인관광도시민박업,"서울특별시 마포구 동교로30길 12, 2층 (동교동)",서울 마포구 동교동 150-8,CDFI2262212026000116,2026-03-03,영업/정상(영업중),37.5603163350035,126.924758026747,2
Dream House,외국인관광도시민박업,"[121842] 서울특별시 마포구 잔다리로 78, 4층 (서교동)",서울 마포구 서교동 465-11,CDFI3261142013000015,2013-04-29,영업/정상(영업중),37.5545222777459,126.916429418726,2
망고 게스트하우스,외국인관광도시민박업,[121895] 서울특별시 마포구 독막로9길 37-4 (서교동),서울 마포구 서교동 404-10,CDFI3261142013000012,2013-04-10,영업/정상(영업중),37.5500810991008,126.920369811097,3
지또스테이,외국인관광도시민박업,"서울특별시 마포구 신촌로8길 14, 202호 (동교동)",서울 마포구 동교동 181-1,CDFI2262212026000112,2026-02-27,영업/정상(영업중),37.5565257091189,126.930573146451,4
쯔요시노이에(tuyosinoie),외국인관광도시민박업,"[140899] 서울특별시 용산구 후암로30길 17, 401호 (후암동, 60-12 노바펠리스)",서울 용산구 후암동 60-12,CDFI3261142013000004,2013-05-15,영업/정상(영업중),37.5505404917605,126.978215330502,3
정원스테이 1,외국인관광도시민박업,"서울특별시 마포구 와우산로29다길 10-3, 201호 (서교동)",서울 마포구 서교동 334-27,CDFI2262212026000115,2026-03-03,영업/정상(영업중),37.5550475435401,126.927444160026,2
한강 홈스테이,외국인관광도시민박업,"[138908] 서울특별시 송파구 올림픽로 99, 103동 702호 (잠실동,잠실엘스아파트)",서울 송파구 잠실동 19,CDFI3261142013000015,2013-05-15,영업/정상(영업중),37.5151252476966,127.078130036923,6
스테이 노을,외국인관광도시민박업,"서울특별시 마포구 대흥로6길 18-7, 202호 (용강동)",서울 마포구 용강동 149-19,CDFI2262212026000110,2026-02-27,영업/정상(영업중),37.5420310701627,126.939221977924,3
Tina`s Homestay,외국인관광도시민박업,"[138840] 서울특별시 송파구 삼학사로19길 7, 5층 (삼전동, 동화빌딩)",서울 송파구 삼전동 128-1,CDFI3261142012000009,2012-08-27,영업/정상(영업중),37.505733470961,127.096285068926,2
시온게스트하우스,외국인관광도시민박업,[140893] 서울특별시 용산구 한남대로27가길 26-10 (한남동),서울 용산구 한남동 729-10,CDFI3261142012000006,2012-10-22,영업/정상(영업중),37.5379697385529,127.00297791429,2
국제게스트하우스,외국인관광도시민박업,[100873] 서울특별시 중구 퇴계로4길 52-20 (회현동1가),서울 중구 회현동1가 82-14,CDFI3261142012000013,2012-08-14,영업/정상(영업중),37.5576616084046,126.980751245171,2
Itaewon backpackers,외국인관광도시민박업,[140891] 서울특별시 용산구 이태원로36길 19-8 (한남동),서울 용산구 한남동 686-11,CDFI3261142012000005,2012-08-27,영업/정상(영업중),37.5340206903586,126.999932002275,2
패밀리하우스텔,외국인관광도시민박업,"[121898] 서울특별시 마포구 월드컵북로4길 90, 1~2층 (동교동)",서울 마포구 동교동 198-29,CDFI3261142012000041,2012-08-29,영업/정상(영업중),37.5595874506743,126.923391210662,6
컴온 게스트하우스,외국인관광도시민박업,[100272] 서울특별시 중구 필동로 24-3 (필동2가),서울 중구 필동2가 91,CDFI3261142012000019,2012-10-24,영업/정상(영업중),37.5594234761054,126.995945462156,2
리리맘하우스,외국인관광도시민박업,"[138908] 서울특별시 송파구 올림픽로 99, 157동 303호 (잠실동, 잠실엘스)",서울 송파구 잠실동 19,CDFI3261142012000010,2012-08-27,영업/정상(영업중),37.5151252476966,127.078130036923,6
Dustin Guest House,외국인관광도시민박업,[121837] 서울특별시 마포구 어울마당로 122-1 (서교동),서울 마포구 서교동 346-42,CDFI3261142012000046,2012-10-18,영업/정상(영업중),37.5554374460952,126.923930316307,2
아름다운 나라,외국인관광도시민박업,"[138767] 서울특별시 송파구 중대로 24, 223동 301호 (문정동, 올림픽훼밀리타운아파트)",서울 송파구 문정동 150,CDFI3261142012000007,2012-08-27,영업/정상(영업중),37.4881292540693,127.111066039437,3
OMG guesthouse,외국인관광도시민박업,[121816] 서울특별시 마포구 동교로 212-26 (동교동),서울 마포구 동교동 153-17,CDFI3261142012000042,2012-09-04,영업/정상(영업중),37.5593416401957,126.924481265072,4
두리월드하우스,외국인관광도시민박업,"서울특별시 마포구 월드컵북로6길 31-7, 지1~2층 (연남동)",서울 마포구 연남동 570-32,CDFI3261142012000047,2012-10-18,영업/정상(영업중),37.5588509865375,126.92001075761,3
마루지 게스트하우스,외국인관광도시민박업,"서울특별시 마포구 연남로5길 30-4, 지하, 2층 (연남동)",서울 마포구 연남동 504-16,CDFI3261142012000053,2012-12-10,영업/정상(영업중),37.561734885605,126.920260751333,2
지일이네,외국인관광도시민박업,"[138767] 서울특별시 송파구 중대로 24, 107동 701호 (문정동, 올림픽훼밀리타운아파트)",서울 송파구 문정동 150,CDFI3261142012000008,2012-08-27,영업/정상(영업중),37.4881292540693,127.111066039437,3
B my guesthouse,외국인관광도시민박업,[100876] 서울특별시 중구 소공로6가길 2 (회현동2가),서울 중구 회현동2가 32-5,CDFI3261142012000017,2012-09-21,영업/정상(영업중),37.5584656791715,126.983899874492,2
Groove City guest house,외국인관광도시민박업,"[138041] 서울특별시 송파구 풍성로25나길 16-1, 101동 301호 (풍납동, 금강캐스빌아파트)",서울 송파구 풍납동 513,CDFI3261142012000012,2012-09-26,영업/정상(영업중),37.535698985326,127.118959514871,2
Seoulwise Guesthouse,외국인관광도시민박업,[121898] 서울특별시 마포구 월드컵북로6길 82-7 (동교동),서울 마포구 동교동 197-29,CDFI3261142012000050,2012-11-08,영업/정상(영업중),37.559816826392,126.922810136357,2
엔포시즌,외국인관광도시민박업,"[100873] 서울특별시 중구 퇴계로8길 54, 2층 202호 (회현동1가)",서울 중구 회현동1가 100-49,CDFI3261142012000016,2012-09-11,영업/정상(영업중),37.5570432439711,126.979618175241,2
안 게스트하우스 (An Guesthouse),외국인관광도시민박업,"서울특별시 강남구 압구정로34길 33, 22동 102호 (신사동, 현대맨션)",서울 강남구 신사동 607-9,CDFI3261142012000009,2012-09-06,영업/정상(영업중),37.5260687326346,127.030903098819,4
소담게스트하우스,외국인관광도시민박업,"[121807] 서울특별시 마포구 서강로20길 11, 302호 (노고산동)",서울 마포구 노고산동 107-29,CDFI3261142012000043,2012-09-05,영업/정상(영업중),37.5539362644759,126.936536607616,4
지 하우스(G. HOUSE),외국인관광도시민박업,[110816] 서울특별시 종로구 백석동길 187 (부암동),서울 종로구 부암동 95-44,CDFI3261142012000010,2012-10-05,영업/정상(영업중),37.5964790936558,126.967713849091,2
Soony Homestay(수니홈스테이),외국인관광도시민박업,"[156031] 서울특별시 동작구 상도로53길 8, 316동 404호 (상도동,래미안상도3차아파트)",서울 동작구 상도동 431,CDFI3261142013000001,2013-01-14,영업/정상(영업중),37.5008627565642,126.954053195079,2
나루홈스테이,외국인관광도시민박업,"[138930] 서울특별시 송파구 올림픽로 435, 205동 2102호 (신천동, 파크리오)",서울 송파구 신천동 17,CDFI3261142013000003,2013-01-18,영업/정상(영업중),37.5213592954462,127.104971745978,4
KPOPSTAY II,외국인관광도시민박업,"[121880] 서울특별시 마포구 와우산로26길 11, 2층 (창전동)",서울 마포구 창전동 6-153,CDFI3261142013000005,2013-01-14,영업/정상(영업중),37.5527081692726,126.92653134188,5
KPOPSTAY,외국인관광도시민박업,"[121880] 서울특별시 마포구 와우산로26길 11, 1층 (창전동)",서울 마포구 창전동 6-153,CDFI3261142013000004,2013-01-14,영업/정상(영업중),37.5527081692726,126.92653134188,5
아이하우스,외국인관광도시민박업,"[100876] 서울특별시 중구 소공로6가길 22, 3층 401호 (회현동2가)",서울 중구 회현동2가 48-30,CDFI3261142013000004,2013-01-23,영업/정상(영업중),37.5576357935906,126.984069252167,2
Helen's place,외국인관광도시민박업,"[120766] 서울특별시 서대문구 거북골로 154, 102동 1508호 (북가좌동)",서울 서대문구 북가좌동 449,CDFI3261142012000008,2012-12-27,영업/정상(영업중),37.5765626078203,126.913783524957,2
게스트하우스강남(guesthousegangnam),외국인관광도시민박업,"서울특별시 강남구 압구정로34길 33, 22동 202호 (신사동, 현대맨션)",서울 강남구 신사동 607-9,CDFI3261142012000016,2012-12-31,영업/정상(영업중),37.5260687326346,127.030903098819,4
수토메(SUTOME),외국인관광도시민박업,[121826] 서울특별시 마포구 월드컵로 165-6 (망원동),서울 마포구 망원동 472-20,CDFI3261142012000055,2012-12-28,영업/정상(영업중),37.562278246514,126.903887590417,2
로이하우스(roi house),외국인관광도시민박업,[121865] 서울특별시 마포구 동교로41길 14 (연남동),서울 마포구 연남동 229-45,CDFI3261142012000054,2012-12-28,영업/정상(영업중),37.5630845291382,126.924011731324,2
kelly homestay,외국인관광도시민박업,"[150989] 서울특별시 영등포구 영중로 145, 103동 402호 (영등포동8가, 삼환아파트)",서울 영등포구 영등포동8가 76-1,CDFI3261142013000002,2013-01-02,영업/정상(영업중),37.5299598453919,126.905079994793,3
오케이빌,외국인관광도시민박업,"[100340] 서울특별시 중구 을지로 157, 1258호 (산림동, 대림아파트)",서울 중구 산림동 207-2,CDFI3261142013000002,2013-01-10,영업/정상(영업중),37.5671458986322,126.995451191045,5
에스닉 하우스 청담,외국인관광도시민박업,"서울특별시 강남구 도산대로66길 21, 102호 (청담동)",서울 강남구 청담동 18-27,CDFI2262212026000076,2026-02-27,영업/정상(영업중),37.5222201647452,127.044288956833,2
Issue Seoul,외국인관광도시민박업,"[121839] 서울특별시 마포구 동교로 110, 1~2층 (서교동)",서울 마포구 서교동 481-9,CDFI3261142013000001,2013-01-07,영업/정상(영업중),37.5545218832128,126.914245653657,2
민트스타 하우스 청담,외국인관광도시민박업,"서울특별시 강남구 도산대로66길 21, 301호 (청담동)",서울 강남구 청담동 18-27,CDFI2262212026000075,2026-02-27,영업/정상(영업중),37.5222201647452,127.044288956833,2
안안스테이,외국인관광도시민박업,"서울특별시 강동구 고덕로14가길 10, 3층 302호 (암사동)",서울 강동구 암사동 459-31,CDFI2262212026000013,2026-02-27,영업/정상(영업중),37.5542561522192,127.132241839892,2
AP Seoul,외국인관광도시민박업,"[121869] 서울특별시 마포구 동교로25길 54-8, 301호 (연남동)",서울 마포구 연남동 568-47,CDFI3261142013000030,2013-08-29,영업/정상(영업중),37.5593060203147,126.920589635326,2
ryan민박,외국인관광도시민박업,"[140773] 서울특별시 용산구 이촌로 100-8, 101동 1002호 (이촌동, 동아그린아파트)",서울 용산구 이촌동 411,CDFI3261142013000007,2013-08-22,영업/정상(영업중),37.5244879118315,126.957968161392,2
제이가든,외국인관광도시민박업,서울특별시 중구 퇴계로20길 25-30 (남산동2가),서울 중구 남산동2가 18-12,CDFI3261142013000016,2013-08-30,영업/정상(영업중),37.5590716617657,126.986556051467,2
24 게스트하우스 강남,외국인관광도시민박업,[135513] 서울특별시 강남구 테헤란로43길 19 (역삼동),서울 강남구 역삼동 700-31,CDFI3261142013000008,2013-08-14,영업/정상(영업중),37.5046061090683,127.043719287128,4
제로미네,외국인관광도시민박업,"[140863] 서울특별시 용산구 이태원로23길 21 (이태원동, 1~2층)",서울 용산구 이태원동 116-10,CDFI3261142013000008,2013-09-05,영업/정상(영업중),37.53536744328,126.992419079086,3
크리에이트립 하우스,외국인관광도시민박업,"[120834] 서울특별시 서대문구 연세로5나길 8, 6층 (창천동)",서울 서대문구 창천동 57-23,CDFI3261142013000006,2013-10-11,영업/정상(영업중),37.5571103610272,126.935818983914,2
웰컴게스트하우스,외국인관광도시민박업,"[100876] 서울특별시 중구 소공로6나길 1, 1층 (회현동2가)",서울 중구 회현동2가 42-1,CDFI3261142013000019,2013-10-25,영업/정상(영업중),37.5582087075912,126.983847302229,5
우와 게스트하우스,외국인관광도시민박업,"서울특별시 마포구 월드컵북로6길 96, 1-2층 (동교동)",서울 마포구 동교동 197-16,CDFI3261142013000034,2013-10-22,영업/정상(영업중),37.5602868712288,126.923078342309,2
한강,외국인관광도시민박업,"[135955] 서울특별시 강남구 도산대로89길 49, 102동 18층 1805호 (청담동, 건영아파트)",서울 강남구 청담동 108,CDFI3261142013000009,2013-08-30,영업/정상(영업중),37.5275736339667,127.052262895257,3
선시티 게스트하우스,외국인관광도시민박업,"[135811] 서울특별시 강남구 강남대로146길 7-12, 6층 (논현동, 제이 빌)",서울 강남구 논현동 16-5,CDFI3261142013000010,2013-10-29,영업/정상(영업중),37.5156230000533,127.020824025456,2
명동 맘하우스,외국인관광도시민박업,"[100043] 서울특별시 중구 퇴계로22길 11, 6층 (남산동3가)",서울 중구 남산동3가 13-21,CDFI3261142014000024,2014-10-01,영업/정상(영업중),37.5604666868875,126.986657437307,2
리리하우스(LI LI HOUSE),외국인관광도시민박업,[110460] 서울특별시 종로구 율곡로13가길 18-4 (연건동),서울 종로구 연건동 271-13,CDFI3261142013000011,2013-12-02,영업/정상(영업중),37.5765443565544,127.000136072747,2
애플트리(Apple tree),외국인관광도시민박업,"서울특별시 마포구 월드컵로20길 41-5, 1~2층 (성산동)",서울 마포구 성산동 645-8,CDFI3261142014000061,2014-10-15,영업/정상(영업중),37.5581774288803,126.911224606299,2
레이크 게스트하우스,외국인관광도시민박업,[138842] 서울특별시 송파구 삼학사로14길 24-1 (석촌동),서울 송파구 석촌동 16-7,CDFI3261142014000008,2014-10-16,영업/정상(영업중),37.5034078190252,127.099839815884,2
하이킴스 게스트하우스,외국인관광도시민박업,[121819] 서울특별시 마포구 월드컵북로4길 23-3 (동교동),서울 마포구 동교동 203-29,CDFI3261142014000059,2014-10-08,영업/정상(영업중),37.5574956813888,126.920774789157,3
친친스테이(Chinchin Stay),외국인관광도시민박업,[143858] 서울특별시 광진구 자양번영로5길 37-1 (자양동),서울 광진구 자양동 464-1,CDFI3261142014000002,2014-02-17,영업/정상(영업중),37.5328173412897,127.073331703732,4
UN게스트하우스,외국인관광도시민박업,"[140884] 서울특별시 용산구 독서당로 108, 2층 A호 (한남동, 유엔맨숀)",서울 용산구 한남동 1-35,CDFI3261142014000004,2014-02-19,영업/정상(영업중),37.5358635592621,127.011691257519,2
펌킨 게스트하우스,외국인관광도시민박업,"[121838] 서울특별시 마포구 홍익로 3-13, 2층 (서교동)",서울 마포구 서교동 358-93,CDFI3261142014000013,2014-02-11,영업/정상(영업중),37.5527569263075,126.923293181831,2
카사 자밀라(Casa Jamila),외국인관광도시민박업,[110044] 서울특별시 종로구 사직로9길 6 (필운동),서울 종로구 필운동 137-3,CDFI3261142014000004,2014-03-05,영업/정상(영업중),37.5765117572531,126.968781280591,2
수게스트하우스,외국인관광도시민박업,[100042] 서울특별시 중구 퇴계로20길 25-28 (남산동2가),서울 중구 남산동2가 18-11,CDFI3261142014000005,2014-02-20,영업/정상(영업중),37.5590065128711,126.986496417976,2
더힐,외국인관광도시민박업,[100250] 서울특별시 중구 퇴계로20나길 31 (예장동),서울 중구 예장동 8-80,CDFI3261142014000008,2014-03-12,영업/정상(영업중),37.5577692266895,126.985428704316,2
NJOY 게스트 하우스,외국인관광도시민박업,[140828] 서울특별시 용산구 만리재로40길 22 (서계동),서울 용산구 서계동 223-5,CDFI3261142014000018,2014-10-27,영업/정상(영업중),37.554472609089,126.968542403772,2
케이 스타로드(K Star road),외국인관광도시민박업,"[135957] 서울특별시 강남구 도산대로89길 49, 102동 1504호 (청담동, 건영아파트)",서울 강남구 청담동 108,CDFI3261142014000006,2014-03-12,영업/정상(영업중),37.5275736339667,127.052262895257,3
Bounce Guesthouse Hongdae,외국인관광도시민박업,"[121868] 서울특별시 마포구 동교로27길 93-9, 3층 (연남동)",서울 마포구 연남동 493-17,CDFI3261142014000015,2014-02-17,영업/정상(영업중),37.5612777375638,126.919358044995,6
Crib49게스트하우스,외국인관광도시민박업,[100042] 서울특별시 중구 퇴계로20나길 49 (남산동2가),서울 중구 남산동2가 49-28,CDFI3261142014000007,2014-03-12,영업/정상(영업중),37.5570929670334,126.985665147168,2
아이하우스 친친,외국인관광도시민박업,"[121867] 서울특별시 마포구 연남로7길 24-11, 2층 (연남동)",서울 마포구 연남동 370-14,CDFI3261142014000020,2014-03-13,영업/정상(영업중),37.5640863017628,126.918539283301,2
Smile Homestay,외국인관광도시민박업,"[139784] 서울특별시 노원구 섬밭로 265, 6동 15층 2호 (중계동, 경남아파트)",서울 노원구 중계동 505,CDFI3261142014000001,2014-03-24,영업/정상(영업중),37.6382878280766,127.062716147408,2
어반아트 게스트하우스,외국인관광도시민박업,"[150835] 서울특별시 영등포구 도림로 432, 2층 (문래동3가)",서울 영등포구 문래동3가 58-77,CDFI3261142014000003,2014-06-25,영업/정상(영업중),37.5143755803696,126.895185194049,2
한강 게스트하우스,외국인관광도시민박업,"[121050] 서울특별시 마포구 마포대로4길 120-39, 지하1층 (마포동)",서울 마포구 마포동 293-9,CDFI3261142014000022,2014-03-26,영업/정상(영업중),37.5360544134787,126.945383108649,6
88 Housetel,외국인관광도시민박업,"[121836] 서울특별시 마포구 와우산로29라길 22-3, 2층 (서교동)",서울 마포구 서교동 333-41,CDFI3261142014000019,2014-03-11,영업/정상(영업중),37.5548905521146,126.926509167923,2
팝앳이태원,외국인관광도시민박업,"[140863] 서울특별시 용산구 녹사평대로32길 9, 2층 (이태원동)",서울 용산구 이태원동 34-91,CDFI3261142014000006,2014-03-11,영업/정상(영업중),37.5336809883331,126.989405866805,3
로그인,외국인관광도시민박업,"[121869] 서울특별시 마포구 연남로3길 8-12, 3~4층 (연남동)",서울 마포구 연남동 515-18,CDFI3261142014000032,2014-06-15,영업/정상(영업중),37.5618660382556,126.921693056102,4
Warm House,외국인관광도시민박업,"[151770] 서울특별시 관악구 성현로 80, 117동 1302호 (봉천동, 관악드림타운)",서울 관악구 봉천동 1712,CDFI3261142014000006,2014-07-04,영업/정상(영업중),37.4898474387668,126.952985510916,6
레이지폭스,외국인관광도시민박업,"[121839] 서울특별시 마포구 양화로7길 66, 3층 (서교동)",서울 마포구 서교동 483-16,CDFI3261142015000001,2015-01-06,영업/정상(영업중),37.5535932208395,126.913992197252,4
보듬,외국인관광도시민박업,[100052] 서울특별시 중구 소공로4길 17-5 (회현동2가),서울 중구 회현동2가 48-11,CDFI3261142014000019,2014-07-02,영업/정상(영업중),37.5575735007745,126.983819937438,2
와우힐즈 게스트하우스,외국인관광도시민박업,[121880] 서울특별시 마포구 와우산로24길 35 (창전동),서울 마포구 창전동 6-86,CDFI3261142013000010,2013-03-22,영업/정상(영업중),37.5521737805805,126.926665291975,2
미스터콤마 게스트하우스,외국인관광도시민박업,"[121869] 서울특별시 마포구 연남로1길 67-5, 1~2층 (연남동)",서울 마포구 연남동 570-22,CDFI3261142013000008,2013-02-28,영업/정상(영업중),37.5589927331005,126.920039919363,2
잠실웰컴하우스,외국인관광도시민박업,[138875] 서울특별시 송파구 한가람로10길 7-5 (풍납동),서울 송파구 풍납동 291-14,CDFI3261142015000002,2015-01-08,영업/정상(영업중),37.5344767221685,127.112488815463,2
인 게스트하우스,외국인관광도시민박업,"[121848] 서울특별시 마포구 성미산로1길 68, 2층 (성산동)",서울 마포구 성산동 261-40,CDFI3261142013000011,2013-03-27,영업/정상(영업중),37.5608006047308,126.906685861812,2
문 게스트하우스,외국인관광도시민박업,"[121816] 서울특별시 마포구 동교로30길 9, 3층 (동교동)",서울 마포구 동교동 149-4,CDFI3261142014000003,2014-01-08,영업/정상(영업중),37.560513878337,126.924828453037,3
코지 홈스테이,외국인관광도시민박업,"[138930] 서울특별시 송파구 올림픽로 435, 314동 1103호 (신천동, 파크리오)",서울 송파구 신천동 17,CDFI3261142013000012,2013-04-01,영업/정상(영업중),37.5213592954462,127.104971745978,4
빅 존스 플레이스,외국인관광도시민박업,[135907] 서울특별시 강남구 강남대로110길 31-1 (역삼동),서울 강남구 역삼동 615-11,CDFI3261142014000001,2014-01-10,영업/정상(영업중),37.5040868352379,127.027319756974,2
어반우드,외국인관광도시민박업,"[121836] 서울특별시 마포구 와우산로29마길 5, 3층 (서교동)",서울 마포구 서교동 333-30,CDFI3261142014000005,2014-01-09,영업/정상(영업중),37.5557344007179,126.92690331569,2
삼청동 코리아 게스트하우스,외국인관광도시민박업,"[110210] 서울특별시 종로구 삼청로4길 12-1, 4층 (화동)",서울 종로구 화동 35,CDFI3261142014000001,2014-01-20,영업/정상(영업중),37.5821354585638,126.982030261463,2
My Holiday Seongsu,외국인관광도시민박업,"서울특별시 광진구 동일로10다길 13-5, 203호 (자양동, 엘케이플레이스8차)",서울 광진구 자양동 842-32,CDFI2262212026000023,2026-02-06,영업/정상(영업중),37.5380458501784,127.064528213994,3
엠마의 집,외국인관광도시민박업,[122842] 서울특별시 은평구 연서로24길 7 (대조동),서울 은평구 대조동 200-18,CDFI3261142014000001,2014-01-15,영업/정상(영업중),37.6162032944161,126.919730758592,2
베스틴빌라,외국인관광도시민박업,"[100042] 서울특별시 중구 퇴계로20나길 36, 1층 1호 (남산동2가)",서울 중구 남산동2가 49-3,CDFI3261142014000002,2014-01-22,영업/정상(영업중),37.5576519677676,126.985114661829,3
CB 어반 스테이,외국인관광도시민박업,"서울특별시 광진구 동일로10다길 13-5, 202호 (자양동, 엘케이플레이스8차)",서울 광진구 자양동 842-32,CDFI2262212026000021,2026-02-06,영업/정상(영업중),37.5380458501784,127.064528213994,3
서울맨션,외국인관광도시민박업,"[121816] 서울특별시 마포구 양화로23길 4-21, 1층 (동교동)",서울 마포구 동교동 147-44,CDFI3261142014000009,2014-01-16,영업/정상(영업중),37.5594841751017,126.926042544761,4
포레스트 101,외국인관광도시민박업,"서울특별시 성동구 왕십리로8길 19-5, 101호 (성수동1가)",서울 성동구 성수동1가 656-986,CDFI2262212026000011,2026-02-06,영업/정상(영업중),37.5463172658695,127.046820330198,4
Peace On House,외국인관광도시민박업,"[156060] 서울특별시 동작구 노량진로28길 16, 101호 (본동)",서울 동작구 본동 48-6,CDFI3261142014000001,2014-01-15,영업/정상(영업중),37.5121401315602,126.955082012137,2
소소담,외국인관광도시민박업,"서울특별시 광진구 동일로10다길 13-5, 402호 (자양동, 엘케이플레이스8차)",서울 광진구 자양동 842-32,CDFI2262212026000022,2026-02-06,영업/정상(영업중),37.5380458501784,127.064528213994,3
블루 포레스트하우스,외국인관광도시민박업,"서울특별시 마포구 와우산로38길 19, 102호 (동교동)",서울 마포구 동교동 187-6,CDFI2262212025000101,2025-02-14,영업/정상(영업중),37.5553331294681,126.931776265034,3
이안 뱃 스테이,외국인관광도시민박업,"서울특별시 마포구 신촌로8길 19-1, J1호 (동교동)",서울 마포구 동교동 182-30,CDFI2262212022000017,2022-03-28,영업/정상(영업중),37.5562022305688,126.930691600716,2
드림 스테이,외국인관광도시민박업,"서울특별시 관악구 봉천로55길 11, 101호 (봉천동)",서울 관악구 봉천동 1667-61,CDFI2262212026000036,2026-02-06,영업/정상(영업중),37.481586868152,126.955687212376,2
Gate 303,외국인관광도시민박업,"서울특별시 강서구 남부순환로3길 13-10, 303호 (공항동, CL HOUSE)",서울 강서구 공항동 66-13,CDFI2262212025000031,2025-06-26,영업/정상(영업중),37.5593042601825,126.809097126284,11
SISNBRO,외국인관광도시민박업,[121869] 서울특별시 마포구 연남로1길 6-7 (연남동),서울 마포구 연남동 566-62,CDFI3261142013000027,2013-07-30,영업/정상(영업중),37.5611188247683,126.922349274585,2
INTO DREAM HOUSE,외국인관광도시민박업,"[130856] 서울특별시 동대문구 사가정로 65, 108동 801층 (전농동, 레미안크레시티)",서울 동대문구 전농동 690,CDFI3261142013000003,2013-07-24,영업/정상(영업중),37.5755060418781,127.049695860484,2
아트하우스,외국인관광도시민박업,"[121869] 서울특별시 마포구 연남로1길 25, 3층 (연남동)",서울 마포구 연남동 567-44,CDFI3261142013000028,2013-07-31,영업/정상(영업중),37.5602623058471,126.921755625722,2
낸시게스트하우스,외국인관광도시민박업,"[100041] 서울특별시 중구 퇴계로14길 29, 503호 (남산동1가)",서울 중구 남산동1가 16-6,CDFI3261142014000018,2014-07-02,영업/정상(영업중),37.5591939658366,126.983978490389,5
타오타운,외국인관광도시민박업,"[100856] 서울특별시 중구 동호로 235-14, 2~3층 (장충동2가)",서울 중구 장충동2가 200-82,CDFI3261142013000014,2013-07-25,영업/정상(영업중),37.5576670230363,127.007023520633,2
24게스트하우스남산가든점,외국인관광도시민박업,[100042] 서울특별시 중구 퇴계로20나길 2-23 (남산동2가),서울 중구 남산동2가 37-1,CDFI3261142014000016,2014-06-11,영업/정상(영업중),37.5588621930277,126.985160824274,2
KW신사,외국인관광도시민박업,"[137030] 서울특별시 서초구 강남대로93길 31-5, 401호 (잠원동)",서울 서초구 잠원동 36-24,CDFI3261142014000005,2014-07-17,영업/정상(영업중),37.5126372551672,127.018655467955,2
예포게스트하우스,외국인관광도시민박업,"[120832] 서울특별시 서대문구 성산로7안길 8, 1,2층층 (연희동)",서울 서대문구 연희동 446-253,CDFI3261142014000005,2014-07-17,영업/정상(영업중),37.5675347812701,126.919602585382,2
OH House,외국인관광도시민박업,"[121869] 서울특별시 마포구 월드컵북로6길 87, 302호 (연남동)",서울 마포구 연남동 567-30,CDFI3261142014000039,2014-07-21,영업/정상(영업중),37.5602850137413,126.92257989664,2
예인하우스(Yein House),외국인관광도시민박업,[110032] 서울특별시 종로구 자하문로 97-13 (신교동),서울 종로구 신교동 75-1,CDFI3261142014000013,2014-07-23,영업/정상(영업중),37.584379309359,126.969759135115,2
잠자는딸기,외국인관광도시민박업,"[121899] 서울특별시 마포구 와우산로38길 24, 1층 (동교동)",서울 마포구 동교동 188-16,CDFI3261142014000040,2014-07-21,영업/정상(영업중),37.5550488240104,126.931861743288,2
공간발전소,외국인관광도시민박업,"[121895] 서울특별시 마포구 독막로9길 43, 4~5층 (서교동)",서울 마포구 서교동 404-8,CDFI3261142014000042,2014-07-23,영업/정상(영업중),37.5501583256716,126.920519899336,2
이태원G 게스트하우스,외국인관광도시민박업,"[140858] 서울특별시 용산구 보광로60길 14-38, 3층 (이태원동)",서울 용산구 이태원동 131-11,CDFI3261142014000010,2014-04-11,영업/정상(영업중),37.533228242585,126.994960414977,2
앨리스 홈스테이,외국인관광도시민박업,"[151770] 서울특별시 관악구 성현로 80, 122동 801호 (봉천동, 관악드림타운아파트)",서울 관악구 봉천동 1712,CDFI3261142014000002,2014-04-17,영업/정상(영업중),37.4898474387668,126.952985510916,6
Noel's Guest House,외국인관광도시민박업,[140865] 서울특별시 용산구 이태원로26길 16-10 (이태원동),서울 용산구 이태원동 129-18,CDFI3261142014000011,2014-04-22,영업/정상(영업중),37.5332756349443,126.993162732758,2
레인보우게스트하우스,외국인관광도시민박업,[100273] 서울특별시 중구 필동로 86 (필동3가),서울 중구 필동3가 79-18,CDFI3261142014000012,2014-04-16,영업/정상(영업중),37.5540876072493,126.996515908276,2
원즈빌,외국인관광도시민박업,[100240] 서울특별시 중구 퇴계로 162-3 (주자동),서울 중구 주자동 42-2,CDFI3261142014000013,2014-04-22,영업/정상(영업중),37.5608843509327,126.98990465559,2
제이오너,외국인관광도시민박업,"[100052] 서울특별시 중구 소공로6나길 8, 3층 301호 (회현동2가)",서울 중구 회현동2가 42-10,CDFI3261142013000009,2013-07-09,영업/정상(영업중),37.5580447864609,126.983631395352,6
USB하우스,외국인관광도시민박업,[100855] 서울특별시 중구 동호로 290-9 (장충동2가),서울 중구 장충동2가 186-32,CDFI3261142014000011,2014-04-10,영업/정상(영업중),37.5605990244111,127.003505107058,2
24 Guesthouse 홍대,외국인관광도시민박업,[121869] 서울특별시 마포구 월드컵북로6길 19-6 (연남동),서울 마포구 연남동 570-35,CDFI3261142013000021,2013-06-27,영업/정상(영업중),37.5584971127543,126.919668319909,3
마마 게스트하우스1,외국인관광도시민박업,"[100250] 서울특별시 중구 소파로4길 34-1, 1층 (예장동)",서울 중구 예장동 8-44,CDFI3261142013000011,2013-07-22,영업/정상(영업중),37.5584912531586,126.98838352712,4
킴벌리 홈스테이,외국인관광도시민박업,"[138930] 서울특별시 송파구 올림픽로 435, 112동 3504호 (신천동, 파크리오)",서울 송파구 신천동 17,CDFI3261142013000017,2013-07-22,영업/정상(영업중),37.5213592954462,127.104971745978,4
Lodge 82,외국인관광도시민박업,[150837] 서울특별시 영등포구 영등포로79길 7-4 (신길동),서울 영등포구 신길동 65-101,CDFI3261142013000007,2013-05-21,영업/정상(영업중),37.5145313019033,126.921050636871,2
능마루게스트하우스,외국인관광도시민박업,[100042] 서울특별시 중구 퇴계로20나길 2-15 (남산동2가),서울 중구 남산동2가 39-5,CDFI3261142013000013,2013-07-25,영업/정상(영업중),37.5588061724479,126.985332413896,11
홍대게스트하우스 마마스앤파파스,외국인관광도시민박업,"[121895] 서울특별시 마포구 어울마당로 47, 5층 (서교동)",서울 마포구 서교동 403-16,CDFI3261142013000018,2013-06-12,영업/정상(영업중),37.5494642492429,126.92059815387,2
브릿지 백팩커스,외국인관광도시민박업,"[121818] 서울특별시 마포구 와우산로37길 4, 2층 (동교동)",서울 마포구 동교동 182-9,CDFI3261142013000017,2013-06-10,영업/정상(영업중),37.555936677478,126.930641936893,2
그랜드필드게스트하우스,외국인관광도시민박업,"[100041] 서울특별시 중구 퇴계로14길 29, 5층 602호 (남산동1가)",서울 중구 남산동1가 16-6,CDFI3261142013000008,2013-07-04,영업/정상(영업중),37.5591939658366,126.983978490389,5
가로수스테이,외국인관광도시민박업,"서울특별시 강남구 강남대로162길 41-22, 5층 (신사동, 오로라빌)",서울 강남구 신사동 524,CDFI3261142013000006,2013-07-04,영업/정상(영업중),37.522070626227,127.021066656001,2
모노 하우스 버젯,외국인관광도시민박업,"[121865] 서울특별시 마포구 동교로45길 3-6, 2층 (연남동)",서울 마포구 연남동 229-41,CDFI3261142014000074,2014-11-17,영업/정상(영업중),37.5629902621073,126.924397221117,3
명동 토마토 게스트하우스,외국인관광도시민박업,"[100042] 서울특별시 중구 퇴계로20가길 8-1, 1~2층 (남산동2가)",서울 중구 남산동2가 14-6,CDFI3261142014000028,2014-11-10,영업/정상(영업중),37.5595556388932,126.986222197953,2
다온하우스,외국인관광도시민박업,"[121816] 서울특별시 마포구 양화로23길 16-6, 1층 (동교동)",서울 마포구 동교동 147-67,CDFI3261142014000070,2014-11-07,영업/정상(영업중),37.5594039326794,126.925527092278,2
요트(Yacht),외국인관광도시민박업,[140863] 서울특별시 용산구 이태원로23길 23 (이태원동),서울 용산구 이태원동 116-9,CDFI3261142014000020,2014-12-16,영업/정상(영업중),37.5353784295038,126.992326413837,2
제이지 하우스(JG House),외국인관광도시민박업,"[135889] 서울특별시 강남구 도산대로15길 21, 202호 (신사동)",서울 강남구 신사동 542-8,CDFI3261142014000018,2014-11-07,영업/정상(영업중),37.5196630209373,127.023634352544,2
서울 타이완 게스트하우스,외국인관광도시민박업,[100873] 서울특별시 중구 퇴계로10길 20-18 (회현동1가),서울 중구 회현동1가 31-13,CDFI3261142014000025,2014-10-20,영업/정상(영업중),37.5586621,126.9805931,2
코지박스,외국인관광도시민박업,"[120808] 서울특별시 서대문구 이화여대7길 48 (대현동, 경국빌딩)",서울 서대문구 대현동 27-46,CDFI3261142014000008,2014-10-30,영업/정상(영업중),37.5585482203048,126.943118186444,2
플랜에이호스텔,외국인관광도시민박업,[100888] 서울특별시 중구 청구로 138 (신당동),서울 중구 신당동 236-293,CDFI3261142014000026,2014-10-22,영업/정상(영업중),37.5641118677106,127.010475407327,2
코지스테이,외국인관광도시민박업,"[100868] 서울특별시 중구 마장로9길 49-19, 4,5층 (황학동)",서울 중구 황학동 17,CDFI3261142014000029,2014-12-11,영업/정상(영업중),37.5701689256124,127.018392139147,2
무지개 게스트하우스,외국인관광도시민박업,"[100013] 서울특별시 중구 퇴계로31길 29 (충무로3가, 옥탑층)",서울 중구 충무로3가 57-3,CDFI3261142014000027,2014-10-22,영업/정상(영업중),37.5625117192277,126.992114580829,2
Hao Guesthouse,외국인관광도시민박업,[121836] 서울특별시 마포구 와우산로29마길 7-6 (서교동),서울 마포구 서교동 333-46,CDFI3261142014000078,2014-12-12,영업/정상(영업중),37.5554318856584,126.926822239565,2
해피트리 게스트하우스 2호점,외국인관광도시민박업,"[121836] 서울특별시 마포구 와우산로29다길 15, 202호 (서교동)",서울 마포구 서교동 335-23,CDFI3261142014000069,2014-11-06,영업/정상(영업중),37.5547888194553,126.927660117343,5
Kw 홍대 Line,외국인관광도시민박업,"[121865] 서울특별시 마포구 동교로 242-11, 201호 (연남동)",서울 마포구 연남동 260-9,CDFI3261142014000064,2014-10-23,영업/정상(영업중),37.5615079524592,126.924977307921,2
친구 게스트하우스,외국인관광도시민박업,"[121841] 서울특별시 마포구 동교로 153-6, 2층 (서교동)",서울 마포구 서교동 446-7,CDFI3261142014000014,2014-02-11,영업/정상(영업중),37.5558741144524,126.918986433128,4
홍대 레오 게스트하우스,외국인관광도시민박업,[121894] 서울특별시 마포구 양화로7안길 36-4 (서교동),서울 마포구 서교동 380-18,CDFI3261142014000007,2014-01-14,영업/정상(영업중),37.5531642023042,126.915414782915,2
서울펜슬,외국인관광도시민박업,[140133] 서울특별시 용산구 청파로47길 37-23 (청파동3가),서울 용산구 청파동3가 108-2,CDFI3261142014000007,2014-03-31,영업/정상(영업중),37.5441510531887,126.967921552817,2
Warm family,외국인관광도시민박업,"[138798] 서울특별시 송파구 올림픽로4길 42, 22동 106호 (잠실동)",서울 송파구 잠실동 101-1,CDFI3261142014000003,2014-03-28,영업/정상(영업중),37.5083255540399,127.072027874321,2
하이준게스트하우스 2,외국인관광도시민박업,"[121895] 서울특별시 마포구 와우산로17길 19-9, 4층 (서교동)",서울 마포구 서교동 409-19,CDFI3261142014000012,2014-02-06,영업/정상(영업중),37.5497882345776,126.921792717037,4
하우스(HA;US),외국인관광도시민박업,"[140824] 서울특별시 용산구 우사단로10길 68, 3층동 (보광동)",서울 용산구 보광동 265-949,CDFI3261142014000003,2014-02-07,영업/정상(영업중),37.5322417499659,126.999037645744,2
서초그린해피하우스,외국인관광도시민박업,"[137061] 서울특별시 서초구 효령로33길 50, 107동 302호 (방배동, 방배서리풀e-편한세상)",서울 서초구 방배동 906-13,CDFI3261142014000003,2014-04-08,영업/정상(영업중),37.4837245104701,126.997751587709,2
파크애비뉴,외국인관광도시민박업,"[121865] 서울특별시 마포구 성미산로26길 32-2, 2층 (연남동)",서울 마포구 연남동 257-12,CDFI3261142014000025,2014-04-04,영업/정상(영업중),37.5624748835308,126.922989733423,4
Cozy Lodge,외국인관광도시민박업,"[151770] 서울특별시 관악구 성현로 80, 107동 701호 (봉천동, 관악드림타운아파트)",서울 관악구 봉천동 1712,CDFI3261142014000001,2014-04-01,영업/정상(영업중),37.4898474387668,126.952985510916,6
김치다운타운 게스트하우스 1B,외국인관광도시민박업,"[120030] 서울특별시 서대문구 서소문로 43-45, 1층 B호 (합동)",서울 서대문구 합동 31-13,CDFI3261142014000003,2014-04-15,영업/정상(영업중),37.5607662471147,126.964992313298,5
우리서울 게스트하우스,외국인관광도시민박업,[121866] 서울특별시 마포구 연남로 51-5 (연남동),서울 마포구 연남동 369-3,CDFI3261142014000027,2014-04-17,영업/정상(영업중),37.5639454045074,126.920149057444,2
파크애비뉴2,외국인관광도시민박업,"[121865] 서울특별시 마포구 성미산로26길 32-2, 3,4층 (연남동)",서울 마포구 연남동 257-12,CDFI3261142014000028,2014-04-17,영업/정상(영업중),37.5624748835308,126.922989733423,4
조아요(zoayo),외국인관광도시민박업,"[100042] 서울특별시 중구 소공로6길 34, 4층 (남산동2가)",서울 중구 남산동2가 43-8,CDFI3261142014000020,2014-07-29,영업/정상(영업중),37.5584361809914,126.984997932613,2
패밀리 앤 프렌즈 하우스 2,외국인관광도시민박업,"[121869] 서울특별시 마포구 월드컵북로6길 81-7, 2~3층 (연남동)",서울 마포구 연남동 567-19,CDFI3261142014000043,2014-07-30,영업/정상(영업중),37.5602568040148,126.922155838098,2
Star Class Guest House,외국인관광도시민박업,"[136743] 서울특별시 성북구 화랑로 76, 101동 25층 2501호 (하월곡동)",서울 성북구 하월곡동 46-73,CDFI3261142014000004,2014-07-22,영업/정상(영업중),37.6017059749991,127.040579524379,2
루카스게스트하우스,외국인관광도시민박업,[100041] 서울특별시 중구 퇴계로14길 29 (남산동1가),서울 중구 남산동1가 16-6,CDFI3261142014000021,2014-07-31,영업/정상(영업중),37.5591939658366,126.983978490389,5
진 하우스,외국인관광도시민박업,"[138908] 서울특별시 송파구 올림픽로 99, 155동 1701호 (잠실동, 엘스아파트)",서울 송파구 잠실동 19,CDFI3261142014000005,2014-07-31,영업/정상(영업중),37.5151252476966,127.078130036923,6
에이블 게스트하우스(Able Guesthouse),외국인관광도시민박업,"[121836] 서울특별시 마포구 와우산로29마길 7-8, 2,3층 (서교동)",서울 마포구 서교동 333-37,CDFI3261142014000046,2014-08-12,영업/정상(영업중),37.5553561742005,126.926923037745,2
엣홈,외국인관광도시민박업,"[121818] 서울특별시 마포구 신촌로2안길 52, 4층 (동교동)",서울 마포구 동교동 177-11,CDFI3261142014000045,2014-07-30,영업/정상(영업중),37.5564740175407,126.929702879506,2
봄 하우스(Pom House),외국인관광도시민박업,"[110045] 서울특별시 종로구 자하문로5가길 37, 2층 (체부동)",서울 종로구 체부동 107,CDFI3261142014000024,2014-12-10,영업/정상(영업중),37.5787513922391,126.969952620766,2
유스 게스트하우스(You's Guesthouse),외국인관광도시민박업,"[135833] 서울특별시 강남구 봉은사로43길 21-1, 402호 (논현동, 청비빌라트)",서울 강남구 논현동 273-10,CDFI3261142014000020,2014-11-27,영업/정상(영업중),37.510533338208,127.039188005024,2
롬바드하우스,외국인관광도시민박업,"[121842] 서울특별시 마포구 동교로16길 17, 4층 (서교동)",서울 마포구 서교동 466-6,CDFI3261142014000077,2014-12-11,영업/정상(영업중),37.5542262595473,126.915864910422,2
소셜하우스(Social House),외국인관광도시민박업,"[140863] 서울특별시 용산구 이태원로26길 16-2, 2층 (이태원동)",서울 용산구 이태원동 129-4,CDFI3261142014000019,2014-12-10,영업/정상(영업중),37.5336952384934,126.993291448319,3
능마루게스트하우스Ⅱ,외국인관광도시민박업,"[100042] 서울특별시 중구 퇴계로20나길 9, 3층 (남산동2가)",서울 중구 남산동2가 27-2,CDFI3261142014000030,2014-12-19,영업/정상(영업중),37.5585680837567,126.985698025757,2
나누 게스트하우스,외국인관광도시민박업,"[121836] 서울특별시 마포구 와우산로 156, 5층 (서교동)",서울 마포구 서교동 325-26,CDFI3261142013000037,2013-11-07,영업/정상(영업중),37.554856243109,126.930406747349,2
A Little Nap,외국인관광도시민박업,"[121818] 서울특별시 마포구 신촌로2안길 47, 101호 (동교동)",서울 마포구 동교동 178-7,CDFI3261142014000079,2014-12-24,영업/정상(영업중),37.5567430739298,126.929582887291,6
스타리아호스텔,외국인관광도시민박업,"[100042] 서울특별시 중구 퇴계로20길 38, 3층 (남산동2가)",서울 중구 남산동2가 27-6,CDFI3261142013000021,2013-11-15,영업/정상(영업중),37.5584942545131,126.986138415335,3
워니즈 디자인 게스트하우스,외국인관광도시민박업,"[121869] 서울특별시 마포구 동교로27길 44-11, 1층,지층 (연남동)",서울 마포구 연남동 567-51,CDFI3261142014000001,2014-01-02,영업/정상(영업중),37.5602518232152,126.921980979255,2
부엉이 게스트하우스(OWL Guesthouse),외국인관광도시민박업,"[110863] 서울특별시 종로구 종로65길 20-6, 202호 (숭인동)",서울 종로구 숭인동 178-96,CDFI3261142014000023,2014-12-10,영업/정상(영업중),37.5753972027807,127.020149098677,2
청담 게스트하우스,외국인관광도시민박업,서울특별시 강남구 도산대로87길 16 (청담동),서울 강남구 청담동 123-42,CDFI3261142013000012,2013-12-06,영업/정상(영업중),37.5257095621919,127.050159216484,2
Happy tree guesthouse,외국인관광도시민박업,"[121836] 서울특별시 마포구 와우산로29다길 15, 201호 (서교동)",서울 마포구 서교동 335-23,CDFI3261142013000043,2013-12-18,영업/정상(영업중),37.5547888194553,126.927660117343,5
홍시게스트하우스,외국인관광도시민박업,"[121200] 서울특별시 마포구 양화로23길 4-5, 202호 (동교동)",서울 마포구 동교동 147-39,CDFI3261142014000056,2014-09-03,영업/정상(영업중),37.5589173117425,126.925681952191,2
Vin Guest House,외국인관광도시민박업,[121160] 서울특별시 마포구 와우산로11길 9-13 (상수동),서울 마포구 상수동 145-10,CDFI3261142014000057,2014-09-16,영업/정상(영업중),37.5483209875327,126.922519848335,2
루디아 공예 게스트하우스(Lydia craft Guesthouse),외국인관광도시민박업,[110044] 서울특별시 종로구 사직로9가길 25-6 (필운동),서울 종로구 필운동 130-8,CDFI3261142014000019,2014-09-15,영업/정상(영업중),37.5769359523428,126.96813288669,2
24게스트하우스 강남센터,외국인관광도시민박업,[135908] 서울특별시 강남구 봉은사로20길 52 (역삼동),서울 강남구 역삼동 626-29,CDFI3261142014000010,2014-04-29,영업/정상(영업중),37.5039094079839,127.03335865347,2
예하도예 게스트하우스(YEHADOYE guesthouse),외국인관광도시민박업,"[110300] 서울특별시 종로구 인사동12길 10, 4.5층 (관훈동)",서울 종로구 관훈동 55-1,CDFI3261142014000009,2014-05-28,영업/정상(영업중),37.5744189573171,126.98506921393,2
서울역리가 홈스테이,외국인관광도시민박업,"[100371] 서울특별시 중구 만리재로33길 21, 101동 402층 (만리동1가, lig 서울역리가)",서울 중구 만리동1가 231,CDFI3261142014000015,2014-05-27,영업/정상(영업중),37.5562729792512,126.966882959987,4
레드,외국인관광도시민박업,"서울특별시 중구 소공로6길 32, 2층 (남산동2가)",서울 중구 남산동2가 43-3,CDFI3261142014000014,2014-05-26,영업/정상(영업중),37.5584165130322,126.984792971473,5
이강게스트하우스,외국인관광도시민박업,"[121843] 서울특별시 마포구 월드컵북로11길 12, 4층 401호 (성산동)",서울 마포구 성산동 39-3,CDFI3261142014000047,2014-08-26,영업/정상(영업중),37.5602876255967,126.915357949819,2
모닥불게스트하우스,외국인관광도시민박업,"[121865] 서울특별시 마포구 동교로39길 4-7, 1층 (연남동)",서울 마포구 연남동 255-32,CDFI3261142014000030,2014-05-29,영업/정상(영업중),37.5624829187988,126.923708896125,2
sun flower,외국인관광도시민박업,"[139202] 서울특별시 노원구 상계로23길 60-3, 401호 (상계동, 우리아트빌)",서울 노원구 상계동 406-2,CDFI3261142014000002,2014-08-29,영업/정상(영업중),37.6604069117097,127.067069491139,2
봉 백팩커스(Bong Backpackers),외국인관광도시민박업,[110522] 서울특별시 종로구 창경궁로 243-3 (명륜2가),서울 종로구 명륜2가 195-10,CDFI3261142014000017,2014-08-29,영업/정상(영업중),37.5835318286744,126.998827989412,2
이노게스트하우스,외국인관광도시민박업,"[121210] 서울특별시 마포구 월드컵로8길 37-7, 1층 (서교동)",서울 마포구 서교동 483-25,CDFI3261142014000050,2014-08-26,영업/정상(영업중),37.553694330766,126.91426470921,2
토미시스템,외국인관광도시민박업,"[140832] 서울특별시 용산구 효창원로25다길 33-7, 201호 (용문동)",서울 용산구 용문동 38-245,CDFI3261142014000014,2014-08-25,영업/정상(영업중),37.5382046202419,126.95684471795,2
유니하우스,외국인관광도시민박업,"[151770] 서울특별시 관악구 성현로 80, 119동 1802호 (봉천동, 관악드림타운)",서울 관악구 봉천동 1712,CDFI3261142015000002,2015-01-30,영업/정상(영업중),37.4898474387668,126.952985510916,6
드림하우스3,외국인관광도시민박업,"[100806] 서울특별시 중구 퇴계로6길 22-1, 4층 (남창동)",서울 중구 남창동 190-14,CDFI3261142015000005,2015-01-30,영업/정상(영업중),37.5571810680218,126.97844280516,6
드림하우스1,외국인관광도시민박업,"[100806] 서울특별시 중구 퇴계로6길 22-1, 2층 (남창동)",서울 중구 남창동 190-14,CDFI3261142015000003,2015-01-30,영업/정상(영업중),37.5571810680218,126.97844280516,6
드림하우스2,외국인관광도시민박업,"[100806] 서울특별시 중구 퇴계로6길 22-1, 3층 (남창동)",서울 중구 남창동 190-14,CDFI3261142015000004,2015-01-30,영업/정상(영업중),37.5571810680218,126.97844280516,6
퍼스트하우스,외국인관광도시민박업,"[100713] 서울특별시 중구 퇴계로 217, 1동 1159호 (충무로4가)",서울 중구 충무로4가 120-3,CDFI3261142015000006,2015-02-03,영업/정상(영업중),37.5624227137843,126.995931151636,4
모노하우스,외국인관광도시민박업,[121841] 서울특별시 마포구 동교로 153-5 (서교동),서울 마포구 서교동 446-11,CDFI3261142015000010,2015-02-09,영업/정상(영업중),37.5558397731267,126.918835835814,2
정 story,외국인관광도시민박업,"[140869] 서울특별시 용산구 효창원로94나길 6-5, 2층 3호 (청파동1가)",서울 용산구 청파동1가 202-20,CDFI3261142015000012,2015-05-11,영업/정상(영업중),37.5487502494579,126.964317030594,2
런드리 피플,외국인관광도시민박업,"[121812] 서울특별시 마포구 새창로 24, 301호 (도화동)",서울 마포구 도화동 26-1,CDFI3261142015000033,2015-05-12,영업/정상(영업중),37.5418201618581,126.952636859592,2
무아게스트하우스(Mu:a Guest House),외국인관광도시민박업,"[135955] 서울특별시 강남구 도산대로85길 40, 1층 1호 (청담동, 영림주택)",서울 강남구 청담동 111-9,CDFI3261142015000007,2015-02-03,영업/정상(영업중),37.5271144652491,127.049802777807,3
Sunny's East house,외국인관광도시민박업,"[121867] 서울특별시 마포구 동교로38길 26-16, 2층 (연남동)",서울 마포구 연남동 390-53,CDFI3261142015000032,2015-05-06,영업/정상(영업중),37.5616075132306,126.925120270961,6
레오 게스트하우스 홍대입구역 2,외국인관광도시민박업,[121836] 서울특별시 마포구 와우산로35길 9-8 (서교동),서울 마포구 서교동 326-27,CDFI3261142015000030,2015-04-30,영업/정상(영업중),37.5556558391911,126.929732054666,3
서촌 168 B&B(CHANG YEUN HO),외국인관광도시민박업,"[110032] 서울특별시 종로구 자하문로23길 6, 101호 (신교동)",서울 종로구 신교동 55,CDFI3261142015000003,2015-05-06,영업/정상(영업중),37.5834453745138,126.969895145342,2
우 게스트하우스(Woo Guesthouse),외국인관광도시민박업,"서울특별시 종로구 삼청로 22, 4,5층 (사간동, 영정빌딩)",서울 종로구 사간동 66,CDFI3261142015000002,2015-04-13,영업/정상(영업중),37.5779186380994,126.979865731314,2
윤 게스트하우스,외국인관광도시민박업,"[100042] 서울특별시 중구 퇴계로18길 67-9, 1~2층 (남산동2가)",서울 중구 남산동2가 45-7,CDFI3261142015000007,2015-04-10,영업/정상(영업중),37.558116922806,126.984725918162,2
남대문게스트하우스2,외국인관광도시민박업,"[100873] 서울특별시 중구 퇴계로10길 20-36, 1~2층 (회현동1가)",서울 중구 회현동1가 82-10,CDFI3261142015000008,2015-04-22,영업/정상(영업중),37.5578423284885,126.980087528877,2
인 게스트하우스2,외국인관광도시민박업,"[121868] 서울특별시 마포구 성미산로16길 3-3, B1~1층 (연남동)",서울 마포구 연남동 487-375,CDFI3261142015000025,2015-04-17,영업/정상(영업중),37.5611268837408,126.918140483313,2
준 게스트하우스,외국인관광도시민박업,"[121836] 서울특별시 마포구 와우산로29나길 24-3, B05호 (서교동)",서울 마포구 서교동 335-36,CDFI3261142015000027,2015-04-23,영업/정상(영업중),37.554420424205,126.927550130954,5
Kim n Jeong's house,외국인관광도시민박업,"[151704] 서울특별시 관악구 호암로 399, 307동 803호 (신림동, 삼성산주공아파트)",서울 관악구 신림동 1714,CDFI3261142015000007,2015-04-21,영업/정상(영업중),37.4613714617228,126.925454992929,3
트래블홀릭 게스트하우스,외국인관광도시민박업,[140863] 서울특별시 용산구 녹사평대로26가길 26 (이태원동),서울 용산구 이태원동 79-14,CDFI3261142015000010,2015-04-29,영업/정상(영업중),37.5325246411136,126.993001918066,3
ON Guest House,외국인관광도시민박업,[138798] 서울특별시 송파구 올림픽로4길 42 (잠실동),서울 송파구 잠실동 101-1,CDFI3261142015000005,2015-03-26,영업/정상(영업중),37.5083255540399,127.072027874321,2
가로수길홈스테이,외국인관광도시민박업,"[135890] 서울특별시 강남구 압구정로18길 14-12, 702호 (신사동)",서울 강남구 신사동 550-20,CDFI3261142015000013,2015-05-11,영업/정상(영업중),37.5236915419064,127.023846828365,2
트릭아트 게스트하우스,외국인관광도시민박업,"[121865] 서울특별시 마포구 동교로39길 9, 3~4층 (연남동)",서울 마포구 연남동 258-10,CDFI3261142015000028,2015-04-24,영업/정상(영업중),37.5620242723214,126.923927241622,3
88 게스트하우스,외국인관광도시민박업,[100053] 서울특별시 중구 퇴계로16길 14-10 (회현동3가),서울 중구 회현동3가 4-3,CDFI3261142015000002,2015-01-28,영업/정상(영업중),37.5601735364349,126.984027740521,2
Two Two House,외국인관광도시민박업,"[121865] 서울특별시 마포구 동교로 242-9, 1~2층 (연남동)",서울 마포구 연남동 260-10,CDFI3261142015000005,2015-01-20,영업/정상(영업중),37.5615251624617,126.924837170697,2
제이오너 Ⅲ,외국인관광도시민박업,"[100876] 서울특별시 중구 소공로6나길 8, 202호 (회현동2가)",서울 중구 회현동2가 42-10,CDFI3261142015000011,2015-05-06,영업/정상(영업중),37.5580447864609,126.983631395352,6
제이오너 Ⅱ,외국인관광도시민박업,"[100876] 서울특별시 중구 소공로6나길 8, 302호 (회현동2가)",서울 중구 회현동2가 42-10,CDFI3261142015000010,2015-05-06,영업/정상(영업중),37.5580447864609,126.983631395352,6
하루게스트하우스(Haru Guest House),외국인관광도시민박업,"[135910] 서울특별시 강남구 테헤란로21길 14, 301호 (역삼동)",서울 강남구 역삼동 644-13,CDFI3261142015000005,2015-01-29,영업/정상(영업중),37.5012363288468,127.034527508682,2
007 게스트하우스 1,외국인관광도시민박업,"[121869] 서울특별시 마포구 월드컵북로6길 79, 3층 (연남동)",서울 마포구 연남동 567-15,CDFI3261142015000038,2015-05-20,영업/정상(영업중),37.560020055661,126.922206789157,2
홍대 하우스,외국인관광도시민박업,"[121829] 서울특별시 마포구 독막로12길 13, 나동 202호 (당인동)",서울 마포구 당인동 13-7,CDFI3261142015000035,2015-05-13,영업/정상(영업중),37.5471688211209,126.920131650285,2
007 게스트하우스 2,외국인관광도시민박업,"[121869] 서울특별시 마포구 월드컵북로6길 79, 4층 (연남동)",서울 마포구 연남동 567-15,CDFI3261142015000039,2015-05-20,영업/정상(영업중),37.560020055661,126.922206789157,2
LikeU,외국인관광도시민박업,"[121836] 서울특별시 마포구 와우산로35길 53, 5층 (서교동)",서울 마포구 서교동 330-1,CDFI3261142015000041,2015-05-20,영업/정상(영업중),37.5564460055054,126.927924476281,3
서울 구경,외국인관광도시민박업,"[121836] 서울특별시 마포구 와우산로29길 20, 4층 (서교동)",서울 마포구 서교동 328-14,CDFI3261142015000044,2015-05-29,영업/정상(영업중),37.5551320436853,126.928903215773,3
10 Guesthouse,외국인관광도시민박업,"[121812] 서울특별시 마포구 새창로 28, 2층 (도화동)",서울 마포구 도화동 4-39,CDFI3261142015000036,2015-05-15,영업/정상(영업중),37.5416685555594,126.952942127837,2
코니하우스,외국인관광도시민박업,"[100400] 서울특별시 중구 퇴계로52길 5-3, 1~2층 (쌍림동)",서울 중구 쌍림동 151-52,CDFI3261142015000013,2015-05-22,영업/정상(영업중),37.5631008057897,127.004009802706,2
게스트하우스 더 김스(Guesthouse The Kims(,외국인관광도시민박업,[110816] 서울특별시 종로구 백석동1길 13 (부암동),서울 종로구 부암동 35,CDFI3261142015000005,2015-05-28,영업/정상(영업중),37.5951368835904,126.968705787731,2
제이에스하우스 1,외국인관광도시민박업,"[122882] 서울특별시 은평구 증산로 439-3, 201호 (신사동)",서울 은평구 신사동 34-4,CDFI3261142015000003,2015-06-03,영업/정상(영업중),37.5954153932439,126.914228075153,3
하우스테이 2호점,외국인관광도시민박업,[121818] 서울특별시 마포구 양화로18안길 28-6 (동교동),서울 마포구 동교동 170-22,CDFI3261142015000043,2015-05-21,영업/정상(영업중),37.5568048110435,126.926364347493,2
마마 게스트하우스2,외국인관광도시민박업,"[100250] 서울특별시 중구 소파로4길 34-1, 지층 (예장동)",서울 중구 예장동 8-44,CDFI3261142015000012,2015-05-14,영업/정상(영업중),37.5584912531586,126.98838352712,4
제이스토리 게스트하우스,외국인관광도시민박업,"[100858] 서울특별시 중구 중림로9길 6, 1~3층 (중림동)",서울 중구 중림동 132-1,CDFI3261142015000014,2015-05-28,영업/정상(영업중),37.5579196774378,126.967991479912,2
Hongdae 3 room house,외국인관광도시민박업,"[121837] 서울특별시 마포구 홍익로2길 27-20, 2층 (서교동)",서울 마포구 서교동 346-16,CDFI3261142015000050,2015-06-11,영업/정상(영업중),37.5554592653417,126.924374612704,2
Photo Park(포토박),외국인관광도시민박업,[140833] 서울특별시 용산구 신흥로27길 6-5 (용산동2가),서울 용산구 용산동2가 1-1351,CDFI3261142015000014,2015-05-22,영업/정상(영업중),37.5441156565647,126.982004539,2
행당역홈스테이,외국인관광도시민박업,"[133777] 서울특별시 성동구 행당로 82, 121동 1802호 (행당동, 행당한진타운)",서울 성동구 행당동 346,CDFI3261142015000001,2015-06-10,영업/정상(영업중),37.5548088817349,127.027399715208,2
케이 플러스 와이,외국인관광도시민박업,"[121836] 서울특별시 마포구 와우산로35길 17, 402호 (서교동, 각산타운)",서울 마포구 서교동 326-1,CDFI3261142015000049,2015-06-11,영업/정상(영업중),37.5557496406848,126.929593668212,3
Br. house,외국인관광도시민박업,"[121836] 서울특별시 마포구 와우산로29다길 7, 2~3층 (서교동)",서울 마포구 서교동 335-26,CDFI3261142015000018,2015-03-16,영업/정상(영업중),37.5550813346214,126.9278913861,2
VERDI GUESTHOUSE,외국인관광도시민박업,[130875] 서울특별시 동대문구 휘경로 61-5 (휘경동),서울 동대문구 휘경동 148-63,CDFI3261142015000002,2015-02-11,영업/정상(영업중),37.5945412715637,127.06662013329,2
88하우스 용산,외국인관광도시민박업,"[140100] 서울특별시 용산구 백범로90다길 12, 202동 3202호 (문배동, 용산CJ나인파크)",서울 용산구 문배동 24-6,CDFI3261142015000008,2015-03-12,영업/정상(영업중),37.5363523414327,126.969212704338,2
지호하우스,외국인관광도시민박업,"[151704] 서울특별시 관악구 호암로 399, 302동 102호 (신림동, 삼성산주공아파트)",서울 관악구 신림동 1714,CDFI3261142015000003,2015-02-11,영업/정상(영업중),37.4613714617228,126.925454992929,3
제이에스하우스 2,외국인관광도시민박업,"[122882] 서울특별시 은평구 증산로 439-3, 202호 (신사동)",서울 은평구 신사동 34-4,CDFI3261142015000002,2015-06-03,영업/정상(영업중),37.5954153932439,126.914228075153,3
강남스테이힐(Gangnam Stay Hill),외국인관광도시민박업,"[135908] 서울특별시 강남구 테헤란로13길 65, 1,2층 (역삼동)",서울 강남구 역삼동 623-22,CDFI3261142015000008,2015-02-11,영업/정상(영업중),37.5034502245401,127.030120770641,2
Carol's Home,외국인관광도시민박업,"서울특별시 관악구 성현로 80, 135동 701호 (봉천동, 관악드림타운아파트)",서울 관악구 봉천동 1712,CDFI3261142015000004,2015-02-26,영업/정상(영업중),37.4898474387668,126.952985510916,6
88하우스 홍대,외국인관광도시민박업,"[121840] 서울특별시 마포구 독막로3길 28-12, B01호 (서교동)",서울 마포구 서교동 396-14,CDFI3261142015000011,2015-02-25,영업/정상(영업중),37.5494934663206,126.917738686663,2
하우스 인 서울,외국인관광도시민박업,"[121836] 서울특별시 마포구 와우산로29바길 5-3, 2층 (서교동)",서울 마포구 서교동 332-23,CDFI3261142015000013,2015-03-03,영업/정상(영업중),37.5559961495616,126.926482617996,2
FUNFUN GUESTHOUSE(펀펀 게스트하우스),외국인관광도시민박업,[140809] 서울특별시 용산구 장문로6길 81-1 (동빙고동),서울 용산구 동빙고동 1-58,CDFI3261142015000006,2015-02-17,영업/정상(영업중),37.5263911082618,126.995610803639,2
트리앙겔,외국인관광도시민박업,"[121818] 서울특별시 마포구 신촌로8길 18, 2층 201호 (동교동)",서울 마포구 동교동 181-2,CDFI3261142015000014,2015-03-03,영업/정상(영업중),37.5563904800598,126.930438141243,2
리안 게스트하우스,외국인관광도시민박업,"[121836] 서울특별시 마포구 어울마당로 144, 4층 (서교동)",서울 마포구 서교동 331-18,CDFI3261142015000051,2015-06-11,영업/정상(영업중),37.5562013624141,126.92585135552,2
초이스,외국인관광도시민박업,"[137073] 서울특별시 서초구 반포대로21길 67, 501동 406호 (서초동)",서울 서초구 서초동 1522-1,CDFI3261142015000006,2015-06-30,영업/정상(영업중),37.4857895614081,127.007868868136,2
공덕정,외국인관광도시민박업,"[121812] 서울특별시 마포구 새창로 28, 3층 (도화동)",서울 마포구 도화동 4-39,CDFI3261142015000056,2015-07-06,영업/정상(영업중),37.5416685555594,126.952942127837,2
마이리틀 게스트하우스,외국인관광도시민박업,[121869] 서울특별시 마포구 연남로5길 30-9 (연남동),서울 마포구 연남동 504-19,CDFI3261142015000052,2015-06-18,영업/정상(영업중),37.5618069475043,126.919968096607,6
오케이 게스트하우스,외국인관광도시민박업,[156020] 서울특별시 동작구 알마타길 21-18 (대방동),서울 동작구 대방동 349-5,CDFI3261142015000004,2015-07-27,영업/정상(영업중),37.5115667304961,126.927813488985,2
미소 게스트하우스 2,외국인관광도시민박업,"[121818] 서울특별시 마포구 신촌로2안길 6, 202호 (동교동)",서울 마포구 동교동 176-14,CDFI3261142015000053,2015-07-01,영업/정상(영업중),37.5575246597945,126.927451151903,3
나누 게스트하우스 핑크,외국인관광도시민박업,"[121816] 서울특별시 마포구 양화로23길 4-7, 101호 (동교동)",서울 마포구 동교동 147-40,CDFI3261142015000054,2015-07-01,영업/정상(영업중),37.559011869767,126.925751010476,4
이화 게스트하우스,외국인관광도시민박업,"[121818] 서울특별시 마포구 와우산로37길 38, 302호 (동교동)",서울 마포구 동교동 177-19,CDFI3261142015000055,2015-07-03,영업/정상(영업중),37.5566768699791,126.929013338828,5
도심단체숙소,외국인관광도시민박업,"[133070] 서울특별시 성동구 행당로 82, 121동 19층 1903호 (행당동, 행당한진타운)",서울 성동구 행당동 346,CDFI3261142015000002,2015-07-28,영업/정상(영업중),37.5548088817349,127.027399715208,2
필스테이이화부띠끄,외국인관광도시민박업,"[120170] 서울특별시 서대문구 이화여대길 43, 4층 (대현동)",서울 서대문구 대현동 56-126,CDFI3261142015000013,2015-06-26,영업/정상(영업중),37.558825763768,126.945487253231,2
Seven Stay,외국인관광도시민박업,"[130021] 서울특별시 동대문구 사가정로 65, 103동 1005호 (전농동, 래미안크레시티)",서울 동대문구 전농동 690,CDFI3261142015000005,2015-07-28,영업/정상(영업중),37.5755060418781,127.049695860484,2
낙원(PARADISE) 게스트하우스,외국인관광도시민박업,"[100391] 서울특별시 중구 장충단로8길 45-4, 1~2층 (장충동1가, (201호 제외))",서울 중구 장충동1가 38-65,CDFI3261142015000015,2015-07-14,영업/정상(영업중),37.562338183738,127.00918112881,3
Jangan hills Home stay,외국인관광도시민박업,"[130728] 서울특별시 동대문구 장안벚꽃로1길 7, 1009동 601호 (장안동, 장안힐스테이트아파트)",서울 동대문구 장안동 329-2,CDFI3261142015000004,2015-07-21,영업/정상(영업중),37.5763379008361,127.074572635161,3
Super 7,외국인관광도시민박업,"[121869] 서울특별시 마포구 동교로23길 61, 5층 (연남동)",서울 마포구 연남동 571-8,CDFI3261142015000060,2015-07-24,영업/정상(영업중),37.5583463191277,126.918794976197,2
홈스테이니어강남코엑스,외국인관광도시민박업,"서울특별시 강남구 봉은사로82길 24, 301호 (삼성동, 아셈아파트)",서울 강남구 삼성동 150-5,CDFI3261142015000023,2015-08-04,영업/정상(영업중),37.5116340906519,127.055016005052,3
소월길,외국인관광도시민박업,"[140833] 서울특별시 용산구 신흥로20길 27, 102호 (용산동2가, 대영빌라)",서울 용산구 용산동2가 1-1890,CDFI3261142015000019,2015-07-29,영업/정상(영업중),37.5467350778015,126.984144673714,2
노바펠리스,외국인관광도시민박업,"서울특별시 용산구 후암로30길 17, 302호 (후암동, 노바펠리스)",서울 용산구 후암동 60-12,CDFI3261142015000020,2015-08-04,영업/정상(영업중),37.5505404917605,126.978215330502,3
한스하우스(Hans house),외국인관광도시민박업,[110045] 서울특별시 종로구 자하문로1다길 20 (체부동),서울 종로구 체부동 155,CDFI3261142015000007,2015-07-24,영업/정상(영업중),37.5774738183615,126.970451469967,2
A Little Nap 2,외국인관광도시민박업,"[121818] 서울특별시 마포구 신촌로2안길 47, 102호 (동교동)",서울 마포구 동교동 178-7,CDFI3261142015000062,2015-07-24,영업/정상(영업중),37.5567430739298,126.929582887291,6
감자 게스트하우스,외국인관광도시민박업,"[121865] 서울특별시 마포구 성미산로28길 27, 2층 (연남동)",서울 마포구 연남동 255-7,CDFI3261142015000020,2015-03-18,영업/정상(영업중),37.5629058052444,126.923366986917,2
호 홈텔,외국인관광도시민박업,"[121896] 서울특별시 마포구 월드컵로10길 5-5, 3층 (서교동)",서울 마포구 서교동 476-17,CDFI3261142015000024,2015-04-08,영업/정상(영업중),37.5547279994019,126.911877175237,2
반딧불 게스트하우스,외국인관광도시민박업,"[121867] 서울특별시 마포구 동교로38길 28, 2층 (연남동)",서울 마포구 연남동 382-1,CDFI3261142015000019,2015-03-18,영업/정상(영업중),37.5616515937284,126.925439402109,2
指月藏(jiwoljang),외국인관광도시민박업,"[140902] 서울특별시 용산구 후암로4길 21, 에이동 1층 (후암동)",서울 용산구 후암동 250-5,CDFI3261142015000018,2015-07-22,영업/정상(영업중),37.5473530334507,126.97924070574,2
이브,외국인관광도시민박업,"서울특별시 중구 퇴계로20길 41-14, 2층 (남산동2가)",서울 중구 남산동2가 21-3,CDFI3261142015000017,2015-08-20,영업/정상(영업중),37.5585619929564,126.986779782902,4
레나하우스,외국인관광도시민박업,"[137041] 서울특별시 서초구 신반포로 270, 143동 1201호 (반포동)",서울 서초구 반포동 20-43,CDFI3261142015000005,2015-03-23,영업/정상(영업중),37.5078602234885,127.011582043737,2
리앤노1게스트하우스,외국인관광도시민박업,"서울특별시 마포구 연남로3길 18-9, 3층 (연남동)",서울 마포구 연남동 561-29,CDFI3261142015000066,2015-09-18,영업/정상(영업중),37.5614122291602,126.921050881665,4
서울맨션2,외국인관광도시민박업,"[121816] 서울특별시 마포구 양화로23길 4-21, 2~3층 (동교동)",서울 마포구 동교동 147-44,CDFI3261142015000022,2015-04-02,영업/정상(영업중),37.5594841751017,126.926042544761,4
도어스 게스트하우스,외국인관광도시민박업,"[121816] 서울특별시 마포구 양화로23길 4-5, 302호 (동교동)",서울 마포구 동교동 147-39,CDFI3261142015000023,2015-04-06,영업/정상(영업중),37.5589173117425,126.925681952191,2
마음이 머무는 김여사의 사랑채,외국인관광도시민박업,[138220] 서울특별시 송파구 백제고분로19길 4-7 (잠실동),서울 송파구 잠실동 249-8,CDFI3261142015000007,2015-04-06,영업/정상(영업중),37.5052505251328,127.087125586688,2
아름다운 황토집,외국인관광도시민박업,서울특별시 은평구 통일로92길 30 (불광동),서울 은평구 불광동 480-261,CDFI3261142015000004,2015-09-30,영업/정상(영업중),37.6257157522123,126.922995109246,2
리앤노게스트하우스,외국인관광도시민박업,"서울특별시 마포구 연남로3길 18-9, 4층 (연남동)",서울 마포구 연남동 561-29,CDFI3261142015000067,2015-09-18,영업/정상(영업중),37.5614122291602,126.921050881665,4
강남게스트하우스 마루,외국인관광도시민박업,"서울특별시 강남구 봉은사로30길 67, 2층 (역삼동)",서울 강남구 역삼동 669-6,CDFI3261142015000025,2015-10-02,영업/정상(영업중),37.5033171248934,127.036868394544,2
Jeong's family,외국인관광도시민박업,"서울특별시 용산구 효창원로8길 16, 101동 903호 (원효로4가, 한성 한강수 아파트)",서울 용산구 원효로4가 128-1,CDFI3261142015000027,2015-09-23,영업/정상(영업중),37.5336320013316,126.951404395677,2
그린게스트하우스,외국인관광도시민박업,"서울특별시 중구 퇴계로 217, 2동 801호 (충무로4가, 진양아파트)",서울 중구 충무로4가 120-3,CDFI3261142015000020,2015-10-07,영업/정상(영업중),37.5624227137843,126.995931151636,4
명동 웰컴 게스트하우스,외국인관광도시민박업,"서울특별시 중구 소공로6나길 1, 2층 (회현동2가)",서울 중구 회현동2가 42-1,CDFI3261142015000022,2015-10-13,영업/정상(영업중),37.5582087075912,126.983847302229,5
H.명동스테이,외국인관광도시민박업,"서울특별시 중구 퇴계로10길 20-20, 전층 (회현동1가)",서울 중구 회현동1가 31-13,CDFI3261142015000024,2015-10-22,영업/정상(영업중),37.5586621,126.9805931,2
서울 타이완 게스트하우스2,외국인관광도시민박업,"서울특별시 중구 퇴계로10길 20-14, 전층 (회현동1가)",서울 중구 회현동1가 88-3,CDFI3261142015000023,2015-10-13,영업/정상(영업중),37.5581699356288,126.980114491114,3
Sunshine Guesthouse,외국인관광도시민박업,"서울특별시 송파구 송파대로 567 (잠실동, 주공아파트)",서울 송파구 잠실동 27,CDFI3261142015000010,2015-10-23,영업/정상(영업중),37.5131381759342,127.09304868009,2
Villa de 103,외국인관광도시민박업,"서울특별시 마포구 와우산로35길 39, 103호 (서교동)",서울 마포구 서교동 329-11,CDFI3261142015000071,2015-10-14,영업/정상(영업중),37.5562330846734,126.928641189268,2
THAT HOUSE,외국인관광도시민박업,서울특별시 서대문구 신촌로3가길 29 (창천동),서울 서대문구 창천동 501-16,CDFI3261142015000017,2015-10-07,영업/정상(영업중),37.5579837494059,126.930499247118,2
Space Hue,외국인관광도시민박업,"서울특별시 송파구 오금로31가길 1 (방이동, 런던빌)",서울 송파구 방이동 224-12,CDFI3261142015000009,2015-08-24,영업/정상(영업중),37.5066835106457,127.121919419731,2
타임트래블러파티게스트하우스,외국인관광도시민박업,"서울특별시 서대문구 연희로2길 11, 1,2층 (창천동)",서울 서대문구 창천동 457,CDFI3261142015000016,2015-08-24,영업/정상(영업중),37.5609107060476,126.927467222849,2
Top guesthouse,외국인관광도시민박업,"서울특별시 용산구 청파로85길 38, 3층 (서계동)",서울 용산구 서계동 14-3,CDFI3261142015000022,2015-08-21,영업/정상(영업중),37.5527992165201,126.967004682998,2
the itaewon guesthouse,외국인관광도시민박업,서울특별시 용산구 이태원로26길 25-12 (이태원동),서울 용산구 이태원동 130-16,CDFI3261142015000029,2015-10-14,영업/정상(영업중),37.5333485700086,126.993972016213,2
게스트하우스 필운,외국인관광도시민박업,서울특별시 종로구 사직로9가길 5-13 (필운동),서울 종로구 필운동 130-2,CDFI3261142015000011,2015-10-23,영업/정상(영업중),37.5769460909886,126.968309370343,2
어반아트 게스트하우스,외국인관광도시민박업,"서울특별시 영등포구 도림로 432, 2층 (문래동3가)",서울 영등포구 문래동3가 58-77,CDFI3261142015000003,2015-08-25,영업/정상(영업중),37.5143755803696,126.895185194049,2
성린,외국인관광도시민박업,"서울특별시 마포구 어울마당로 136-10, 3층 (서교동)",서울 마포구 서교동 347-3,CDFI3261142015000064,2015-08-31,영업/정상(영업중),37.5557372588322,126.925137688867,3
Janet's House,외국인관광도시민박업,"서울특별시 마포구 월드컵북로42나길 12, 2층 (상암동)",서울 마포구 상암동 1524-3,CDFI3261142015000077,2015-10-29,영업/정상(영업중),37.5754966349093,126.89764361085,2
요트-2,외국인관광도시민박업,"서울특별시 용산구 이태원로19길 19, 3층 (이태원동)",서울 용산구 이태원동 118-62,CDFI3261142015000023,2015-08-26,영업/정상(영업중),37.5352614395832,126.991733331021,2
딸기핑크게스트하우스,외국인관광도시민박업,"서울특별시 마포구 동교로30길 22, 201호 (동교동, 삼성하이빌)",서울 마포구 동교동 150-10,CDFI3261142015000074,2015-10-26,영업/정상(영업중),37.5600483800933,126.924901921995,4
제나스위트 강남,외국인관광도시민박업,"서울특별시 강남구 논현로175길 59-4, 4,5층 (신사동, 의봉빌딩)",서울 강남구 신사동 550-12,CDFI3261142015000028,2015-10-20,영업/정상(영업중),37.5240673844896,127.024120825888,2
게스트하우스 더힐2,외국인관광도시민박업,서울특별시 중구 퇴계로20나길 27 (예장동),서울 중구 예장동 8-67,CDFI3261142015000018,2015-09-02,영업/정상(영업중),37.5578554486175,126.9854002801,2
허니비즈하우스,외국인관광도시민박업,"서울특별시 마포구 신촌로2안길 40, 102호 (동교동)",서울 마포구 동교동 177-6,CDFI3261142015000089,2015-12-18,영업/정상(영업중),37.5568078429449,126.929109979547,4
RO inhome,외국인관광도시민박업,서울특별시 마포구 동교로 105 (서교동),서울 마포구 서교동 478-7,CDFI3261142015000091,2015-12-23,영업/정상(영업중),37.5547783836826,126.91373234964,2
쉼표 게스트하우스,외국인관광도시민박업,"서울특별시 마포구 동교로38길 27, 2층 (연남동)",서울 마포구 연남동 390-25,CDFI3261142015000087,2015-12-14,영업/정상(영업중),37.5617397985364,126.925577850019,2
DW Design Residence 3,외국인관광도시민박업,"서울특별시 마포구 동교로25길 35, 1,2층 (동교동)",서울 마포구 동교동 203-47,CDFI3261142015000093,2015-12-29,영업/정상(영업중),37.5584022265547,126.920584030172,4
뷰티인게스트하우스,외국인관광도시민박업,"서울특별시 강남구 언주로 406, 35동 807호 (역삼동, 개나리아파트)",서울 강남구 논현동 279-23,CDFI3261142015000034,2015-12-28,영업/정상(영업중),37.5208061,127.0342764,2
ODD Guesthouse,외국인관광도시민박업,"서울특별시 서대문구 신촌로1길 48, 302호 (창천동)",서울 서대문구 창천동 341,CDFI3261142015000020,2015-11-26,영업/정상(영업중),37.5597616322869,126.928894742543,2
Meet seoul,외국인관광도시민박업,"서울특별시 마포구 창전로 45, 103동 702호 (창전동, 서강한화오벨리스크)",서울 마포구 창전동 442,CDFI3261142015000086,2015-12-11,영업/정상(영업중),37.5468832250067,126.931961062749,2
프랜드인서울(Friend in Seoul),외국인관광도시민박업,"서울특별시 종로구 자하문로7길 28-5, 1층 (통인동)",서울 종로구 통인동 149-1,CDFI3261142015000008,2015-08-25,영업/정상(영업중),37.5791193897396,126.970796334076,2
훤 게스트하우스,외국인관광도시민박업,"서울특별시 마포구 연남로3길 22-15, 201호 (연남동)",서울 마포구 연남동 561-47,CDFI3261142015000088,2015-12-15,영업/정상(영업중),37.5614561277635,126.920677559725,2
케이 게스트하우스 엔 서울타워 1,외국인관광도시민박업,서울특별시 중구 퇴계로26길 9 (남학동),서울 중구 남학동 24-1,CDFI3261142015000029,2015-12-30,영업/정상(영업중),37.5605474247496,126.990465626444,2
DW Design Residence 2,외국인관광도시민박업,"서울특별시 마포구 동교로25길 35, 지층 (동교동)",서울 마포구 동교동 203-47,CDFI3261142015000092,2015-12-29,영업/정상(영업중),37.5584022265547,126.920584030172,4
퍼즐스테이(Puzzlestay),외국인관광도시민박업,서울특별시 성북구 솔샘로7길 40 (정릉동),서울 성북구 정릉동 715-6,CDFI3261142015000006,2015-12-15,영업/정상(영업중),37.6114323808472,127.004561358429,3
퍼즐스테이,외국인관광도시민박업,서울특별시 성북구 솔샘로7길 40 (정릉동),서울 성북구 정릉동 715-6,CDFI3261142015000007,2015-12-15,영업/정상(영업중),37.6114323808472,127.004561358429,3
그린빌라트,외국인관광도시민박업,"서울특별시 강남구 논현로159길 39, 402호 (신사동)",서울 강남구 신사동 553-5,CDFI3261142015000031,2015-12-09,영업/정상(영업중),37.5222131721199,127.025172161007,2
부원게스트하우스,외국인관광도시민박업,"서울특별시 마포구 와우산로29라길 17, 3층 (서교동)",서울 마포구 서교동 334-35,CDFI3261142015000085,2015-12-11,영업/정상(영업중),37.5550035376085,126.927237209888,2
대림1059,외국인관광도시민박업,"서울특별시 중구 을지로 157, 1059호 (산림동, 대림상가)",서울 중구 산림동 207-2,CDFI3261142015000025,2015-11-12,영업/정상(영업중),37.5671458986322,126.995451191045,5
플렌티(PLENTY),외국인관광도시민박업,"서울특별시 마포구 포은로2나길 46, 1~2층 (합정동)",서울 마포구 합정동 391-6,CDFI3261142015000083,2015-12-08,영업/정상(영업중),37.5503470703924,126.909838562386,2
케이게스트하우즈,외국인관광도시민박업,"서울특별시 종로구 종로48길 32-1 (창신동, 주1건물)",서울 종로구 창신동 459-36,CDFI3261142016000001,2016-01-08,영업/정상(영업중),37.5711737001081,127.012266269663,3
제이덥하우스,외국인관광도시민박업,"서울특별시 중구 칠패로 27, B동 1007호 (순화동, 순화동 the# 주상복합)",서울 중구 순화동 151,CDFI3261142016000001,2016-01-05,영업/정상(영업중),37.5602669008102,126.972035325682,2
까사데아람,외국인관광도시민박업,"서울특별시 종로구 경희궁2길 5-3, 104호 (내수동, 경희궁빌)",서울 종로구 내수동 110-18,CDFI3261142016000002,2016-01-08,영업/정상(영업중),37.5730289652164,126.970545257772,2
레드2,외국인관광도시민박업,"서울특별시 중구 소공로6길 32, 1층 (남산동2가)",서울 중구 남산동2가 43-3,CDFI3261142015000026,2015-11-25,영업/정상(영업중),37.5584165130322,126.984792971473,5
MOST STAY,외국인관광도시민박업,"서울특별시 마포구 동교로17안길 38-5, 1~2층 (서교동)",서울 마포구 서교동 446-26,CDFI3261142016000002,2016-01-15,영업/정상(영업중),37.5560374005685,126.918369230502,2
NG HOUSE,외국인관광도시민박업,"서울특별시 마포구 신촌로2안길 40, 3층 (동교동)",서울 마포구 동교동 177-6,CDFI3261142015000082,2015-11-24,영업/정상(영업중),37.5568078429449,126.929109979547,4
돈키호테,외국인관광도시민박업,"서울특별시 용산구 서빙고로51길 4, 4층 (서빙고동)",서울 용산구 서빙고동 199-5,CDFI3261142015000030,2015-11-18,영업/정상(영업중),37.5206441608328,126.990975677329,2
Hao 2 Guesthouse,외국인관광도시민박업,"서울특별시 마포구 와우산로29마길 7-6, 지층 (서교동)",서울 마포구 서교동 333-46,CDFI3261142016000001,2016-01-06,영업/정상(영업중),37.5554318856584,126.926822239565,2
체크인 플리즈,외국인관광도시민박업,"서울특별시 용산구 소월로38가길 40, 2,3층 (이태원동)",서울 용산구 이태원동 260-155,CDFI3261142016000002,2016-01-06,영업/정상(영업중),37.5417763058323,126.99058173575,2
스테이 서울,외국인관광도시민박업,"서울특별시 강남구 압구정로2길 46, 403호 (신사동, 강남상가아파트)",서울 강남구 신사동 510-11,CDFI3261142016000001,2016-01-13,영업/정상(영업중),37.5187672551656,127.020691646267,3
굿모닝코리아 게스트하우스,외국인관광도시민박업,"서울특별시 서대문구 신촌로3나길 11, 1층 (창천동)",서울 서대문구 창천동 500-3,CDFI3261142015000019,2015-11-19,영업/정상(영업중),37.5588957543326,126.930220433504,2
GOLDEN FLEECE,외국인관광도시민박업,"서울특별시 서대문구 신촌로1길 47, 4층 402호 (창천동, 리츠하우스)",서울 서대문구 창천동 366,CDFI3261142016000001,2016-01-14,영업/정상(영업중),37.5595992448402,126.928699209304,4
Chilli Guesthouse,외국인관광도시민박업,"서울특별시 마포구 월드컵북로5가길 34, 1~2층 (서교동)",서울 마포구 서교동 446-46,CDFI3261142015000080,2015-11-13,영업/정상(영업중),37.55613463001,126.919303944728,2
파인그로브,외국인관광도시민박업,서울특별시 종로구 삼청로9길 26 (삼청동),서울 종로구 삼청동 10,CDFI3261142016000003,2016-01-18,영업/정상(영업중),37.5874925761041,126.981400365926,2
타이디하우스,외국인관광도시민박업,"서울특별시 용산구 청파로93길 18-12, 1층 (서계동)",서울 용산구 서계동 223-71,CDFI3261142016000001,2016-01-05,영업/정상(영업중),37.5543569651353,126.967377010159,2
호자원(HOJAWON),외국인관광도시민박업,"서울특별시 성북구 종암로24가길 53, 103동 2305호 (종암동, SK아파트)",서울 성북구 종암동 104-1,CDFI3261142015000005,2015-11-10,영업/정상(영업중),37.6008413496899,127.037976638554,2
케이게스트하우즈,외국인관광도시민박업,"서울특별시 종로구 종로48길 32-1 (창신동, 주1)",서울 종로구 창신동 459-36,CDFI3261142016000015,2016-01-08,영업/정상(영업중),37.5711737001081,127.012266269663,3
DA953,외국인관광도시민박업,"서울특별시 중구 을지로 157, 953호 (산림동, 대림상가)",서울 중구 산림동 207-2,CDFI3261142016000009,2016-03-10,영업/정상(영업중),37.5671458986322,126.995451191045,5
패밀리하우스텔＃,외국인관광도시민박업,"서울특별시 마포구 월드컵북로4길 90, 3층 (동교동, 패밀리하우스)",서울 마포구 동교동 198-29,CDFI3261142016000006,2016-02-18,영업/정상(영업중),37.5595874506743,126.923391210662,6
세계여행자의 집,외국인관광도시민박업,"서울특별시 강남구 압구정로2길 46, 707호 (신사동, 강남상가아파트)",서울 강남구 신사동 510-11,CDFI3261142016000006,2016-03-09,영업/정상(영업중),37.5187672551656,127.020691646267,3
제이오너5,외국인관광도시민박업,"서울특별시 중구 소공로6나길 8, 101호 (회현동2가)",서울 중구 회현동2가 42-10,CDFI3261142016000003,2016-01-20,영업/정상(영업중),37.5580447864609,126.983631395352,6
해피투게더,외국인관광도시민박업,"서울특별시 강남구 논현로65길 43, 102호 (역삼동, 보람아트빌)",서울 강남구 역삼동 793-30,CDFI3261142016000007,2016-03-11,영업/정상(영업중),37.4924757631116,127.036875729729,2
마이게스트하우스,외국인관광도시민박업,"서울특별시 마포구 성미산로6길 39 (서교동, 삼성빌리지)",서울 마포구 서교동 473-42,CDFI3261142016000008,2016-02-19,영업/정상(영업중),37.5567831255738,126.91157099253,2
더시티게스트하우스,외국인관광도시민박업,"서울특별시 마포구 양화로8길 16-8, 202호 (서교동)",서울 마포구 서교동 394-70,CDFI3261142016000007,2016-02-18,영업/정상(영업중),37.5498376716101,126.915854679525,3
제이오너4,외국인관광도시민박업,"서울특별시 중구 소공로6나길 8, 201호 (회현동2가)",서울 중구 회현동2가 42-10,CDFI3261142016000002,2016-01-20,영업/정상(영업중),37.5580447864609,126.983631395352,6
남산 아트몬 스테이,외국인관광도시민박업,"서울특별시 중구 퇴계로20나길 42, 201호 (남산동2가)",서울 중구 남산동2가 49-14,CDFI3261142016000004,2016-01-28,영업/정상(영업중),37.5573451887863,126.985199039144,3
강남패밀리게스트하우스,외국인관광도시민박업,"서울특별시 강남구 테헤란로43길 19, 3층 (역삼동)",서울 강남구 역삼동 700-31,CDFI3261142016000002,2016-01-27,영업/정상(영업중),37.5046061090683,127.043719287128,4
드래곤게스트하우스,외국인관광도시민박업,"서울특별시 마포구 마포대로4길 120-39, 3층 (마포동)",서울 마포구 마포동 293-9,CDFI3261142016000035,2016-06-15,영업/정상(영업중),37.5360544134787,126.945383108649,6
River Side,외국인관광도시민박업,서울특별시 광진구 뚝섬로 702-4 (자양동),서울 광진구 자양동 682-26,CDFI3261142016000002,2016-02-02,영업/정상(영업중),37.5329329939582,127.087295582587,2
모노홈,외국인관광도시민박업,서울특별시 마포구 신촌로6길 17-8 (동교동),서울 마포구 동교동 181-10,CDFI3261142016000034,2016-06-14,영업/정상(영업중),37.5565413154671,126.930299701191,3
스윗 서울,외국인관광도시민박업,서울특별시 송파구 올림픽로12길 48-1 (잠실동),서울 송파구 잠실동 214-9,CDFI3261142016000004,2016-06-14,영업/정상(영업중),37.5072998443722,127.083403565595,2
리버뷰게스트하우스,외국인관광도시민박업,"서울특별시 마포구 마포대로4길 120-39, 2층 (마포동)",서울 마포구 마포동 293-9,CDFI3261142016000036,2016-06-15,영업/정상(영업중),37.5360544134787,126.945383108649,6
엘스테이,외국인관광도시민박업,"서울특별시 서초구 사평대로53길 8-3, 201호 (반포동)",서울 서초구 반포동 739-23,CDFI3261142016000004,2016-06-10,영업/정상(영업중),37.5048799171755,127.022066238898,2
Seoul Homestay,외국인관광도시민박업,"서울특별시 서대문구 모래내로 241-39, 401호 (남가좌동, 신한빌라)",서울 서대문구 남가좌동 335-11,CDFI3261142016000005,2016-03-18,영업/정상(영업중),37.575460770838,126.924276166342,2
가든하우스,외국인관광도시민박업,서울특별시 마포구 월드컵북로23길 20 (성산동),서울 마포구 성산동 58-12,CDFI3261142016000033,2016-06-08,영업/정상(영업중),37.5643132756361,126.911065881823,2
G. HAUS,외국인관광도시민박업,"서울특별시 용산구 이태원로17길 15-10, 2층 101호 (이태원동)",서울 용산구 이태원동 166-5,CDFI3261142016000009,2016-03-17,영업/정상(영업중),37.5353072450743,126.990975947285,2
나루게스트하우스,외국인관광도시민박업,서울특별시 마포구 양화로12길 8-12 (서교동),서울 마포구 서교동 395-149,CDFI3261142016000013,2016-03-18,영업/정상(영업중),37.5514038183224,126.917948209793,2
해피가든,외국인관광도시민박업,"서울특별시 중구 퇴계로20길 50-10, 1~3층 (남산동2가)",서울 중구 남산동2가 26-12,CDFI3261142016000010,2016-03-21,영업/정상(영업중),37.5580329163647,126.9859054688,2
가온 게스트하우스,외국인관광도시민박업,"서울특별시 서대문구 독립문로12길 46, 2층 203호 (천연동)",서울 서대문구 천연동 117-6,CDFI3261142016000015,2016-05-31,영업/정상(영업중),37.5679146037903,126.959462358316,3
지유,외국인관광도시민박업,"서울특별시 종로구 종로 347, 인동 23302호 (숭인동, 롯데캐슬천지인)",서울 종로구 숭인동 76,CDFI3261142016000013,2016-06-01,영업/정상(영업중),37.5740562569508,127.016000015149,2
The Chic House,외국인관광도시민박업,"서울특별시 서대문구 신촌로1길 47, 502호 (창천동, 리츠하우스)",서울 서대문구 창천동 366,CDFI3261142016000006,2016-03-24,영업/정상(영업중),37.5595992448402,126.928699209304,4
KS guest house,외국인관광도시민박업,"서울특별시 마포구 독막로 26-5, 가동 지층 101호 (합정동, 현대빌라)",서울 마포구 합정동 363-23,CDFI3261142016000014,2016-03-18,영업/정상(영업중),37.5479824510848,126.916524986872,2
Sweet Home,외국인관광도시민박업,서울특별시 용산구 우사단로10길 30-31 (이태원동),서울 용산구 이태원동 15-7,CDFI3261142016000010,2016-03-21,영업/정상(영업중),37.5324555298728,126.997268268302,2
에어비앤비 (SK Airb&b),외국인관광도시민박업,"서울특별시 성북구 종암로24가길 53, 101동 305호 (종암동, SK아파트)",서울 성북구 종암동 104-1,CDFI3261142016000002,2016-03-29,영업/정상(영업중),37.6008413496899,127.037976638554,2
류하우스,외국인관광도시민박업,"서울특별시 강남구 논현로159길 22-2, 지층 101호 (신사동, 오닉스 빌라)",서울 강남구 신사동 567-30,CDFI3261142016000004,2016-03-04,영업/정상(영업중),37.5231958498699,127.026211201429,2
이삭게스트하우스,외국인관광도시민박업,서울특별시 마포구 동교로 256-6 (연남동),서울 마포구 연남동 228-38,CDFI3261142016000005,2016-02-04,영업/정상(영업중),37.5624633711146,126.924838831385,2
마고 게스트하우스,외국인관광도시민박업,"서울특별시 중구 퇴계로36가길 90-6, 1층 (필동2가)",서울 중구 필동2가 123-3,CDFI3261142016000006,2016-02-23,영업/정상(영업중),37.5563638283202,126.994883256607,2
한소,외국인관광도시민박업,"서울특별시 서대문구 연희로4길 22, 1,2층 (창천동)",서울 서대문구 창천동 429,CDFI3261142016000002,2016-02-23,영업/정상(영업중),37.5611276375934,126.928009606708,2
친구게스트하우스2,외국인관광도시민박업,서울특별시 마포구 동교로 153-6 (서교동),서울 마포구 서교동 446-7,CDFI3261142016000012,2016-02-26,영업/정상(영업중),37.5558741144524,126.918986433128,4
더 씬 서울 상암(DMC),외국인관광도시민박업,"서울특별시 마포구 성암로13길 36, 5층 (상암동)",서울 마포구 상암동 1484,CDFI2262212026000045,2026-01-30,영업/정상(영업중),37.5765661997138,126.897119251722,3
카카오 90% 레지던스,외국인관광도시민박업,"서울특별시 중구 퇴계로66길 17-19, 단층 (광희동2가)",서울 중구 광희동2가 147-4,CDFI3261142016000005,2016-02-05,영업/정상(영업중),37.5635988196104,127.009662549061,2
스테이오늘,외국인관광도시민박업,"서울특별시 관악구 봉천로 310, 302호 (봉천동)",서울 관악구 봉천동 960-13,CDFI2262212026000032,2026-01-30,영업/정상(영업중),37.4860467612047,126.935018809319,2
Monoplan House Seongsu - Studio B,외국인관광도시민박업,"서울특별시 성동구 서울숲7길 10, 101호 (성수동1가)",서울 성동구 성수동1가 685-312,CDFI2262212026000009,2026-01-29,영업/정상(영업중),37.5484830883875,127.042778943119,2
머물다 석촌,외국인관광도시민박업,"서울특별시 송파구 백제고분로34길 3-14, 203호 (석촌동)",서울 송파구 석촌동 234-2,CDFI2262212025000038,2025-06-09,영업/정상(영업중),37.5020533738816,127.099583440743,4
스테이 유유신월,외국인관광도시민박업,"서울특별시 양천구 월정로25길 21, 202호 (신월동)",서울 양천구 신월동 122-22,CDFI2262212025000030,2025-07-11,영업/정상(영업중),37.530751941063,126.835271163641,2
류하우스 Ⅱ,외국인관광도시민박업,"서울특별시 강남구 논현로159길 22-2, 303호 (신사동, 오닉스 빌라)",서울 강남구 신사동 567-30,CDFI3261142016000009,2016-03-16,영업/정상(영업중),37.5231958498699,127.026211201429,2
스텔라홈스테이,외국인관광도시민박업,"서울특별시 관악구 관악로 117 (봉천동, 닷컴오뜨빌)",서울 관악구 봉천동 1592-17,CDFI3261142016000003,2016-03-13,영업/정상(영업중),37.4755466706733,126.952414849213,2
O STAY 성수,외국인관광도시민박업,"서울특별시 성동구 연무장길 84, 5층 (성수동2가)",서울 성동구 성수동2가 271-19,CDFI2262212026000005,2026-01-26,영업/정상(영업중),37.54138889685,127.058520342904,3
와이게스트하우스,외국인관광도시민박업,서울특별시 종로구 창덕궁3길 47-5 (원서동),서울 종로구 원서동 76-37,CDFI3261142016000006,2016-03-07,영업/정상(영업중),37.5827578494871,126.988376587601,2
마고 게스트하우스 서브,외국인관광도시민박업,"서울특별시 중구 퇴계로36가길 90-6, 2층 (필동2가)",서울 중구 필동2가 123-3,CDFI3261142016000007,2016-03-04,영업/정상(영업중),37.5563638283202,126.994883256607,2
SWEET HOMESTAY(스위트홈스테이),외국인관광도시민박업,"서울특별시 동작구 상도로53길 8, 316동 802호 (상도1동)",서울 동작구 상도동 431,CDFI3261142016000003,2016-09-27,영업/정상(영업중),37.5008627565642,126.954053195079,2
서울역리가 스카이 홈스테이,외국인관광도시민박업,"서울특별시 중구 만리재로33길 21, 103동 1304호 (만리동1가, LIG서울역리가)",서울 중구 만리동1가 231,CDFI3261142016000017,2016-09-23,영업/정상(영업중),37.5562729792512,126.966882959987,4
어바웃,외국인관광도시민박업,서울특별시 중구 장충단로8나길 7 (장충동1가),서울 중구 장충동1가 38-10,CDFI3261142016000008,2016-03-04,영업/정상(영업중),37.5628417295742,127.008246739015,2
써니힐게스트하우스,외국인관광도시민박업,"서울특별시 마포구 동교로27길 60-3, 201호 (연남동)",서울 마포구 연남동 566-5,CDFI3261142016000026,2016-05-18,영업/정상(영업중),37.5605773816841,126.921074738337,4
Joy house,외국인관광도시민박업,"서울특별시 마포구 어울마당로 136-4, 101호 (서교동)",서울 마포구 서교동 347-1,CDFI3261142016000058,2016-09-09,영업/정상(영업중),37.5559851906057,126.924959983779,2
더 어반 게스트하우스,외국인관광도시민박업,"서울특별시 마포구 성미산로 194-11, 2층 (연남동)",서울 마포구 연남동 227-17,CDFI3261142016000060,2016-09-29,영업/정상(영업중),37.5623589610451,126.926436865001,2
Quest House,외국인관광도시민박업,"서울특별시 마포구 성미산로16길 13, 지층 (연남동)",서울 마포구 연남동 487-252,CDFI3261142016000063,2016-10-14,영업/정상(영업중),37.5605663507549,126.918237300486,3
트윈래빗 게스트하우스,외국인관광도시민박업,"서울특별시 마포구 동교로27길 60-3, 301호 (연남동)",서울 마포구 연남동 566-5,CDFI3261142016000027,2016-05-19,영업/정상(영업중),37.5605773816841,126.921074738337,4
With Us Guesthouse,외국인관광도시민박업,"서울특별시 마포구 와우산로37길 24, 101호 (동교동)",서울 마포구 동교동 177-14,CDFI3261142016000062,2016-10-05,영업/정상(영업중),37.5563761331544,126.929642309796,3
Elly's Guest House,외국인관광도시민박업,"서울특별시 마포구 성미산로26길 8 (연남동, 올인빌라)",서울 마포구 연남동 252-9,CDFI3261142016000052,2016-08-12,영업/정상(영업중),37.5634143168404,126.922248194459,2
뷰티인게스트하우스 2,외국인관광도시민박업,"서울특별시 강남구 언주로 406, 35동 606호 (역삼동, 개나리아파트)",서울 강남구 논현동 279-23,CDFI3261142016000005,2016-03-08,영업/정상(영업중),37.5208061,127.0342764,2
펠리스 까사,외국인관광도시민박업,"서울특별시 중구 퇴계로50길 12-5, 전층 (묵정동)",서울 중구 묵정동 28-6,CDFI3261142016000012,2016-05-19,영업/정상(영업중),37.562056796372,127.000798848127,2
KORY GUESTHOUSE,외국인관광도시민박업,"서울특별시 동대문구 답십리로23나길 18, 3층 (전농동)",서울 동대문구 전농동 213-3,CDFI3261142016000002,2016-05-19,영업/정상(영업중),37.5798696089369,127.052691474977,2
삼성산 휴,외국인관광도시민박업,"서울특별시 관악구 호암로 399, 306동 8층 801호 (신림동, 삼성산주공아파트)",서울 관악구 신림동 1714,CDFI3261142016000007,2016-10-17,영업/정상(영업중),37.4613714617228,126.925454992929,3
게이트웨이코리아 게스트하우스2 Hongdae,외국인관광도시민박업,"서울특별시 마포구 와우산로23길 20-14, 지하층 1,2호 (서교동)",서울 마포구 서교동 342-17,CDFI3261142016000054,2016-08-29,영업/정상(영업중),37.5540449677707,126.924795114882,3
하이준게스트하우스1,외국인관광도시민박업,서울특별시 마포구 와우산로17길 19-9 (서교동),서울 마포구 서교동 409-19,CDFI3261142016000028,2016-05-25,영업/정상(영업중),37.5497882345776,126.921792717037,4
게스트하우스 77,외국인관광도시민박업,"서울특별시 서대문구 연희로 44-35, 1층,2층 (연희동)",서울 서대문구 연희동 353-53,CDFI3261142016000018,2016-08-17,영업/정상(영업중),37.5622886675451,126.9284639407,2
Bada House,외국인관광도시민박업,"서울특별시 마포구 동교로30길 22, 101호 (동교동, 삼성하이빌)",서울 마포구 동교동 150-10,CDFI3261142016000029,2016-05-25,영업/정상(영업중),37.5600483800933,126.924901921995,4
더스텔라하우스,외국인관광도시민박업,"서울특별시 마포구 연남로3길 49, 2층 (연남동)",서울 마포구 연남동 565-8,CDFI3261142016000069,2016-11-04,영업/정상(영업중),37.5601998331569,126.920224358629,4
써니힐게스트하우스2,외국인관광도시민박업,"서울특별시 마포구 연남로5길 6-6, 501호 (연남동, 루하우스)",서울 마포구 연남동 509-19,CDFI3261142016000067,2016-10-27,영업/정상(영업중),37.5625175425075,126.921277215201,2
Elisha's house,외국인관광도시민박업,"서울특별시 마포구 와우산로33길 36, 201호 (서교동, 한일빌리지)",서울 마포구 서교동 329-12,CDFI3261142016000065,2016-10-27,영업/정상(영업중),37.5559295760964,126.928703158548,4
Gon&Soomin,외국인관광도시민박업,"서울특별시 마포구 와우산로35길 17, 101호 (서교동, 각산타운)",서울 마포구 서교동 326-1,CDFI3261142016000071,2016-11-10,영업/정상(영업중),37.5557496406848,126.929593668212,3
Mei House,외국인관광도시민박업,"서울특별시 마포구 동교로17안길 39 (서교동, 청기와빌라)",서울 마포구 서교동 448-32,CDFI3261142016000079,2016-11-29,영업/정상(영업중),37.5563331971556,126.918107813876,3
회랑정,외국인관광도시민박업,"서울특별시 강서구 공항대로53나길 6-9, 502호 (등촌동, 회랑정)",서울 강서구 등촌동 643-40,CDFI3261142017000003,2017-07-25,영업/정상(영업중),37.5550233195298,126.859538434107,2
라벨메종,외국인관광도시민박업,"서울특별시 마포구 연남로3길 73-8, 202호 (연남동, 라벨메종)",서울 마포구 연남동 564-14,CDFI3261142016000072,2016-11-11,영업/정상(영업중),37.5592535397801,126.919067432305,2
Chuls' lodge,외국인관광도시민박업,"서울특별시 마포구 와우산로29길 48-10, 3층 (서교동)",서울 마포구 서교동 328-70,CDFI3261142016000074,2016-11-22,영업/정상(영업중),37.5558348330301,126.927881945661,3
Comestay,외국인관광도시민박업,"서울특별시 송파구 풍성로10길 4, 301호 (풍납동)",서울 송파구 풍납동 222-180,CDFI3261142015000011,2015-10-30,영업/정상(영업중),37.5339408,127.1159780,2
Sarah's home,외국인관광도시민박업,"서울특별시 마포구 포은로2나길 32, 201호 (합정동)",서울 마포구 합정동 391-37,CDFI3261142016000077,2016-11-28,영업/정상(영업중),37.5507890750656,126.909100864816,3
마이리틀게스트하우스,외국인관광도시민박업,서울특별시 마포구 연남로5길 30-9 (연남동),서울 마포구 연남동 504-19,CDFI3261142016000082,2016-12-02,영업/정상(영업중),37.5618069475043,126.919968096607,6
루나플로레 건대점,외국인관광도시민박업,"서울특별시 광진구 뚝섬로51길 38-8, B02호 (자양동)",서울 광진구 자양동 623-41,CDFI2262212026000012,2026-01-30,영업/정상(영업중),37.533760119786,127.080830111818,4
블리스홈,외국인관광도시민박업,"서울특별시 광진구 뚝섬로51길 38-8, 101호 (자양동)",서울 광진구 자양동 623-41,CDFI2262212026000013,2026-01-30,영업/정상(영업중),37.533760119786,127.080830111818,4
한스테이1,외국인관광도시민박업,"서울특별시 마포구 성미산로 64-3, B02호 (성산동)",서울 마포구 성산동 239-12,CDFI2262212026000042,2026-01-29,영업/정상(영업중),37.5594555178553,126.91543166546,4
Mei House,외국인관광도시민박업,"서울특별시 마포구 동교로17안길 39 (서교동, 청기와빌라)",서울 마포구 서교동 448-32,CDFI3261142016000080,2016-11-29,영업/정상(영업중),37.5563331971556,126.918107813876,3
쭈니홈,외국인관광도시민박업,"서울특별시 마포구 연희로1길 41 (연남동, 예일빌라)",서울 마포구 연남동 381-6,CDFI3261142016000087,2016-12-22,영업/정상(영업중),37.5607909474682,126.92570250111,3
마이리틀게스트하우스2,외국인관광도시민박업,서울특별시 마포구 연남로5길 30-9 (연남동),서울 마포구 연남동 504-19,CDFI3261142016000084,2016-12-14,영업/정상(영업중),37.5618069475043,126.919968096607,6
모노하우스 3호점,외국인관광도시민박업,"서울특별시 마포구 양화로15안길 7, 1층 (서교동)",서울 마포구 서교동 375-42,CDFI3261142016000085,2016-12-14,영업/정상(영업중),37.5542791797792,126.919002532481,4
이너프,외국인관광도시민박업,"서울특별시 마포구 와우산로35길 39, 201호 (서교동, 서교빌라)",서울 마포구 서교동 329-11,CDFI3261142016000086,2016-12-15,영업/정상(영업중),37.5562330846734,126.928641189268,2
식스모닝 하우스,외국인관광도시민박업,서울특별시 마포구 와우산로29가길 75 (서교동),서울 마포구 서교동 343-16,CDFI3261142017000003,2017-01-06,영업/정상(영업중),37.5537398947402,126.925370668374,3
다산하우스,외국인관광도시민박업,"서울특별시 강서구 공항대로8길 8, 2층 (공항동)",서울 강서구 공항동 34-37,CDFI3261142017000002,2017-07-24,영업/정상(영업중),37.5606661387372,126.812145126982,2
홍대제이케이하우스,외국인관광도시민박업,"서울특별시 마포구 와우산로23길 20-14, 301호 (서교동)",서울 마포구 서교동 342-17,CDFI3261142016000017,2016-04-14,영업/정상(영업중),37.5540449677707,126.924795114882,3
주주게스트하우스3,외국인관광도시민박업,"서울특별시 마포구 양화로7길 66, 1층 101호 (서교동)",서울 마포구 서교동 483-16,CDFI3261142016000023,2016-05-12,영업/정상(영업중),37.5535932208395,126.913992197252,4
주주게스트하우스2,외국인관광도시민박업,"서울특별시 마포구 양화로7길 66, B02호 (서교동)",서울 마포구 서교동 483-16,CDFI3261142016000025,2016-05-12,영업/정상(영업중),37.5535932208395,126.913992197252,4
guesthouse345,외국인관광도시민박업,서울특별시 마포구 와우산로 8-7 (상수동),서울 마포구 상수동 345-10,CDFI3261142016000020,2016-05-04,영업/정상(영업중),37.5452740873727,126.923359465435,2
반딧불게스트하우스2,외국인관광도시민박업,"서울특별시 마포구 동교로38길 28, 3층 (연남동)",서울 마포구 연남동 382-1,CDFI3261142016000022,2016-05-09,영업/정상(영업중),37.5616515937284,126.925439402109,2
N,외국인관광도시민박업,"서울특별시 용산구 소월로2나길 6-2 (후암동, 객실 : 1)",서울 용산구 후암동 439-3,CDFI3261142016000013,2016-04-21,영업/정상(영업중),37.5532245072958,126.976960286212,2
포시즌하우스,외국인관광도시민박업,서울특별시 마포구 월드컵로5길 39-5 (합정동),서울 마포구 합정동 389-6,CDFI3261142016000018,2016-04-22,영업/정상(영업중),37.5513501478428,126.910188398504,2
주주게스트하우스1,외국인관광도시민박업,"서울특별시 마포구 양화로7길 66, B01호 (서교동)",서울 마포구 서교동 483-16,CDFI3261142016000024,2016-05-12,영업/정상(영업중),37.5535932208395,126.913992197252,4
필스테이명동부띠끄,외국인관광도시민박업,"서울특별시 중구 퇴계로16길 11, 2~3층 (남산동1가, 이일빌딩)",서울 중구 남산동1가 7-4,CDFI3261142016000013,2016-05-26,영업/정상(영업중),37.5602720101442,126.984667756104,2
보눔,외국인관광도시민박업,서울특별시 종로구 북촌로 53 (가회동),서울 종로구 가회동 30-2,CDFI3261142016000012,2016-05-26,영업/정상(영업중),37.5817789378496,126.984597116934,2
판판게스트하우스,외국인관광도시민박업,"서울특별시 마포구 와우산로29라길 17, 303호 (서교동)",서울 마포구 서교동 334-35,CDFI3261142016000030,2016-05-27,영업/정상(영업중),37.5550035376085,126.927237209888,2
Monoplan House Seongsu - Studio A,외국인관광도시민박업,"서울특별시 성동구 서울숲7길 10, 201호 (성수동1가)",서울 성동구 성수동1가 685-312,CDFI2262212026000008,2026-01-29,영업/정상(영업중),37.5484830883875,127.042778943119,2
스테이앤컴퍼니(Stay N Co.),외국인관광도시민박업,"서울특별시 관악구 관천로24길 21-9, B02호 (신림동)",서울 관악구 신림동 1448-27,CDFI2262212026000031,2026-01-29,영업/정상(영업중),37.489028677096,126.922791445919,3
stay 이레,외국인관광도시민박업,"서울특별시 강동구 명일로 157-5, 대광맨션 3층 302호 (둔촌동)",서울 강동구 둔촌동 52-8,CDFI2262212026000005,2026-01-29,영업/정상(영업중),37.5330230905142,127.143980792046,2
동준하우스,외국인관광도시민박업,"서울특별시 강남구 도곡로25길 32, 302호 (역삼동)",서울 강남구 역삼동 777-40,CDFI2262212026000036,2026-01-28,영업/정상(영업중),37.4947905706112,127.040890026378,8
Namsan Fresh House,외국인관광도시민박업,"서울특별시 용산구 신흥로11길 7, 2층 (용산동2가, 객실:3개)",서울 용산구 용산동2가 37,CDFI3261142016000015,2016-06-22,영업/정상(영업중),37.543178576459,126.987224482448,2
로이즈하우스,외국인관광도시민박업,"서울특별시 중구 퇴계로20길 41-9, 101호 (남산동2가)",서울 중구 남산동2가 20-2,CDFI3261142016000014,2016-06-22,영업/정상(영업중),37.5587283915085,126.986640996883,4
카메 게스트하우스,외국인관광도시민박업,"서울특별시 용산구 이태원로16길 21-8, 지층 (이태원동, 객실:1개)",서울 용산구 이태원동 76-4,CDFI3261142016000019,2016-07-25,영업/정상(영업중),37.5332770907151,126.991957453812,2
Q-하우스,외국인관광도시민박업,"서울특별시 마포구 신촌로2안길 47, 303호 (동교동)",서울 마포구 동교동 178-7,CDFI3261142016000045,2016-07-11,영업/정상(영업중),37.5567430739298,126.929582887291,6
Jane House,외국인관광도시민박업,"서울특별시 마포구 와우산로37길 38, 402호 (동교동, 동진빌라)",서울 마포구 동교동 177-19,CDFI3261142016000016,2016-04-07,영업/정상(영업중),37.5566768699791,126.929013338828,5
Travel Holic2,외국인관광도시민박업,"서울특별시 용산구 녹사평대로26가길 26, 2층 (이태원동, 객실2)",서울 용산구 이태원동 79-14,CDFI3261142016000011,2016-04-05,영업/정상(영업중),37.5325246411136,126.993001918066,3
딥서울 게스트하우스,외국인관광도시민박업,서울특별시 마포구 양화로23길 16-4 (동교동),서울 마포구 동교동 147-68,CDFI3261142016000046,2016-07-11,영업/정상(영업중),37.5593227186351,126.925472847096,2
벙크2 게스트하우스,외국인관광도시민박업,"서울특별시 마포구 와우산로29라길 19-1, 1층 (서교동)",서울 마포구 서교동 334-34,CDFI3261142016000047,2016-07-27,영업/정상(영업중),37.5549074258628,126.927131147514,4
김치다운타운 게스트하우스 3A,외국인관광도시민박업,"서울특별시 서대문구 서소문로 43-45, 3층 A호 (합동, 에쉬빌팔레스)",서울 서대문구 합동 31-13,CDFI3261142016000010,2016-04-12,영업/정상(영업중),37.5607662471147,126.964992313298,5
삼형제 게스트하우스,외국인관광도시민박업,서울특별시 종로구 이화장1나길 28-1 (이화동),서울 종로구 이화동 9-539,CDFI3261142016000007,2016-03-30,영업/정상(영업중),37.5774871901672,127.007484208661,2
모노하우스(2호점),외국인관광도시민박업,서울특별시 마포구 동교로45길 16 (연남동),서울 마포구 연남동 229-23,CDFI3261142016000015,2016-04-01,영업/정상(영업중),37.5635415183535,126.924438995455,3
김치다운타운 게스트하우스 2B,외국인관광도시민박업,"서울특별시 서대문구 서소문로 43-45, 2층 B호 (합동, 에쉬빌팔레스)",서울 서대문구 합동 31-13,CDFI3261142016000009,2016-04-12,영업/정상(영업중),37.5607662471147,126.964992313298,5
코비게스트하우스,외국인관광도시민박업,서울특별시 종로구 종로53길 12-8 (창신동),서울 종로구 창신동 197-49,CDFI3261142016000008,2016-04-14,영업/정상(영업중),37.5731962284083,127.01410735002,2
Maji's house,외국인관광도시민박업,"서울특별시 용산구 이태원로15길 33, 102호 (이태원동, 운산빌라 / 객실:2개)",서울 용산구 이태원동 181-36,CDFI3261142016000016,2016-07-04,영업/정상(영업중),37.5353915902969,126.990000757231,2
모모하우스,외국인관광도시민박업,"서울특별시 마포구 월드컵로8길 68, 202호 (서교동)",서울 마포구 서교동 377-14,CDFI3261142016000042,2016-06-28,영업/정상(영업중),37.5534496525061,126.916065868582,2
펌킨게스트하우스2,외국인관광도시민박업,"서울특별시 마포구 홍익로 3-13, 1층 201호 (서교동)",서울 마포구 서교동 358-93,CDFI3261142016000038,2016-06-16,영업/정상(영업중),37.5527569263075,126.923293181831,2
김치다운타운 게스트하우스 2A,외국인관광도시민박업,"서울특별시 서대문구 서소문로 43-45 (합동, 에쉬빌팔레스)",서울 서대문구 합동 31-13,CDFI3261142016000008,2016-04-12,영업/정상(영업중),37.5607662471147,126.964992313298,5
김치다운타운 게스트하우스 3B,외국인관광도시민박업,"서울특별시 서대문구 서소문로 43-45, 3층 B호 (합동, 에쉬빌팔레스)",서울 서대문구 합동 31-13,CDFI3261142016000011,2016-04-12,영업/정상(영업중),37.5607662471147,126.964992313298,5
Sogni d'oro,외국인관광도시민박업,"서울특별시 마포구 양화로6길 14, 지하층 (합정동)",서울 마포구 합정동 414-16,CDFI3261142016000040,2016-06-17,영업/정상(영업중),37.5491963881277,126.914914555972,2
여니하우스,외국인관광도시민박업,"서울특별시 강남구 도곡로25길 32, 201호 (역삼동)",서울 강남구 역삼동 777-40,CDFI2262212026000035,2026-01-28,영업/정상(영업중),37.4947905706112,127.040890026378,8
첼시 하우스 Ⅱ,외국인관광도시민박업,"서울특별시 동작구 상도로41길 27, 더라빌 402호 (상도1동)",서울 동작구 상도1동 450-7,CDFI2262212026000006,2026-01-28,영업/정상(영업중),37.50224679921,126.950503488633,2
우담바라 게스트하우스,외국인관광도시민박업,"서울특별시 서초구 서초중앙로24길 33, 103동 103호 (서초동)",서울 서초구 서초동 1686-9,CDFI3261142016000006,2016-06-28,영업/정상(영업중),37.4957534654582,127.017054758494,2
벙크게스트하우스,외국인관광도시민박업,서울특별시 마포구 와우산로29라길 19-1 (서교동),서울 마포구 서교동 334-34,CDFI3261142016000037,2016-06-16,영업/정상(영업중),37.5549074258628,126.927131147514,4
순화하우스,외국인관광도시민박업,"서울특별시 강남구 도곡로25길 32, 202호 (역삼동)",서울 강남구 역삼동 777-40,CDFI2262212026000037,2026-01-28,영업/정상(영업중),37.4947905706112,127.040890026378,8
이지트립 게스트하우스,외국인관광도시민박업,"서울특별시 마포구 와우산로27길 62, 3~4층 (서교동)",서울 마포구 서교동 347-14,CDFI3261142016000039,2016-06-16,영업/정상(영업중),37.5553302811173,126.925426913887,2
매종드웨이브,외국인관광도시민박업,"서울특별시 마포구 와우산로29길 48-24, 302호 (서교동)",서울 마포구 서교동 329-1,CDFI2262212026000034,2026-01-29,영업/정상(영업중),37.5563066295401,126.928085884376,6
홈스테이,외국인관광도시민박업,"서울특별시 관악구 남부순환로141길 36, B02호 (신림동)",서울 관악구 신림동 546-23,CDFI2262212026000027,2026-01-27,영업/정상(영업중),37.4827502930162,126.909490775031,3
대원아트빌,외국인관광도시민박업,"서울특별시 광진구 자양번영로5길 37-1, 402호 (자양동, 대원아트빌)",서울 광진구 자양동 464-1,CDFI2262212026000015,2026-01-30,영업/정상(영업중),37.5328173412897,127.073331703732,4
온스테이,외국인관광도시민박업,"서울특별시 광진구 동일로10나길 22, 101호 (자양동)",서울 광진구 자양동 842-3,CDFI2262212026000016,2026-01-30,영업/정상(영업중),37.5382721196121,127.064641216912,2
무드하우스 3호점,외국인관광도시민박업,"서울특별시 마포구 성미산로 64-3, B01호 (성산동)",서울 마포구 성산동 239-12,CDFI2262212026000043,2026-01-29,영업/정상(영업중),37.5594555178553,126.91543166546,4
파인트리,외국인관광도시민박업,서울특별시 관악구 인헌19길 3 (봉천동),서울 관악구 봉천동 180-151,CDFI2262212024000076,2024-07-25,영업/정상(영업중),37.4703129070866,126.96834144209,3
라르고 하우스,외국인관광도시민박업,"서울특별시 마포구 월드컵로8길 37-13, 501호 (서교동)",서울 마포구 서교동 483-27,CDFI2262212023000177,2023-11-23,영업/정상(영업중),37.5539202450448,126.914187720457,2
써니 스테이,외국인관광도시민박업,서울특별시 서대문구 성산로16길 4 (연희동),서울 서대문구 연희동 344-44,CDFI2262212026000013,2026-01-30,영업/정상(영업중),37.5629804458524,126.930412546685,2
온슬로 스테이,외국인관광도시민박업,"서울특별시 광진구 동일로2길 32, 202호 (자양동)",서울 광진구 자양동 193-22,CDFI2262212026000017,2026-01-30,영업/정상(영업중),37.5347030624623,127.061978960143,3
기재스 망원 스테이,외국인관광도시민박업,"서울특별시 마포구 동교로 44-6, 1층 201호 (합정동)",서울 마포구 합정동 433-26,CDFI2262212026000033,2026-01-27,영업/정상(영업중),37.5524691334889,126.907091322732,4
Easy Flow Haus,외국인관광도시민박업,"서울특별시 서대문구 신촌로1안길 12, 302호 (창천동)",서울 서대문구 창천동 294,CDFI2262212026000012,2026-01-30,영업/정상(영업중),37.5599427380433,126.92965582003,2
무띠코지,외국인관광도시민박업,"서울특별시 종로구 종로53길 3, 702호 (창신동)",서울 종로구 창신동 177,CDFI2262212025000095,2025-08-14,영업/정상(영업중),37.5727668942167,127.013421166492,2
스너그스테이,외국인관광도시민박업,"서울특별시 구로구 공원로6나길 35-8, 2층 (구로동)",서울 구로구 구로동 29-24,CDFI2262212026000002,2026-01-19,영업/정상(영업중),37.5046025554912,126.89157852606,2
별하우스,외국인관광도시민박업,"서울특별시 종로구 율곡로23길 7, 1층 101호 (충신동)",서울 종로구 충신동 12-4,CDFI2262212025000080,2025-06-27,영업/정상(영업중),37.5751624268673,127.006233307167,3
어반스테이 강남,외국인관광도시민박업,"서울특별시 강남구 선릉로115길 41, 201호 (논현동)",서울 강남구 논현동 272-2,CDFI2262212026000033,2026-01-26,영업/정상(영업중),37.5113631659023,127.039719588198,3
제이 스테이,외국인관광도시민박업,"서울특별시 광진구 자양로22길 64, 201호 (구의동)",서울 광진구 구의동 242-7,CDFI2262212026000008,2026-01-26,영업/정상(영업중),37.5396850557343,127.086853571363,6
HUE STAY,외국인관광도시민박업,"서울특별시 광진구 동일로2길 32, 3층 302호 (자양동)",서울 광진구 자양동 193-22,CDFI2262212026000009,2026-01-26,영업/정상(영업중),37.5347030624623,127.061978960143,3
감성스테이(感性),외국인관광도시민박업,"서울특별시 강동구 고덕로14가길 10, 202호 (암사동)",서울 강동구 암사동 459-31,CDFI2262212026000004,2026-01-27,영업/정상(영업중),37.5542561522192,127.132241839892,2
우리하우스,외국인관광도시민박업,"서울특별시 강남구 테헤란로55길 47, B동 402호 (역삼동)",서울 강남구 역삼동 695-18,CDFI2262212026000034,2026-01-26,영업/정상(영업중),37.5068515330821,127.045080397241,4
SJ Home,외국인관광도시민박업,"서울특별시 은평구 가좌로 293, 601호 (신사동)",서울 은평구 신사동 39-28,CDFI2262212026000005,2026-01-26,영업/정상(영업중),37.5942076155737,126.911664416938,6
Stay Onyu,외국인관광도시민박업,"서울특별시 중랑구 동일로172길 48, 3층 301호 (묵동)",서울 중랑구 묵동 160-20,CDFI2262212026000002,2026-01-26,영업/정상(영업중),37.6174805201745,127.078550763936,2
가희하우스 연남,외국인관광도시민박업,"서울특별시 마포구 동교로51길 43, 3층 (연남동)",서울 마포구 연남동 223-122,CDFI2262212024000408,2024-11-22,영업/정상(영업중),37.5654887214966,126.9245336917,5
게스트 남산,외국인관광도시민박업,"서울특별시 중구 동호로11라길 13, 힐탑하우스 101호 (신당동)",서울 중구 신당동 432-518,CDFI2262212026000009,2026-01-22,영업/정상(영업중),37.5519396108518,127.006120467898,2
스테이 이오동,외국인관광도시민박업,"서울특별시 양천구 중앙로36길 43, 201호 (신정동)",서울 양천구 신정동 1023-19,CDFI2262212025000024,2025-05-29,영업/정상(영업중),37.5199815506604,126.858934478791,2
아스트라 스테이,외국인관광도시민박업,"서울특별시 마포구 월드컵로7안길 5, 지층 101호 (합정동)",서울 마포구 합정동 429-33,CDFI2262212024000333,2024-10-17,영업/정상(영업중),37.5526096818955,126.909989972973,4
하울의 집,외국인관광도시민박업,"서울특별시 마포구 월드컵로3길 31-25, 1층 (합정동)",서울 마포구 합정동 387-16,CDFI2262212024000198,2024-07-31,영업/정상(영업중),37.5498261582382,126.911325722975,2
토토네,외국인관광도시민박업,"서울특별시 양천구 남부순환로60길 26-3, 301호 (신월동, 레이크빌)",서울 양천구 신월동 195-28,CDFI2262212026000002,2026-01-23,영업/정상(영업중),37.5308296850483,126.827870878393,3
명동게스트하우스,외국인관광도시민박업,"서울특별시 중구 퇴계로24길 2-5, 전층 (남산동3가)",서울 중구 남산동3가 13-33,CDFI3261142016000016,2016-07-29,영업/정상(영업중),37.5606165421046,126.986830577784,2
guesthouse pajamaparty,외국인관광도시민박업,서울특별시 마포구 성미산로 157-6 (연남동),서울 마포구 연남동 240-10,CDFI3261142016000049,2016-07-28,영업/정상(영업중),37.5649357849245,126.923699829873,2
한스테이,외국인관광도시민박업,"서울특별시 마포구 동교로 44-6, 지층 102호 (합정동)",서울 마포구 합정동 433-26,CDFI2262212026000032,2026-01-27,영업/정상(영업중),37.5524691334889,126.907091322732,4
팝스테이,외국인관광도시민박업,"서울특별시 성동구 연무장7길 4, 해피드림 603호 (성수동2가)",서울 성동구 성수동2가 315-54,CDFI2262212026000006,2026-01-26,영업/정상(영업중),37.5429998666542,127.054606568619,2
감자2 게스트하우스,외국인관광도시민박업,서울특별시 마포구 신촌로2안길 44 (동교동),서울 마포구 동교동 177-8,CDFI3261142016000048,2016-07-27,영업/정상(영업중),37.5566659851971,126.92934257575,2
림 스테이,외국인관광도시민박업,"서울특별시 관악구 신림로11길 89-5, 201호 (신림동)",서울 관악구 신림동 251-83,CDFI2262212026000026,2026-01-27,영업/정상(영업중),37.4665281545042,126.939008694503,2
인더가든(IN THE GARDEN),외국인관광도시민박업,서울특별시 동작구 흑석로5길 93 (흑석동),서울 동작구 흑석동 186-16,CDFI3261142016000002,2016-08-29,영업/정상(영업중),37.5093817823603,126.958490915983,2
남산 마이,외국인관광도시민박업,"서울특별시 중구 퇴계로18길 79-4, 1층 (남산동2가)",서울 중구 남산동2가 50-6,CDFI3261142016000015,2016-07-28,영업/정상(영업중),37.5574263222969,126.984833803012,3
B&R HOUSE,외국인관광도시민박업,"서울특별시 마포구 신촌로2안길 12, 301호 (동교동)",서울 마포구 동교동 176-17,CDFI3261142016000050,2016-07-29,영업/정상(영업중),37.557378541512,126.927783352702,4
토미의 집,외국인관광도시민박업,"서울특별시 구로구 오류로8바길 14-9, 2층 (오류동)",서울 구로구 오류동 145-130,CDFI2262212026000003,2026-01-26,영업/정상(영업중),37.493017570635,126.846171547633,2
Yellow Cozy Home,외국인관광도시민박업,"서울특별시 마포구 월드컵로8길 37-12, 2층 202호 (서교동)",서울 마포구 서교동 483-33,CDFI2262212025000205,2025-05-02,영업/정상(영업중),37.5538573540623,126.914434165665,6
비타민 스테이,외국인관광도시민박업,"서울특별시 관악구 봉천로6길 55, 103호 (신림동)",서울 관악구 신림동 1439-22,CDFI2262212026000024,2026-01-22,영업/정상(영업중),37.4873231815347,126.926065574046,3
하니 스테이,외국인관광도시민박업,"서울특별시 동대문구 망우로18길 16, 1층 102호 (휘경동)",서울 동대문구 휘경동 286-226,CDFI2262212025000031,2025-12-11,영업/정상(영업중),37.5891910060647,127.062493089808,2
하우스 홍대,외국인관광도시민박업,"서울특별시 마포구 와우산로25길 22, 101호 (서교동, 협화빌라)",서울 마포구 서교동 340-12,CDFI3261142016000056,2016-09-09,영업/정상(영업중),37.5542820679405,126.926155425259,6
코지 스테이 명동,외국인관광도시민박업,"서울특별시 중구 퇴계로20나길 2-15, 203호 (남산동2가, 능마루빌라)",서울 중구 남산동2가 39-5,CDFI2262212026000011,2026-01-22,영업/정상(영업중),37.5588061724479,126.985332413896,11
까사미아(CASAMIA),외국인관광도시민박업,"서울특별시 강북구 도봉로20가길 89, B층 1호 (미아동, 화계그린빌라)",서울 강북구 미아동 131-23,CDFI2262212026000002,2026-01-16,영업/정상(영업중),37.6224323889107,127.028322218356,2
명동힐,외국인관광도시민박업,"서울특별시 중구 퇴계로20길 25-16, 301호 (남산동2가)",서울 중구 남산동2가 18-2,CDFI2262212024000036,2024-07-10,영업/정상(영업중),37.5589371497558,126.986616399848,2
헬로우 서울 스테이,외국인관광도시민박업,"서울특별시 관악구 신림로48길 17-12, 301호 (신림동)",서울 관악구 신림동 91-46,CDFI2262212026000023,2026-01-22,영업/정상(영업중),37.4795300197818,126.933371420889,4
햅투하우스,외국인관광도시민박업,"서울특별시 서대문구 신촌로1안길 11, 102호 (창천동)",서울 서대문구 창천동 316,CDFI2262212025000014,2025-01-21,영업/정상(영업중),37.5600101464841,126.929377220091,4
규스테이,외국인관광도시민박업,"서울특별시 강남구 영동대로 602, 1804호 (삼성동, 삼성동 미켈란 107)",서울 강남구 삼성동 107,CDFI2262212026000029,2026-01-21,영업/정상(영업중),37.5147215906749,127.060483947525,8
신촌집 게스트하우스,외국인관광도시민박업,"서울특별시 서대문구 신촌로3나길 10, 401호 (창천동)",서울 서대문구 창천동 501-1,CDFI2262212026000004,2026-01-19,영업/정상(영업중),37.5587663263392,126.929992499814,2
"우리집, 신림",외국인관광도시민박업,"서울특별시 관악구 관천로26길 35, 102호 (신림동)",서울 관악구 신림동 1445-10,CDFI2262212026000018,2026-01-19,영업/정상(영업중),37.4895052326219,126.922948806412,2
더 에이,외국인관광도시민박업,"서울특별시 서대문구 홍연2길 16, 402호 (연희동, 더클래식 하우스)",서울 서대문구 연희동 703-15,CDFI2262212026000007,2026-01-21,영업/정상(영업중),37.5743266617599,126.928123802042,2
하나현스테이,외국인관광도시민박업,"서울특별시 강서구 공항대로8길 30-2, 101호 (공항동)",서울 강서구 공항동 41-37,CDFI2262212026000007,2026-01-20,영업/정상(영업중),37.5597103710373,126.812150469261,2
혜화네스트스테이,외국인관광도시민박업,"서울특별시 종로구 성균관로1길 12, 301호 (명륜3가)",서울 종로구 명륜3가 143-4,CDFI2262212026000011,2026-01-21,영업/정상(영업중),37.5831376272952,126.997690408623,3
라온스테이,외국인관광도시민박업,"서울특별시 금천구 독산로44길 29, 302호 (시흥동, 인경스마트빌딩)",서울 금천구 시흥동 791-34,CDFI2262212026000001,2026-01-18,영업/정상(영업중),37.4612709062919,126.906334841847,6
이안서울,외국인관광도시민박업,"서울특별시 강서구 강서로45가길 54-6, 102호 (화곡동)",서울 강서구 화곡동 1014-27,CDFI2262212026000009,2026-01-21,영업/정상(영업중),37.5455018064858,126.835505200709,3
서울 워너비 스테이,외국인관광도시민박업,"서울특별시 관악구 신림로48길 17-12, 302호 (신림동)",서울 관악구 신림동 91-46,CDFI2262212025000021,2025-02-07,영업/정상(영업중),37.4795300197818,126.933371420889,4
마이스위레트로홈,외국인관광도시민박업,"서울특별시 마포구 신촌로2안길 47, 101호 (동교동)",서울 마포구 동교동 178-7,CDFI2262212026000021,2026-01-15,영업/정상(영업중),37.5567430739298,126.929582887291,6
루미스테이,외국인관광도시민박업,"서울특별시 마포구 월드컵로7안길 5, 지층 102호 (합정동)",서울 마포구 합정동 429-33,CDFI2262212024000311,2024-10-10,영업/정상(영업중),37.5526096818955,126.909989972973,4
숨스테이,외국인관광도시민박업,"서울특별시 마포구 와우산로26길 58, 302호 (창전동, 살롬하우스)",서울 마포구 창전동 6-105,CDFI2262212026000023,2026-01-15,영업/정상(영업중),37.5530658038023,126.928634476657,8
누비스테이 홍대,외국인관광도시민박업,"서울특별시 마포구 와우산로33길 43, 304호 (서교동)",서울 마포구 서교동 328-65,CDFI2262212026000024,2026-01-16,영업/정상(영업중),37.5559020316171,126.9281515746,2
꿀잠신촌,외국인관광도시민박업,"서울특별시 마포구 고산5길 6-8, 1층 (노고산동)",서울 마포구 노고산동 19-146,CDFI2262212023000192,2023-12-08,영업/정상(영업중),37.5547949144686,126.940515359004,2
스테이샤인(STAY SHINE),외국인관광도시민박업,"서울특별시 송파구 백제고분로44길 21-1, 대중빌라 103호 (송파동)",서울 송파구 송파동 118-31,CDFI2262212026000006,2026-01-16,영업/정상(영업중),37.5067470427891,127.112840781,3
아복화도,외국인관광도시민박업,서울특별시 종로구 삼청로9길 26 (삼청동),서울 종로구 삼청동 10,CDFI2262212026000006,2026-01-16,영업/정상(영업중),37.5874925761041,126.981400365926,2
비치움 더 프레쉬,외국인관광도시민박업,"서울특별시 강동구 강동대로55길 92, 101호 (성내동)",서울 강동구 성내동 429-14,CDFI2262212023000013,2023-12-19,영업/정상(영업중),37.5262385376608,127.134202105549,3
블랑스테이,외국인관광도시민박업,"서울특별시 마포구 토정로2길 11, 1층 201호 (합정동)",서울 마포구 합정동 91-17,CDFI2262212026000027,2026-01-16,영업/정상(영업중),37.5451040964414,126.913241757682,2
머무리움,외국인관광도시민박업,"서울특별시 강남구 도산대로16길 13-3, 101호 (논현동)",서울 강남구 논현동 10-1,CDFI2262212026000022,2026-01-16,영업/정상(영업중),37.5173514743704,127.025055715324,2
CHILLAX HOUSE,외국인관광도시민박업,"서울특별시 광진구 동일로10나길 22, 202호 (자양동)",서울 광진구 자양동 842-3,CDFI2262212024000045,2024-10-29,영업/정상(영업중),37.5382721196121,127.064641216912,2
하이드 아웃,외국인관광도시민박업,"서울특별시 중구 퇴계로20나길 15-22, 102호 (예장동)",서울 중구 예장동 8-88,CDFI2262212024000009,2024-03-05,영업/정상(영업중),37.5575691507048,126.9857193807,5
더코지하우스 2호,외국인관광도시민박업,"서울특별시 강동구 올림픽로62길 9-14, 602호 (성내동)",서울 강동구 성내동 81-1,CDFI2262212024000056,2024-12-12,영업/정상(영업중),37.5369625268254,127.123801201293,14
리본 스테이,외국인관광도시민박업,"서울특별시 마포구 와우산로 8-9, 201호 (상수동)",서울 마포구 상수동 345-9,CDFI2262212026000025,2026-01-16,영업/정상(영업중),37.5453591142021,126.92345601539,2
스테이(STAY),외국인관광도시민박업,"서울특별시 관악구 봉천로 310, 301호 (봉천동)",서울 관악구 봉천동 960-13,CDFI2262212026000014,2026-01-16,영업/정상(영업중),37.4860467612047,126.935018809319,2
위드유게스트하우스,외국인관광도시민박업,"서울특별시 중구 퇴계로20가길 8-1, 1층 (남산동2가)",서울 중구 남산동2가 14-6,CDFI2262212023000001,2023-01-10,영업/정상(영업중),37.5595556388932,126.986222197953,2
스테이 노브(Stay NOV),외국인관광도시민박업,"서울특별시 송파구 백제고분로46길 4-17, B03호 (송파동)",서울 송파구 송파동 133-14,CDFI2262212026000002,2026-01-05,영업/정상(영업중),37.5079444926235,127.111401330414,2
Stay Yunsul(스테이 윤슬),외국인관광도시민박업,"서울특별시 관악구 신림로58가길 7-23, b1호 (신림동)",서울 관악구 신림동 87-4,CDFI2262212026000017,2026-01-19,영업/정상(영업중),37.4820876815824,126.931425490699,2
메종 칠렉스,외국인관광도시민박업,"서울특별시 강남구 언주로153길 14-2, B02호 (신사동)",서울 강남구 신사동 626-72,CDFI2262212026000024,2026-01-19,영업/정상(영업중),37.5229079892673,127.032019688287,8
세이프 스테이,외국인관광도시민박업,"서울특별시 서대문구 신촌로3가길 16, 902호 (창천동)",서울 서대문구 창천동 503-22,CDFI2262212026000003,2026-01-19,영업/정상(영업중),37.5581969518079,126.929782635548,7
센트럴 신림,외국인관광도시민박업,"서울특별시 관악구 남부순환로180길 39, 103호 (신림동)",서울 관악구 신림동 75-55,CDFI2262212024000036,2024-05-08,영업/정상(영업중),37.4827623778323,126.931306496477,4
벨라리움,외국인관광도시민박업,"서울특별시 강남구 언주로153길 14-2, 102호 (신사동)",서울 강남구 신사동 626-72,CDFI2262212026000025,2026-01-19,영업/정상(영업중),37.5229079892673,127.032019688287,8
스테이 언주,외국인관광도시민박업,"서울특별시 강남구 봉은사로24길 20, 101호 (역삼동)",서울 강남구 역삼동 610-3,CDFI2262212026000010,2026-01-12,영업/정상(영업중),37.5055384788168,127.032521887847,2
스테이 딸로(STAY TALO),외국인관광도시민박업,"서울특별시 관악구 은천로9길 14, 301호 (봉천동)",서울 관악구 봉천동 938-1,CDFI2262212026000006,2026-01-12,영업/정상(영업중),37.4867629601055,126.940825559131,3
리모멘트,외국인관광도시민박업,"서울특별시 관악구 신림로11길 89-5, 301호 (신림동)",서울 관악구 신림동 251-83,CDFI2262212026000012,2026-01-15,영업/정상(영업중),37.4665281545042,126.939008694503,2
더 쉼 하우스,외국인관광도시민박업,"서울특별시 강남구 언주로104길 25-1, 101호 (역삼동)",서울 강남구 역삼동 685-5,CDFI2262212026000012,2026-01-12,영업/정상(영업중),37.5078291689859,127.04227686157,3
The 명동 BNB2,외국인관광도시민박업,"서울특별시 중구 퇴계로20나길 2-15, 101호 (남산동2가, 능마루빌라)",서울 중구 남산동2가 39-5,CDFI2262212024000035,2024-07-09,영업/정상(영업중),37.5588061724479,126.985332413896,11
상수채,외국인관광도시민박업,"서울특별시 마포구 와우산로 8-5, 302호 (상수동)",서울 마포구 상수동 345-6,CDFI2262212026000020,2026-01-13,영업/정상(영업중),37.5453872670914,126.923242683544,3
라포레 홍,외국인관광도시민박업,"서울특별시 서대문구 연희로2길 65, 라포레 701호 (창천동)",서울 서대문구 창천동 372,CDFI2262212025000020,2025-02-11,영업/정상(영업중),37.5588328214886,126.927899088867,5
서강채,외국인관광도시민박업,"서울특별시 마포구 와우산로 8-5, 501호 (상수동)",서울 마포구 상수동 345-6,CDFI2262212026000017,2026-01-13,영업/정상(영업중),37.5453872670914,126.923242683544,3
서울우드 포근채,외국인관광도시민박업,"서울특별시 영등포구 선유로54길 13-6, 202호 (당산동6가)",서울 영등포구 당산동6가 345-2,CDFI2262212026000005,2026-01-14,영업/정상(영업중),37.5361990679759,126.900130626435,2
서울스테이2,외국인관광도시민박업,"서울특별시 강남구 봉은사로48길 50-2, 302호 (역삼동)",서울 강남구 역삼동 691-16,CDFI2262212026000015,2026-01-13,영업/정상(영업중),37.5066479957565,127.043151134281,3
제이스테이,외국인관광도시민박업,"서울특별시 강남구 개포로124길 6, B01호 (일원동)",서울 강남구 일원동 623-2,CDFI2262212026000013,2026-01-13,영업/정상(영업중),37.4940726217979,127.082515871844,2
아틀리에 망원,외국인관광도시민박업,서울특별시 마포구 월드컵로17길 78 (망원동),서울 마포구 망원동 57-272,CDFI2262212026000015,2026-01-13,영업/정상(영업중),37.5540596578708,126.90708267112,2
WOOSOO604,외국인관광도시민박업,"서울특별시 중랑구 사가정로52길 37, 102동 604호 (면목동, ES팰리스)",서울 중랑구 면목동 633-3,CDFI2262212026000001,2026-01-14,영업/정상(영업중),37.5792633606926,127.086430724581,16
Airport 304,외국인관광도시민박업,"서울특별시 강서구 남부순환로3길 13-10, 304호 (공항동, CL HOUSE)",서울 강서구 공항동 66-13,CDFI2262212025000037,2025-07-02,영업/정상(영업중),37.5593042601825,126.809097126284,11
미뇽,외국인관광도시민박업,"서울특별시 강동구 상암로17길 25, 302호 (암사동, 서원빌라)",서울 강동구 암사동 491-73,CDFI2262212025000060,2025-08-13,영업/정상(영업중),37.5495002192948,127.132015708932,4
스테이럭스702,외국인관광도시민박업,"서울특별시 강남구 강남대로58길 34, 경덕빌딩 702호 (도곡동)",서울 강남구 도곡동 554-2,CDFI2262212026000014,2026-01-13,영업/정상(영업중),37.4897790385302,127.034828100132,2
강남 스테이2,외국인관광도시민박업,"서울특별시 강남구 선릉로92길 37-4, 504호 (삼성동, 삼성동 한양립스 아파트)",서울 강남구 삼성동 142-16,CDFI2262212026000021,2026-01-15,영업/정상(영업중),37.506302593768,127.051787523413,3
잠인서울,외국인관광도시민박업,"서울특별시 용산구 보광로60길 14-12, 202호 (이태원동, 이화스카이빌라)",서울 용산구 이태원동 131-5,CDFI2262212024000050,2024-11-15,영업/정상(영업중),37.5336430604402,126.994890353155,2
Hee Story,외국인관광도시민박업,"서울특별시 노원구 동일로182길 47-3, 502호 (공릉동)",서울 노원구 공릉동 556-28,CDFI2262212026000002,2026-01-13,영업/정상(영업중),37.623449601194,127.076572442813,3
정스테이,외국인관광도시민박업,"서울특별시 관악구 서림길 99-5, 101호 (신림동)",서울 관악구 신림동 103-106,CDFI2262212026000011,2026-01-15,영업/정상(영업중),37.4721312000201,126.93975116062,2
휴 앤 휴,외국인관광도시민박업,"서울특별시 관악구 신림로23길 34, 301호 (신림동)",서울 관악구 신림동 1533-3,CDFI2262212026000010,2026-01-15,영업/정상(영업중),37.4695375367158,126.934638015039,2
더블라썸 게스트하우스,외국인관광도시민박업,"서울특별시 마포구 동교로45길 3-6, 2층 (연남동)",서울 마포구 연남동 229-41,CDFI2262212026000018,2026-01-13,영업/정상(영업중),37.5629902621073,126.924397221117,3
스테이 오다,외국인관광도시민박업,"서울특별시 강남구 언주로67길 13, 102호 (역삼동)",서울 강남구 역삼동 780-22,CDFI2262212026000020,2026-01-15,영업/정상(영업중),37.4957176143763,127.044629852512,2
봉스테이,외국인관광도시민박업,"서울특별시 마포구 월드컵북로45길 16, 그린빌라 1층 102호 (상암동)",서울 마포구 상암동 34-97,CDFI2262212025000354,2025-10-01,영업/정상(영업중),37.574856614007,126.894623107402,3
두리현스테이,외국인관광도시민박업,"서울특별시 강서구 공항대로8길 30-2, 201호 (공항동)",서울 강서구 공항동 41-37,CDFI2262212026000005,2026-01-14,영업/정상(영업중),37.5597103710373,126.812150469261,2
피스케이브 스테이,외국인관광도시민박업,"서울특별시 노원구 동일로182길 47-3, 대승하우징3 401호 (공릉동)",서울 노원구 공릉동 556-28,CDFI2262212026000001,2026-01-12,영업/정상(영업중),37.623449601194,127.076572442813,3
위시 스테이,외국인관광도시민박업,"서울특별시 마포구 마포대로12길 53-1, 서광 302호 (공덕동)",서울 마포구 공덕동 242-54,CDFI2262212026000010,2026-01-09,영업/정상(영업중),37.5464471130086,126.95459781963,2
Sang Oh's House,외국인관광도시민박업,"서울특별시 마포구 연남로1길 79, 201호 (연남동)",서울 마포구 연남동 570-6,CDFI2262212020000009,2020-01-22,영업/정상(영업중),37.5588067111288,126.919295177848,3
포근한 집,외국인관광도시민박업,"서울특별시 관악구 인헌19길 3, 103호 (봉천동)",서울 관악구 봉천동 180-151,CDFI2262212025000010,2025-01-15,영업/정상(영업중),37.4703129070866,126.96834144209,3
코지 종암,외국인관광도시민박업,"서울특별시 성북구 종암로21길 17-8, 402호 (종암동)",서울 성북구 종암동 79-398,CDFI2262212025000025,2025-07-31,영업/정상(영업중),37.5994712508847,127.033380776065,2
스테이 나무,외국인관광도시민박업,"서울특별시 관악구 신림로58가길 7-23, b2호 (신림동)",서울 관악구 신림동 87-4,CDFI2262212026000008,2026-01-12,영업/정상(영업중),37.4820876815824,126.931425490699,2
느리다,외국인관광도시민박업,"서울특별시 강동구 구천면로34길 52, 에덴빌32차 501호 (천호동)",서울 강동구 천호동 210-18,CDFI2262212024000016,2024-05-27,영업/정상(영업중),37.5424180507441,127.134138994152,5
칠 스테이(chill stay),외국인관광도시민박업,"서울특별시 광진구 아차산로25길 20, 301호 (화양동)",서울 광진구 화양동 46-66,CDFI2262212025000052,2025-08-18,영업/정상(영업중),37.542276643312,127.067011843835,2
풀하우스1,외국인관광도시민박업,"서울특별시 마포구 성산로4길 54-13, 3층 303호 (성산동, 스카이빌)",서울 마포구 성산동 81-2,CDFI2262212026000013,2026-01-09,영업/정상(영업중),37.5638110457349,126.910094777266,3
SEOUL MARU2,외국인관광도시민박업,"서울특별시 종로구 자하문로 115-18, 302호 (청운동, 공동주택 (채옥희))",서울 종로구 청운동 60,CDFI2262212026000005,2026-01-09,영업/정상(영업중),37.5863183480691,126.969454241568,2
제니스테이,외국인관광도시민박업,"서울특별시 마포구 동교로19길 76, 2층 202호 (성산동)",서울 마포구 성산동 632-3,CDFI2262212026000012,2026-01-09,영업/정상(영업중),37.5585960236279,126.916779569302,5
소담스테이,외국인관광도시민박업,"서울특별시 영등포구 당산로16길 24-12, 501호 (당산동1가)",서울 영등포구 당산동1가 256-99,CDFI2262212026000003,2026-01-06,영업/정상(영업중),37.5219735262037,126.898135101146,4
포레스트 연남,외국인관광도시민박업,"서울특별시 마포구 동교로51길 117-4, 3층 (연남동)",서울 마포구 연남동 453-26,CDFI2262212026000009,2026-01-08,영업/정상(영업중),37.5663787800679,126.920498820082,3
종로 아크로텔 BNB,외국인관광도시민박업,"서울특별시 종로구 대학로5길 35, 아크로텔 401호 (연건동)",서울 종로구 연건동 110-1,CDFI2262212026000003,2026-01-09,영업/정상(영업중),37.5790079432642,127.000667819952,2
화양연화 스테이,외국인관광도시민박업,"서울특별시 강남구 언주로153길 14-2, 203호 (신사동)",서울 강남구 신사동 626-72,CDFI2262212026000008,2026-01-08,영업/정상(영업중),37.5229079892673,127.032019688287,8
SEOUL MARU1,외국인관광도시민박업,"서울특별시 종로구 자하문로 115-18, 301호 (청운동, 공동주택 (채옥희))",서울 종로구 청운동 60,CDFI2262212026000004,2026-01-09,영업/정상(영업중),37.5863183480691,126.969454241568,2
SUNO STAY (선호 스테이),외국인관광도시민박업,"서울특별시 양천구 은행정로3길 8-3, 2층 (신정동)",서울 양천구 신정동 1025-21,CDFI2262212026000001,2026-01-08,영업/정상(영업중),37.5210775335386,126.858862167098,2
샤론,외국인관광도시민박업,"서울특별시 강서구 화곡로68길 115, 101동 1206호 (등촌동, 우성아파트)",서울 강서구 등촌동 630-11,CDFI2262212013000003,2013-10-22,영업/정상(영업중),37.5573285674133,126.860337997066,2
스테이블홈 천호,외국인관광도시민박업,"서울특별시 강동구 올림픽로62길 9-14, 6층 601호 (성내동)",서울 강동구 성내동 81-1,CDFI2262212025000037,2025-04-03,영업/정상(영업중),37.5369625268254,127.123801201293,14
더 블루 하우스,외국인관광도시민박업,"서울특별시 마포구 월드컵로8길 57, 103호 (서교동)",서울 마포구 서교동 482-6,CDFI2262212025000140,2025-02-28,영업/정상(영업중),37.5536549699173,126.915532491542,4
해마루,외국인관광도시민박업,"서울특별시 중구 퇴계로26길 9, 1~3층 (남학동)",서울 중구 남학동 24-1,CDFI2262212025000049,2025-10-02,영업/정상(영업중),37.5605474247496,126.990465626444,2
성수 스위트,외국인관광도시민박업,"서울특별시 성동구 서울숲7길 11, 601호 (성수동1가, 포레스트사이드)",서울 성동구 성수동1가 685-296,CDFI2262212025000016,2025-04-25,영업/정상(영업중),37.5482849728926,127.042988180562,4
케이-드라마 스튜디오 1925,외국인관광도시민박업,"서울특별시 은평구 연서로29길 22-40, 101호 (갈현동)",서울 은평구 갈현동 402-43,CDFI2262212026000002,2026-01-06,영업/정상(영업중),37.620109218703,126.917972100653,2
파파하우스(PaPaHouse),외국인관광도시민박업,"서울특별시 용산구 만리재로24길 42-1, 101호 (서계동)",서울 용산구 서계동 246-7,CDFI2262212023000012,2023-04-26,영업/정상(영업중),37.5520739440869,126.965536191986,3
베리하우스,외국인관광도시민박업,"서울특별시 마포구 양화로23길 4-17, 지하층 101호 (동교동)",서울 마포구 동교동 147-43,CDFI2262212026000007,2026-01-06,영업/정상(영업중),37.5593727662112,126.925969654249,4
스테이 루나,외국인관광도시민박업,"서울특별시 송파구 백제고분로34길 18-9, B103호 (석촌동)",서울 송파구 석촌동 215-16,CDFI2262212025000042,2025-06-27,영업/정상(영업중),37.5007212834822,127.098236797427,3
미까사,외국인관광도시민박업,"서울특별시 송파구 삼학사로8길 23, 203호 (석촌동)",서울 송파구 석촌동 230-18,CDFI2262212025000062,2025-09-11,영업/정상(영업중),37.5003147602102,127.099409008685,2
서담,외국인관광도시민박업,"서울특별시 마포구 만리재로20길 24, 1층 (공덕동)",서울 마포구 공덕동 6-29,CDFI2262212025000340,2025-09-15,영업/정상(영업중),37.5505319660343,126.963118319939,2
스테이 아지트,외국인관광도시민박업,"서울특별시 송파구 백제고분로44길 61-6, B102호 (송파동)",서울 송파구 송파동 122-8,CDFI2262212023000017,2023-10-11,영업/정상(영업중),37.5041766217125,127.113722339778,2
다온201,외국인관광도시민박업,"서울특별시 마포구 월드컵북로12길 79, 2층 201호 (성산동, 다온숲)",서울 마포구 성산동 36-33,CDFI2262212025000356,2025-10-01,영업/정상(영업중),37.5645670054585,126.914992494129,9
스테이 마중 삼성,외국인관광도시민박업,"서울특별시 강남구 봉은사로74길 34, 101호 (삼성동)",서울 강남구 삼성동 122-23,CDFI2262212026000003,2026-01-05,영업/정상(영업중),37.5104640694034,127.052793869462,2
J Seoul Stay,외국인관광도시민박업,"서울특별시 관악구 봉천로23다길 35-22, B01호 (봉천동)",서울 관악구 봉천동 645-97,CDFI2262212026000001,2026-01-05,영업/정상(영업중),37.4882573979245,126.938063842954,3
주니 하우스,외국인관광도시민박업,"서울특별시 마포구 양화로16길 14-14, 2층 (서교동)",서울 마포구 서교동 370-10,CDFI2262212025000357,2025-10-01,영업/정상(영업중),37.5528699591273,126.920104290842,3
"콤마(comma), 623",외국인관광도시민박업,"서울특별시 강남구 개포로124길 6, B02호 (일원동)",서울 강남구 일원동 623-2,CDFI2262212026000001,2026-01-05,영업/정상(영업중),37.4940726217979,127.082515871844,2
청화스테이,외국인관광도시민박업,"서울특별시 마포구 월드컵북로45길 16, 그린빌라 2층 202호 (상암동)",서울 마포구 상암동 34-97,CDFI2262212025000271,2025-07-03,영업/정상(영업중),37.574856614007,126.894623107402,3
행복한 집,외국인관광도시민박업,"서울특별시 강남구 봉은사로18길 72, 201호 (역삼동)",서울 강남구 역삼동 619-12,CDFI2262212026000007,2026-01-05,영업/정상(영업중),37.5020723805847,127.027648009764,2
풀 스테이 논현,외국인관광도시민박업,"서울특별시 강남구 선릉로115길 41, 301호 (논현동)",서울 강남구 논현동 272-2,CDFI2262212026000005,2026-01-05,영업/정상(영업중),37.5113631659023,127.039719588198,3
신림스테이,외국인관광도시민박업,"서울특별시 관악구 남부순환로141길 36, 101호 (신림동)",서울 관악구 신림동 546-23,CDFI2262212026000002,2026-01-05,영업/정상(영업중),37.4827502930162,126.909490775031,3
케이-뷰티 살롱 1920,외국인관광도시민박업,"서울특별시 은평구 연서로29길 22-40, 102호 (갈현동)",서울 은평구 갈현동 402-43,CDFI2262212026000001,2026-01-06,영업/정상(영업중),37.620109218703,126.917972100653,2
행복한 하루,외국인관광도시민박업,"서울특별시 강남구 봉은사로18길 72, 105호 (역삼동)",서울 강남구 역삼동 619-12,CDFI2262212026000006,2026-01-05,영업/정상(영업중),37.5020723805847,127.027648009764,2
Houston Family 2,외국인관광도시민박업,"서울특별시 송파구 백제고분로13길 5-1, 501호 (잠실동)",서울 송파구 잠실동 225-6,CDFI2262212025000072,2025-10-16,영업/정상(영업중),37.5071947732605,127.081878063019,3
Lumi stay,외국인관광도시민박업,"서울특별시 송파구 삼학사로8길 24-1, B02호 (석촌동)",서울 송파구 석촌동 229-10,CDFI2262212026000003,2026-01-07,영업/정상(영업중),37.5001062134206,127.099580176254,5
도도하우스,외국인관광도시민박업,"서울특별시 영등포구 선유로54길 13-6, b01호 (당산동6가)",서울 영등포구 당산동6가 345-2,CDFI2262212026000002,2026-01-05,영업/정상(영업중),37.5361990679759,126.900130626435,2
Warmth House,외국인관광도시민박업,"서울특별시 송파구 위례성대로2길 40-1, B03호 (방이동)",서울 송파구 방이동 99-2,CDFI2262212025000073,2025-10-16,영업/정상(영업중),37.5137113613756,127.11169550492,5
Stay comma,외국인관광도시민박업,"서울특별시 송파구 삼학사로8길 26, 101호 (석촌동)",서울 송파구 석촌동 229-11,CDFI2262212025000074,2025-10-16,영업/정상(영업중),37.5001235848351,127.099708330025,5
초록3,외국인관광도시민박업,"서울특별시 송파구 백제고분로21길 8-6, 2층 302호 (삼전동)",서울 송파구 삼전동 10-8,CDFI2262212025000076,2025-10-28,영업/정상(영업중),37.5045019676349,127.090249117289,3
첼시 하우스,외국인관광도시민박업,"서울특별시 동작구 상도로41길 27, 더라빌 202호 (상도1동)",서울 동작구 상도1동 450-7,CDFI2262212026000001,2026-01-07,영업/정상(영업중),37.50224679921,126.950503488633,2
빌라 드 사가,외국인관광도시민박업,"서울특별시 중랑구 사가정로52길 37, 101동 501호 (면목동, ES팰리스)",서울 중랑구 면목동 633-3,CDFI2262212025000020,2025-12-31,영업/정상(영업중),37.5792633606926,127.086430724581,16
스테이 코지엘,외국인관광도시민박업,"서울특별시 동대문구 제기로20길 17, 2층 (제기동)",서울 동대문구 제기동 286-38,CDFI2262212025000026,2025-10-23,영업/정상(영업중),37.5858568835429,127.04166110854,2
고요리 스테이(Goyori Stay),외국인관광도시민박업,"서울특별시 중랑구 사가정로52길 37, 102동 602호 (면목동, ES팰리스)",서울 중랑구 면목동 633-3,CDFI2262212025000019,2025-12-31,영업/정상(영업중),37.5792633606926,127.086430724581,16
스테이 숨,외국인관광도시민박업,"서울특별시 중랑구 사가정로52길 37, 102동 502호 (면목동, ES팰리스)",서울 중랑구 면목동 633-3,CDFI2262212025000021,2025-12-31,영업/정상(영업중),37.5792633606926,127.086430724581,16
스테이 정,외국인관광도시민박업,"서울특별시 관악구 남부순환로141길 36, B01호 (신림동)",서울 관악구 신림동 546-23,CDFI2262212025000090,2025-12-31,영업/정상(영업중),37.4827502930162,126.909490775031,3
끌림스테이,외국인관광도시민박업,"서울특별시 중랑구 사가정로52길 37, 101동 603호 (면목동, ES팰리스)",서울 중랑구 면목동 633-3,CDFI2262212025000018,2025-12-31,영업/정상(영업중),37.5792633606926,127.086430724581,16
마마스테이,외국인관광도시민박업,"서울특별시 용산구 만리재로24길 42-1, B01호 (서계동)",서울 용산구 서계동 246-7,CDFI2262212022000016,2022-10-21,영업/정상(영업중),37.5520739440869,126.965536191986,3
스테이 씨 (Stay Sea),외국인관광도시민박업,"서울특별시 서대문구 신촌로1길 57, 101호 (창천동)",서울 서대문구 창천동 363,CDFI2262212025000049,2025-05-26,영업/정상(영업중),37.5600311302903,126.928463609153,5
룸메이트 스칼렛 603(Scarlet Room Mate 603),외국인관광도시민박업,"서울특별시 중랑구 사가정로52길 37, 102동 603호 (면목동, ES팰리스)",서울 중랑구 면목동 633-3,CDFI2262212025000022,2025-12-31,영업/정상(영업중),37.5792633606926,127.086430724581,16
제이에스 하우스,외국인관광도시민박업,"서울특별시 서대문구 연희로11마길 65-9, 지층 102호 (연희동)",서울 서대문구 연희동 437-61,CDFI2262212025000131,2025-12-30,영업/정상(영업중),37.5692922238495,126.925304103243,2
Blanc suite(블랑스위트),외국인관광도시민박업,"서울특별시 중랑구 사가정로52길 37, 101동 504호 (면목동, ES팰리스)",서울 중랑구 면목동 633-3,CDFI2262212025000016,2025-12-31,영업/정상(영업중),37.5792633606926,127.086430724581,16
SHIM STAY,외국인관광도시민박업,"서울특별시 중랑구 사가정로52길 37, 101동 601호 (면목동, ES팰리스)",서울 중랑구 면목동 633-3,CDFI2262212025000017,2025-12-31,영업/정상(영업중),37.5792633606926,127.086430724581,16
사가하우스,외국인관광도시민박업,"서울특별시 중랑구 사가정로52길 37, 101동 404호 (면목동, ES팰리스)",서울 중랑구 면목동 633-3,CDFI2262212025000015,2025-12-31,영업/정상(영업중),37.5792633606926,127.086430724581,16
에피소드 23,외국인관광도시민박업,"서울특별시 중랑구 사가정로52길 37, 102동 402호 (면목동, ES팰리스)",서울 중랑구 면목동 633-3,CDFI2262212025000012,2025-12-31,영업/정상(영업중),37.5792633606926,127.086430724581,16
NEST9,외국인관광도시민박업,"서울특별시 중랑구 사가정로52길 37, 102동 801호 (면목동, ES팰리스)",서울 중랑구 면목동 633-3,CDFI2262212025000014,2025-12-31,영업/정상(영업중),37.5792633606926,127.086430724581,16
허그 레지던스,외국인관광도시민박업,"서울특별시 은평구 서오릉로13길 20-6, 구산호승빌라 202호 (구산동)",서울 은평구 구산동 217-15,CDFI2262212025000029,2025-12-31,영업/정상(영업중),37.6114844135999,126.91256805959,2
테루하우스,외국인관광도시민박업,"서울특별시 마포구 동교로 44-6, 1층 202호 (합정동)",서울 마포구 합정동 433-26,CDFI2262212026000004,2026-01-02,영업/정상(영업중),37.5524691334889,126.907091322732,4
Haven in Seoul,외국인관광도시민박업,"서울특별시 중랑구 사가정로52길 37, 102동 504호 (면목동, ES팰리스)",서울 중랑구 면목동 633-3,CDFI2262212025000013,2025-12-31,영업/정상(영업중),37.5792633606926,127.086430724581,16
Stay 별의 순간 마포점,외국인관광도시민박업,"서울특별시 마포구 새터산9길 19, 2층 301호 (성산동)",서울 마포구 성산동 200-339,CDFI2262212026000006,2026-01-02,영업/정상(영업중),37.5656642722088,126.906004624239,5
jihye's house,외국인관광도시민박업,"서울특별시 송파구 백제고분로34길 3-14, 202호 (석촌동)",서울 송파구 석촌동 234-2,CDFI2262212025000070,2025-10-02,영업/정상(영업중),37.5020533738816,127.099583440743,4
클로버 스테이 (Clover stay),외국인관광도시민박업,"서울특별시 구로구 오류로8바길 9, 202호 (오류동)",서울 구로구 오류동 144-43,CDFI2262212024000007,2024-07-17,영업/정상(영업중),37.4932343230842,126.846703254339,2
체크인서울,외국인관광도시민박업,"서울특별시 중구 다산로42나길 45-6, 302호 (신당동)",서울 중구 신당동 49-20,CDFI2262212025000058,2025-12-05,영업/정상(영업중),37.5623000729424,127.017832548383,2
다온스테이,외국인관광도시민박업,"서울특별시 송파구 백제고분로18길 23-24, B02호 (잠실동)",서울 송파구 잠실동 329-2,CDFI2262212025000100,2025-12-16,영업/정상(영업중),37.5025267730816,127.085291665654,2
쉼 스테이 서울,외국인관광도시민박업,"서울특별시 송파구 송파대로47길 5-1, 목련주택 201호 (석촌동)",서울 송파구 석촌동 181-8,CDFI2262212025000101,2025-12-17,영업/정상(영업중),37.5073510655399,127.104018368636,3
스테이인 새절,외국인관광도시민박업,"서울특별시 은평구 가좌로 293, 701호 (신사동)",서울 은평구 신사동 39-28,CDFI2262212025000028,2025-12-30,영업/정상(영업중),37.5942076155737,126.911664416938,6
소평(小平) 1,외국인관광도시민박업,"서울특별시 송파구 백제고분로28길 6-17, 202호 (삼전동)",서울 송파구 삼전동 61-6,CDFI2262212025000102,2025-12-18,영업/정상(영업중),37.5027867185269,127.091194665503,3
청담 스테이,외국인관광도시민박업,"서울특별시 강남구 도산대로68길 30, 202호 (청담동)",서울 강남구 청담동 18-32,CDFI2262212025000079,2025-12-27,영업/정상(영업중),37.5215987445473,127.04428530897,3
잠실 스테이,외국인관광도시민박업,"서울특별시 송파구 석촌호수로12길 49-1, 304호 (잠실동)",서울 송파구 잠실동 221-4,CDFI2262212025000099,2025-12-11,영업/정상(영업중),37.508234035157,127.080900187109,2
제이스테이 303,외국인관광도시민박업,"서울특별시 마포구 월드컵로8길 37-12, 303호 (서교동)",서울 마포구 서교동 483-33,CDFI2262212025000459,2025-12-24,영업/정상(영업중),37.5538573540623,126.914434165665,6
Still Memory,외국인관광도시민박업,"서울특별시 광진구 아차산로22길 38, B101호 (자양동)",서울 광진구 자양동 24-25,CDFI2262212024000012,2024-04-09,영업/정상(영업중),37.540273830663,127.063721221778,4
리네스 하우스,외국인관광도시민박업,"서울특별시 송파구 백제고분로28길 8-14, B103호 (삼전동)",서울 송파구 삼전동 61-11,CDFI2262212025000103,2025-12-29,영업/정상(영업중),37.502556422316,127.091426792418,2
강남.zip,외국인관광도시민박업,"서울특별시 서초구 반포대로21길 51, 302호 (서초동)",서울 서초구 서초동 1523-15,CDFI2262212025000005,2025-03-28,영업/정상(영업중),37.4864060158227,127.008097219359,10
스테이 나우,외국인관광도시민박업,"서울특별시 광진구 자양로22길 64, 202호 (구의동)",서울 광진구 구의동 242-7,CDFI2262212025000095,2025-12-26,영업/정상(영업중),37.5396850557343,127.086853571363,6
홍대 신촌 스테이,외국인관광도시민박업,"서울특별시 마포구 서강로20길 11, 302호 (노고산동)",서울 마포구 노고산동 107-29,CDFI2262212025000457,2025-12-24,영업/정상(영업중),37.5539362644759,126.936536607616,4
스테이햇살,외국인관광도시민박업,"서울특별시 영등포구 당산로16길 24-12, 602호 (당산동1가)",서울 영등포구 당산동1가 256-99,CDFI2262212025000020,2025-12-15,영업/정상(영업중),37.5219735262037,126.898135101146,4
소요스테이,외국인관광도시민박업,"서울특별시 영등포구 당산로16길 24-12, 502호 (당산동1가)",서울 영등포구 당산동1가 256-99,CDFI2262212025000019,2025-12-15,영업/정상(영업중),37.5219735262037,126.898135101146,4
호스테이 청담,외국인관광도시민박업,"서울특별시 강남구 도산대로68길 30, 302호 (청담동)",서울 강남구 청담동 18-32,CDFI2262212025000078,2025-12-27,영업/정상(영업중),37.5215987445473,127.04428530897,3
나무 스테이,외국인관광도시민박업,"서울특별시 관악구 관천로24길 21-9, B01호 (신림동)",서울 관악구 신림동 1448-27,CDFI2262212025000089,2025-12-29,영업/정상(영업중),37.489028677096,126.922791445919,3
하이데어,외국인관광도시민박업,"서울특별시 마포구 와우산로29라길 22-3, 1,2층 (서교동)",서울 마포구 서교동 333-41,CDFI2262212014000056,2014-03-11,영업/정상(영업중),37.5548905521146,126.926509167923,2
제이 스테이,외국인관광도시민박업,"서울특별시 광진구 아차산로29길 35-3, 202호 (화양동)",서울 광진구 화양동 47-59,CDFI2262212025000093,2025-12-26,영업/정상(영업중),37.54239812164,127.068540544686,2
고래별,외국인관광도시민박업,"서울특별시 강남구 봉은사로74길 6-12, 101호 (삼성동)",서울 강남구 삼성동 116-17,CDFI2262212024000007,2024-06-17,영업/정상(영업중),37.5112538098947,127.051546860054,2
미소 하우스,외국인관광도시민박업,"서울특별시 송파구 백제고분로46길 4-17, B02호 (송파동)",서울 송파구 송파동 133-14,CDFI2262212025000087,2025-11-24,영업/정상(영업중),37.5079444926235,127.111401330414,2
류스테이,외국인관광도시민박업,"서울특별시 송파구 백제고분로11길 26, B02호 (잠실동)",서울 송파구 잠실동 216,CDFI2262212025000086,2025-11-20,영업/정상(영업중),37.5081097832024,127.082339499939,2
소담한 집,외국인관광도시민박업,"서울특별시 송파구 거마로9길 4, 리안에스피 401호 (거여동)",서울 송파구 거여동 665-5,CDFI2262212025000088,2025-11-25,영업/정상(영업중),37.4960840506828,127.145364552977,4
스테이 루프,외국인관광도시민박업,"서울특별시 동대문구 답십리로23길 17, 3층 301호 (전농동)",서울 동대문구 전농동 499-3,CDFI2262212025000027,2025-11-13,영업/정상(영업중),37.5765776893182,127.048602556453,5
더 유니버스 홍대 2,외국인관광도시민박업,"서울특별시 마포구 와우산로37길 15, 2층 (동교동)",서울 마포구 동교동 189-1,CDFI2262212025000393,2025-11-05,영업/정상(영업중),37.556112129416,126.930077939704,3
서울스테이 홍대,외국인관광도시민박업,"서울특별시 마포구 와우산로33길 49, 201호 (서교동)",서울 마포구 서교동 328-1,CDFI2262212025000415,2025-11-23,영업/정상(영업중),37.5560900003152,126.927889848305,4
컴피쿠 스테이,외국인관광도시민박업,"서울특별시 마포구 연남로1길 51, 2~3층 (연남동)",서울 마포구 연남동 568-3,CDFI2262212025000391,2025-11-04,영업/정상(영업중),37.5595716332235,126.920588221639,2
Blossom 401,외국인관광도시민박업,"서울특별시 마포구 연남로5길 52, 4층 401호 (연남동, 예가빌)",서울 마포구 연남동 493-24,CDFI2262212025000380,2025-10-28,영업/정상(영업중),37.5610534661602,126.919338479901,6
Urban Haven in Jamsil,외국인관광도시민박업,"서울특별시 송파구 오금로19길 26, B01호 (방이동)",서울 송파구 방이동 145-32,CDFI2262212025000089,2025-11-25,영업/정상(영업중),37.5118562117846,127.114593607099,2
사유 스테이,외국인관광도시민박업,"서울특별시 마포구 와우산로26길 11, 502호 (창전동, 더하우스)",서울 마포구 창전동 6-153,CDFI2262212025000436,2025-12-10,영업/정상(영업중),37.5527081692726,126.92653134188,5
apple house 102,외국인관광도시민박업,"서울특별시 마포구 와우산로33길 31, 102호 (서교동)",서울 마포구 서교동 328-5,CDFI2262212025000363,2025-10-13,영업/정상(영업중),37.555650809571,126.928706592998,6
청춘스테이 잠실,외국인관광도시민박업,"서울특별시 송파구 백제고분로28길 27-6, 201호 (삼전동)",서울 송파구 삼전동 66-11,CDFI2262212025000097,2025-12-09,영업/정상(영업중),37.5003231818337,127.091553444476,2
트윈 캣츠 게스트하우스,외국인관광도시민박업,"서울특별시 마포구 동교로25길 54-12, 1~3층 (연남동)",서울 마포구 연남동 568-4,CDFI2262212025000424,2025-11-26,영업/정상(영업중),37.5594824975974,126.92068202881,2
하루재 잠실,외국인관광도시민박업,"서울특별시 송파구 위례성대로2길 40-1, B02호 (방이동)",서울 송파구 방이동 99-2,CDFI2262212025000082,2025-11-17,영업/정상(영업중),37.5137113613756,127.11169550492,5
마로스테이,외국인관광도시민박업,"서울특별시 송파구 거마로9길 4, 리안에스피 301호 (거여동)",서울 송파구 거여동 665-5,CDFI2262212025000091,2025-11-28,영업/정상(영업중),37.4960840506828,127.145364552977,4
머물다 송파,외국인관광도시민박업,"서울특별시 송파구 거마로9길 4, 리안에스피 402호 (거여동)",서울 송파구 거여동 665-5,CDFI2262212025000092,2025-11-28,영업/정상(영업중),37.4960840506828,127.145364552977,4
지누의 집,외국인관광도시민박업,"서울특별시 송파구 송파대로43길 23, 203호 (석촌동)",서울 송파구 석촌동 283-1,CDFI2262212025000096,2025-12-03,영업/정상(영업중),37.5033444778543,127.10554094434,3
소담스테이,외국인관광도시민박업,"서울특별시 송파구 가락로15길 13, B03호 (석촌동)",서울 송파구 석촌동 266-12,CDFI2262212025000095,2025-12-03,영업/정상(영업중),37.5019330675968,127.10602774337,2
스테이영(Stay Young),외국인관광도시민박업,"서울특별시 영등포구 당산로18길 11-1, 3층 (당산동1가)",서울 영등포구 당산동1가 380,CDFI2262212025000012,2025-10-15,영업/정상(영업중),37.523030286112,126.897480597665,3
에스스테이(S-STAY),외국인관광도시민박업,"서울특별시 영등포구 당산로18길 11-1, 4층 (당산동1가)",서울 영등포구 당산동1가 380,CDFI2262212025000014,2025-10-24,영업/정상(영업중),37.523030286112,126.897480597665,3
당산스테이,외국인관광도시민박업,"서울특별시 영등포구 양산로 146, 802호 (당산동1가, DE`HAR)",서울 영등포구 당산동1가 256,CDFI2262212025000010,2025-06-30,영업/정상(영업중),37.5235012531296,126.899170493803,2
COZY STAY,외국인관광도시민박업,"서울특별시 성동구 뚝섬로3나길 26, 301호 (성수동1가)",서울 성동구 성수동1가 33-10,CDFI2262212025000055,2025-12-24,영업/정상(영업중),37.541192700967,127.050421123458,3
Golden Stay,외국인관광도시민박업,"서울특별시 마포구 월드컵로31길 83-8, 지층 B02호 (망원동)",서울 마포구 망원동 437-14,CDFI2262212025000456,2025-12-24,영업/정상(영업중),37.5596719830947,126.90057386748,3
코지홈,외국인관광도시민박업,"서울특별시 은평구 서오릉로13길 20-6, 구산호승빌라 301호 (구산동)",서울 은평구 구산동 217-15,CDFI2262212025000027,2025-12-23,영업/정상(영업중),37.6114844135999,126.91256805959,2
서울스테이 여정,외국인관광도시민박업,"서울특별시 관악구 남부순환로247길 82, 102호 (봉천동)",서울 관악구 봉천동 1690-54,CDFI2262212025000087,2025-12-23,영업/정상(영업중),37.4788159812383,126.964744768986,2
스테이 인 조이 강남,외국인관광도시민박업,"서울특별시 강남구 선릉로111길 35, 101호 (논현동)",서울 강남구 논현동 277-8,CDFI2262212025000077,2025-12-23,영업/정상(영업중),37.5100352735257,127.040754245461,2
안 아뜰리에,외국인관광도시민박업,"서울특별시 마포구 성미산로17길 49, 2층 (연남동)",서울 마포구 연남동 487-187,CDFI2262212025000451,2025-12-19,영업/정상(영업중),37.5636512853868,126.917608125161,4
J Stay Seoul,외국인관광도시민박업,"[100858] 서울특별시 중구 중림로9길 6, 1~3층 (중림동)",서울 중구 중림동 132-1,CDFI2262212015000014,2015-05-28,영업/정상(영업중),37.5579196774378,126.967991479912,2
스테이 헤리티지 어반 테라스 공덕,외국인관광도시민박업,"서울특별시 마포구 도화2길 53, 4층 301호 (도화동)",서울 마포구 도화동 347-66,CDFI2262212025000454,2025-12-19,영업/정상(영업중),37.5386628717762,126.950426361166,2
거북이집2,외국인관광도시민박업,"서울특별시 종로구 성균관로14길 6, 1층 (명륜1가)",서울 종로구 명륜1가 27-16,CDFI2262212025000167,2025-12-17,영업/정상(영업중),37.5892024792722,126.997598735877,2
연 스테이,외국인관광도시민박업,"서울특별시 서대문구 신촌로9길 12, 201호 (창천동)",서울 서대문구 창천동 116-12,CDFI2262212025000126,2025-12-22,영업/정상(영업중),37.5574780367809,126.932233579404,2
젠 스테이,외국인관광도시민박업,"서울특별시 서대문구 신촌로7안길 35, 지층 (창천동)",서울 서대문구 창천동 231,CDFI2262212025000127,2025-12-23,영업/정상(영업중),37.559554242498,126.930440293178,2
제기 로프트,외국인관광도시민박업,"서울특별시 동대문구 고산자로 516-1, 602호 (제기동, 더팰리스)",서울 동대문구 제기동 695,CDFI2262212025000008,2025-04-22,영업/정상(영업중),37.5857392960756,127.038775425346,10
라따뚜이 하우스(Ratatouille House),외국인관광도시민박업,"서울특별시 강북구 도봉로73길 43, 602호 (수유동)",서울 강북구 수유동 90-2,CDFI2262212025000012,2025-12-16,영업/정상(영업중),37.6334226389303,127.022374619693,2
트윈 캣츠 게스트하우스1,외국인관광도시민박업,"서울특별시 마포구 동교로25길 54-12, 지층 (연남동)",서울 마포구 연남동 568-4,CDFI2262212025000447,2025-12-16,영업/정상(영업중),37.5594824975974,126.92068202881,2
Herbmin,외국인관광도시민박업,"서울특별시 관악구 쑥고개로 114, 402호 (봉천동)",서울 관악구 봉천동 1573-2,CDFI2262212025000086,2025-12-22,영업/정상(영업중),37.4788721298746,126.948991273527,2
늦잠자는 구름이네,외국인관광도시민박업,"서울특별시 강동구 동남로82길 101, 101호 (고덕동)",서울 강동구 고덕동 256-1,CDFI2262212025000087,2025-12-16,영업/정상(영업중),37.5604955301618,127.162636617999,2
TM랜드 강남,외국인관광도시민박업,"서울특별시 서초구 반포대로21길 51, 501호 (서초동)",서울 서초구 서초동 1523-15,CDFI2262212025000017,2025-12-17,영업/정상(영업중),37.4864060158227,127.008097219359,10
대당아이하우스,외국인관광도시민박업,"서울특별시 은평구 연서로22길 3-1, 201호 (대조동, 구름 & 초람)",서울 은평구 대조동 219-34,CDFI2262212025000023,2025-12-11,영업/정상(영업중),37.6152212213536,126.918683897038,2
하우스 윤지,외국인관광도시민박업,"서울특별시 성북구 동소문로11길 27-3, 101호 (동소문동4가)",서울 성북구 동소문동4가 178,CDFI2262212025000037,2025-12-22,영업/정상(영업중),37.5925352564966,127.011477508086,2
신촌 스테이 참,외국인관광도시민박업,"서울특별시 서대문구 신촌로9길 12, 202호 (창천동)",서울 서대문구 창천동 116-12,CDFI2262212025000125,2025-12-22,영업/정상(영업중),37.5574780367809,126.932233579404,2
서울포레스트하우스(SEOULFOREST HOUSE),외국인관광도시민박업,"서울특별시 성동구 왕십리로6길 18, 2층 201호 (성수동1가)",서울 성동구 성수동1가 656-614,CDFI2262212024000023,2024-07-04,영업/정상(영업중),37.5456900205803,127.046515880753,3
RIMI HOUSE,외국인관광도시민박업,"서울특별시 관악구 봉천로21길 58, 302호 (봉천동)",서울 관악구 봉천동 1511-33,CDFI2262212024000052,2024-06-04,영업/정상(영업중),37.489481215353,126.93435322222,2
이지멘션3F,외국인관광도시민박업,"서울특별시 마포구 성미산로17길 105-5, 3층 (성산동)",서울 마포구 성산동 607-3,CDFI2262212024000469,2024-12-20,영업/정상(영업중),37.5660940949545,126.916750854507,4
단정스테이,외국인관광도시민박업,"서울특별시 은평구 응암로21가길 30, 701호 (응암동, 아우어맨션)",서울 은평구 응암동 119-3,CDFI2262212025000026,2025-12-19,영업/정상(영업중),37.5962106997605,126.918424332138,2
루비루스테이,외국인관광도시민박업,"서울특별시 강남구 언주로153길 14-2, 202호 (신사동)",서울 강남구 신사동 626-72,CDFI2262212025000076,2025-12-19,영업/정상(영업중),37.5229079892673,127.032019688287,8
Jemini stay,외국인관광도시민박업,"서울특별시 관악구 봉천로23다길 35-22, 101호 (봉천동)",서울 관악구 봉천동 645-97,CDFI2262212025000084,2025-12-19,영업/정상(영업중),37.4882573979245,126.938063842954,3
더서울,외국인관광도시민박업,"서울특별시 강남구 테헤란로55길 45, 304호 (역삼동)",서울 강남구 역삼동 695-17,CDFI2262212025000071,2025-12-18,영업/정상(영업중),37.5067588583481,127.045214930283,9
셀링슬기,외국인관광도시민박업,"서울특별시 강남구 선릉로92길 40, 1303호 (삼성동)",서울 강남구 삼성동 142-28,CDFI2262212025000073,2025-12-18,영업/정상(영업중),37.5061084170524,127.052015622704,9
코지스테이 정,외국인관광도시민박업,"서울특별시 마포구 백범로25길 82, 지하1층 (염리동)",서울 마포구 염리동 52-7,CDFI2262212025000449,2025-12-18,영업/정상(영업중),37.5494005735755,126.948011342633,2
셀링니콜,외국인관광도시민박업,"서울특별시 강남구 선릉로92길 40, 1302호 (삼성동)",서울 강남구 삼성동 142-28,CDFI2262212025000072,2025-12-18,영업/정상(영업중),37.5061084170524,127.052015622704,9
에이브스테이,외국인관광도시민박업,"서울특별시 마포구 와우산로30길 50, 101호 (창전동)",서울 마포구 창전동 6-258,CDFI2262212025000445,2025-12-12,영업/정상(영업중),37.5530370351107,126.929188469729,3
메종뤼미에르 인 강남,외국인관광도시민박업,"서울특별시 강남구 선릉로103길 14-3, 102호 (역삼동)",서울 강남구 역삼동 693-27,CDFI2262212025000069,2025-12-18,영업/정상(영업중),37.5072378737162,127.044393883144,3
스테이 한,외국인관광도시민박업,"서울특별시 서대문구 신촌로9길 48, 102호 (창천동)",서울 서대문구 창천동 69-10,CDFI2262212025000124,2025-12-18,영업/정상(영업중),37.5587320155641,126.933449902803,2
더 서울,외국인관광도시민박업,"서울특별시 마포구 독막로21길 15-5, 201호 (창전동)",서울 마포구 창전동 42-2,CDFI2262212025000439,2025-12-11,영업/정상(영업중),37.5487636739552,126.928561967008,3
지니하우스,외국인관광도시민박업,"서울특별시 마포구 동교로 183-6, 201호 (동교동)",서울 마포구 동교동 201-51,CDFI2262212025000440,2025-12-11,영업/정상(영업중),37.5572640621508,126.921625439434,2
온유,외국인관광도시민박업,"서울특별시 강서구 공항대로5길 34, 201호 (공항동)",서울 강서구 공항동 24-4,CDFI2262212025000064,2025-12-15,영업/정상(영업중),37.561733670329,126.812959852169,3
Stay easy,외국인관광도시민박업,"서울특별시 노원구 한글비석로44길 54, 402호 (상계동, 라포레스타)",서울 노원구 상계동 143-44,CDFI2262212025000012,2025-12-15,영업/정상(영업중),37.6647667289049,127.070970692462,3
리틀포레 301,외국인관광도시민박업,"서울특별시 성동구 왕십리로8길 19-5, 301호 (성수동1가)",서울 성동구 성수동1가 656-986,CDFI2262212025000050,2025-12-15,영업/정상(영업중),37.5463172658695,127.046820330198,4
앤디하우스 연남,외국인관광도시민박업,"서울특별시 마포구 성미산로17길 59, 1층 101호 (연남동)",서울 마포구 연남동 487-51,CDFI2262212025000200,2025-04-28,영업/정상(영업중),37.5640987272892,126.917489465771,3
더 다올,외국인관광도시민박업,"서울특별시 마포구 월드컵북로42가길 28, 4층 (상암동)",서울 마포구 상암동 2-192,CDFI2262212025000442,2025-12-12,영업/정상(영업중),37.5754173101996,126.896773071098,2
bliss house,외국인관광도시민박업,"서울특별시 마포구 성미산로 65-5, 5층 501호 (성산동, 노블레스빌)",서울 마포구 성산동 40-8,CDFI2262212025000443,2025-12-12,영업/정상(영업중),37.5600200570689,126.915270650993,3
서복당,외국인관광도시민박업,"서울특별시 강남구 삼성로107길 28, 301호 (삼성동)",서울 강남구 삼성동 116-22,CDFI2262212025000067,2025-12-12,영업/정상(영업중),37.5110902797795,127.051747963773,4
우주스테이,외국인관광도시민박업,"서울특별시 마포구 성미산로 68-4, 3층 302호 (성산동)",서울 마포구 성산동 239-17,CDFI2262212025000446,2025-12-12,영업/정상(영업중),37.5595122840661,126.915562323595,4
하이네 하우스,외국인관광도시민박업,"서울특별시 마포구 성미산로19길 9, 지층 B101호 (연남동)",서울 마포구 연남동 482-28,CDFI2262212025000428,2025-11-28,영업/정상(영업중),37.5621720672366,126.918440747425,2
파이프 스테이,외국인관광도시민박업,"서울특별시 마포구 연희로1길 28-9, 2층 (동교동)",서울 마포구 동교동 113-72,CDFI2262212023000129,2023-09-15,영업/정상(영업중),37.5599611467829,126.92587332169,3
스테이 숨,외국인관광도시민박업,"서울특별시 마포구 성미산로17길 49, 3층 301호 (연남동)",서울 마포구 연남동 487-187,CDFI2262212025000427,2025-11-28,영업/정상(영업중),37.5636512853868,126.917608125161,4
오앤와이하우스,외국인관광도시민박업,"서울특별시 강서구 남부순환로3길 13-10, 401호 (공항동, CL HOUSE)",서울 강서구 공항동 66-13,CDFI2262212025000062,2025-11-27,영업/정상(영업중),37.5593042601825,126.809097126284,11
그레이스 헤이븐 코엑스,외국인관광도시민박업,"서울특별시 강남구 봉은사로74길 6-12, 302호 (삼성동)",서울 강남구 삼성동 116-17,CDFI2262212025000065,2025-12-10,영업/정상(영업중),37.5112538098947,127.051546860054,2
달하우스,외국인관광도시민박업,"서울특별시 종로구 율곡로23길 7, 301호 (충신동)",서울 종로구 충신동 12-4,CDFI2262212025000160,2025-11-27,영업/정상(영업중),37.5751624268673,127.006233307167,3
스테이 쓰리,외국인관광도시민박업,"서울특별시 서대문구 신촌로9길 48, 302호 (창천동)",서울 서대문구 창천동 69-10,CDFI2262212025000123,2025-12-18,영업/정상(영업중),37.5587320155641,126.933449902803,2
신사삼일하우스,외국인관광도시민박업,"서울특별시 강남구 도산대로4길 14, 301호 (논현동)",서울 강남구 논현동 16-11,CDFI2262212025000075,2025-12-18,영업/정상(영업중),37.5155486980293,127.021157801504,4
더서울,외국인관광도시민박업,"서울특별시 관악구 신림동1길 20-6, A동 903호 (신림동)",서울 관악구 신림동 1432-178,CDFI2262212025000083,2025-12-18,영업/정상(영업중),37.4864955405369,126.928002474243,4
블라썸,외국인관광도시민박업,"서울특별시 마포구 동교로38길 26-9, 1층 102호 (연남동)",서울 마포구 연남동 390-49,CDFI2262212024000304,2024-10-07,영업/정상(영업중),37.5614960978919,126.925322413198,3
라라하우스,외국인관광도시민박업,"서울특별시 강남구 삼성로107길 28, B01호 (삼성동)",서울 강남구 삼성동 116-22,CDFI2262212025000074,2025-12-18,영업/정상(영업중),37.5110902797795,127.051747963773,4
둥 하우스 (Doong House),외국인관광도시민박업,"서울특별시 서대문구 연희로2안길 7-15, 301호 (창천동)",서울 서대문구 창천동 421,CDFI2262212025000121,2025-12-17,영업/정상(영업중),37.5603817640389,126.927815313843,5
우드스테이,외국인관광도시민박업,"서울특별시 광진구 아차산로22길 36, 101호 (자양동)",서울 광진구 자양동 24-27,CDFI2262212025000081,2025-12-04,영업/정상(영업중),37.5404263154772,127.063822055609,2
구정하우스,외국인관광도시민박업,"서울특별시 강남구 테헤란로55길 45, A동 303호 (역삼동)",서울 강남구 역삼동 695-17,CDFI2262212025000059,2025-12-04,영업/정상(영업중),37.5067588583481,127.045214930283,9
코지 강남 하우스,외국인관광도시민박업,"서울특별시 강남구 테헤란로55길 47, B동 501호 (역삼동)",서울 강남구 역삼동 695-18,CDFI2262212025000060,2025-12-04,영업/정상(영업중),37.5068515330821,127.045080397241,4
코지 해인 하우스,외국인관광도시민박업,"서울특별시 강남구 테헤란로55길 47, B동 201호 (역삼동)",서울 강남구 역삼동 695-18,CDFI2262212025000062,2025-12-04,영업/정상(영업중),37.5068515330821,127.045080397241,4
퓨어하우스 홍대,외국인관광도시민박업,"서울특별시 마포구 월드컵북로6길 52-9, 201호 (동교동)",서울 마포구 동교동 204-40,CDFI2262212025000431,2025-12-03,영업/정상(영업중),37.558864458741,126.921694273381,3
캘리럭셔리,외국인관광도시민박업,"서울특별시 강남구 테헤란로55길 45, 402호 (역삼동)",서울 강남구 역삼동 695-17,CDFI2262212025000058,2025-12-04,영업/정상(영업중),37.5067588583481,127.045214930283,9
슬로우 케이,외국인관광도시민박업,"서울특별시 관악구 봉천로19길 25, 202호 (봉천동)",서울 관악구 봉천동 662-118,CDFI2262212025000075,2025-12-05,영업/정상(영업중),37.4883915145833,126.933668393529,2
강남팰리스,외국인관광도시민박업,"서울특별시 강남구 봉은사로48길 50-2, 203호 (역삼동)",서울 강남구 역삼동 691-16,CDFI2262212025000057,2025-12-04,영업/정상(영업중),37.5066479957565,127.043151134281,3
아리아 스테이 (Aria Stay),외국인관광도시민박업,"서울특별시 서대문구 북아현로 80-6, B01호 (북아현동)",서울 서대문구 북아현동 1-206,CDFI2262212025000112,2025-12-04,영업/정상(영업중),37.5641689381677,126.954166125953,2
햇살가득한 집,외국인관광도시민박업,"서울특별시 관악구 봉천로13다길 17, 301호 (봉천동)",서울 관악구 봉천동 674-13,CDFI2262212025000076,2025-12-05,영업/정상(영업중),37.4910746690846,126.932473972183,2
아늑스테이,외국인관광도시민박업,"서울특별시 광진구 능동로50길 9-4, 102호 (중곡동)",서울 광진구 중곡동 30-62,CDFI2262212025000083,2025-12-05,영업/정상(영업중),37.5641448900291,127.084125303523,2
코지 유진 하우스,외국인관광도시민박업,"서울특별시 강남구 테헤란로55길 47, B동 503호 (역삼동)",서울 강남구 역삼동 695-18,CDFI2262212025000061,2025-12-04,영업/정상(영업중),37.5068515330821,127.045080397241,4
결 (Gyeol),외국인관광도시민박업,"서울특별시 서대문구 북아현로 80-6, B02호 (북아현동)",서울 서대문구 북아현동 1-206,CDFI2262212025000113,2025-12-04,영업/정상(영업중),37.5641689381677,126.954166125953,2
어빈 스테이,외국인관광도시민박업,"서울특별시 강동구 동남로82길 101, 301호 (고덕동)",서울 강동구 고덕동 256-1,CDFI2262212025000084,2025-12-01,영업/정상(영업중),37.5604955301618,127.162636617999,2
스테이우아망원,외국인관광도시민박업,"서울특별시 마포구 월드컵로31길 83-8, 1층 102호 (망원동)",서울 마포구 망원동 437-14,CDFI2262212025000426,2025-11-28,영업/정상(영업중),37.5596719830947,126.90057386748,3
보이드 서울,외국인관광도시민박업,"서울특별시 광진구 긴고랑로26길 25-15, 101호 (중곡동, 보이드 군자)",서울 광진구 중곡동 150-252,CDFI2262212025000080,2025-12-01,영업/정상(영업중),37.5593531167648,127.085385938769,6
조은 스테이,외국인관광도시민박업,"서울특별시 관악구 신림로71길 42, M03호 (신림동)",서울 관악구 신림동 1441-27,CDFI2262212025000077,2025-12-08,영업/정상(영업중),37.4881299039258,126.926001684978,2
스테이 숲,외국인관광도시민박업,"서울특별시 강동구 천중로 86-18, 102호 (천호동)",서울 강동구 천호동 299-22,CDFI2262212025000083,2025-11-28,영업/정상(영업중),37.5439612770894,127.130769373382,3
스테이 서울하루,외국인관광도시민박업,"서울특별시 마포구 월드컵북로 308, 301호 (상암동)",서울 마포구 상암동 27-61,CDFI2262212024000170,2024-07-15,영업/정상(영업중),37.574594594467,126.897165547026,2
아름 스테이 합정,외국인관광도시민박업,"서울특별시 마포구 월드컵로5길 33-24, 2층 302호 (합정동)",서울 마포구 합정동 389-22,CDFI2262212025000434,2025-12-08,영업/정상(영업중),37.550593916971,126.910632803412,5
Seoul mate Stay,외국인관광도시민박업,"서울특별시 마포구 성미산로 68-4, 2층 202호 (성산동)",서울 마포구 성산동 239-17,CDFI2262212025000435,2025-12-08,영업/정상(영업중),37.5595122840661,126.915562323595,4
덴아이세드 압구정,외국인관광도시민박업,"서울특별시 강남구 언주로153길 14-2, 101호 (신사동)",서울 강남구 신사동 626-72,CDFI2262212025000063,2025-12-08,영업/정상(영업중),37.5229079892673,127.032019688287,8
주미 스테이 (Jumi's Stay),외국인관광도시민박업,"서울특별시 서대문구 연희로2길 40, 402호 (창천동)",서울 서대문구 창천동 414,CDFI2262212025000114,2025-12-08,영업/정상(영업중),37.5600795208548,126.928030421719,5
레몬버터홈,외국인관광도시민박업,"서울특별시 강남구 테헤란로55길 45, 302호 (역삼동)",서울 강남구 역삼동 695-17,CDFI2262212025000051,2025-11-22,영업/정상(영업중),37.5067588583481,127.045214930283,9
스테이 오하2,외국인관광도시민박업,"서울특별시 강남구 테헤란로55길 45, 204호 (역삼동)",서울 강남구 역삼동 695-17,CDFI2262212025000049,2025-11-22,영업/정상(영업중),37.5067588583481,127.045214930283,9
리앤수,외국인관광도시민박업,"서울특별시 마포구 월드컵로20길 66, 101호 (서교동)",서울 마포구 서교동 247-150,CDFI2262212025000422,2025-11-23,영업/정상(영업중),37.55809180728,126.912638066298,3
피키하우스,외국인관광도시민박업,"서울특별시 강남구 테헤란로55길 45, 401호 (역삼동)",서울 강남구 역삼동 695-17,CDFI2262212025000052,2025-11-22,영업/정상(영업중),37.5067588583481,127.045214930283,9
아워에피소드홈,외국인관광도시민박업,"서울특별시 양천구 목동중앙북로22길 3-14, 2층 (목동)",서울 양천구 목동 521-23,CDFI2262212025000049,2025-11-21,영업/정상(영업중),37.5460943152502,126.877302842554,3
블루스테이,외국인관광도시민박업,"서울특별시 마포구 월드컵로20길 66, 202호 (서교동)",서울 마포구 서교동 247-150,CDFI2262212025000411,2025-11-21,영업/정상(영업중),37.55809180728,126.912638066298,3
스테이 오하,외국인관광도시민박업,"서울특별시 강남구 테헤란로55길 45, 201호 (역삼동)",서울 강남구 역삼동 695-17,CDFI2262212025000050,2025-11-22,영업/정상(영업중),37.5067588583481,127.045214930283,9
망고하우스,외국인관광도시민박업,"서울특별시 마포구 월드컵북로4길 73, 지하101호 (동교동)",서울 마포구 동교동 197-7,CDFI2262212025000410,2025-11-21,영업/정상(영업중),37.559172501807,126.922639221734,4
청화스테이,외국인관광도시민박업,"서울특별시 강남구 선릉로111길 35, B03호 (논현동)",서울 강남구 논현동 277-8,CDFI2262212024000002,2024-04-25,영업/정상(영업중),37.5100352735257,127.040754245461,2
루미온,외국인관광도시민박업,"서울특별시 강동구 양재대로87길 52-6, B02호 (성내동)",서울 강동구 성내동 432-20,CDFI2262212024000074,2024-12-27,영업/정상(영업중),37.5262415306415,127.132348263638,2
다 올,외국인관광도시민박업,"서울특별시 종로구 종로65길 33-20, 201호 (숭인동, 고덕빌라)",서울 종로구 숭인동 178-102,CDFI2262212025000166,2025-12-11,영업/정상(영업중),37.5760290652931,127.019094769023,2
인조이,외국인관광도시민박업,"서울특별시 마포구 와우산로3안길 7, 501호 (상수동, 석진하우징)",서울 마포구 상수동 334-11,CDFI2262212024000423,2024-11-26,영업/정상(영업중),37.5463911393995,126.922247094168,7
이유 하우스,외국인관광도시민박업,"서울특별시 성북구 종암로21길 17-8, 302호 (종암동)",서울 성북구 종암동 79-398,CDFI2262212025000022,2025-06-26,영업/정상(영업중),37.5994712508847,127.033380776065,2
온리유스테이 서울,외국인관광도시민박업,"서울특별시 관악구 봉천로33가길 6, 101호 (봉천동)",서울 관악구 봉천동 908-6,CDFI2262212024000144,2024-11-28,영업/정상(영업중),37.4841829299846,126.944172192317,2
종로테라스 스테이,외국인관광도시민박업,"서울특별시 종로구 종로63가길 59-1, 401호 (숭인동)",서울 종로구 숭인동 179-18,CDFI2262212025000165,2025-12-11,영업/정상(영업중),37.5767654147814,127.018740057452,2
나나하우스,외국인관광도시민박업,"서울특별시 강남구 삼성로107길 28, 101호 (삼성동)",서울 강남구 삼성동 116-22,CDFI2262212025000066,2025-12-11,영업/정상(영업중),37.5110902797795,127.051747963773,4
진진 스테이,외국인관광도시민박업,"서울특별시 서대문구 수색로8가길 22-6, B101호 (북가좌동)",서울 서대문구 북가좌동 381-3,CDFI2262212025000116,2025-12-10,영업/정상(영업중),37.5766305890962,126.905825335144,2
셀베이션,외국인관광도시민박업,"서울특별시 도봉구 노해로57길 19-3, 2층 201호 (쌍문동, JH Palace)",서울 도봉구 쌍문동 137-1,CDFI2262212025000007,2025-10-14,영업/정상(영업중),37.6522401247379,127.03317751554,2
민즈하우스,외국인관광도시민박업,"서울특별시 도봉구 도봉로110가길 13, 2층 (창동)",서울 도봉구 창동 650-21,CDFI2262212025000010,2025-12-05,영업/정상(영업중),37.6456208004708,127.033742934214,3
Peaceinbnb 2,외국인관광도시민박업,"서울특별시 서대문구 신촌로1길 57, 202호 (창천동)",서울 서대문구 창천동 363,CDFI2262212025000117,2025-12-11,영업/정상(영업중),37.5600311302903,126.928463609153,5
BANDI HOUSE(반디하우스),외국인관광도시민박업,"서울특별시 도봉구 도봉로110가길 13, 1층 (창동)",서울 도봉구 창동 650-21,CDFI2262212025000008,2025-12-05,영업/정상(영업중),37.6456208004708,127.033742934214,3
MUA HOUSE(무아하우스),외국인관광도시민박업,"서울특별시 도봉구 도봉로110가길 13, 3층 (창동)",서울 도봉구 창동 650-21,CDFI2262212025000009,2025-12-05,영업/정상(영업중),37.6456208004708,127.033742934214,3
달혜화,외국인관광도시민박업,"서울특별시 종로구 동숭4라길 8, 조윤홈 202호 (동숭동)",서울 종로구 동숭동 5-1,CDFI2262212025000162,2025-12-10,영업/정상(영업중),37.5840003050037,127.005668640442,4
코코서울_3,외국인관광도시민박업,"서울특별시 용산구 청파로73다길 2, 3층 401호 (서계동)",서울 용산구 서계동 33-233,CDFI2262212025000101,2025-12-03,영업/정상(영업중),37.5513939215539,126.967299084633,6
소윤재,외국인관광도시민박업,"서울특별시 종로구 지봉로 85-40, 101호 (창신동)",서울 종로구 창신동 23-86,CDFI2262212025000164,2025-12-10,영업/정상(영업중),37.5770840705506,127.014436267939,3
써니하우스,외국인관광도시민박업,"서울특별시 강동구 구천면로36길 23-3, 1층 101호 (천호동)",서울 강동구 천호동 395-11,CDFI2262212025000085,2025-12-10,영업/정상(영업중),37.5427343283655,127.132839873277,3
온빈당 스테이,외국인관광도시민박업,"서울특별시 성동구 송정6길 5-1, 301호 (송정동)",서울 성동구 송정동 66-159,CDFI2262212025000048,2025-12-09,영업/정상(영업중),37.5493739646565,127.065292104385,2
(Atelier in Seoul),외국인관광도시민박업,"서울특별시 관악구 신림로48길 17-8, 203호 (신림동)",서울 관악구 신림동 91-48,CDFI2262212025000080,2025-12-09,영업/정상(영업중),37.4793654213177,126.933239966942,2
오주스테이,외국인관광도시민박업,"서울특별시 관악구 봉천로13길 64-1, 102호 (봉천동)",서울 관악구 봉천동 674-22,CDFI2262212025000073,2025-12-03,영업/정상(영업중),37.4910069625602,126.931931720442,2
더 암사,외국인관광도시민박업,"서울특별시 강동구 상암로5길 28, B02호 (암사동)",서울 강동구 암사동 503-15,CDFI2262212025000086,2025-12-10,영업/정상(영업중),37.5515748248399,127.127536014121,5
오즈202 (Oz302),외국인관광도시민박업,"서울특별시 서대문구 신촌로3나길 24, 302호 (창천동)",서울 서대문구 창천동 501-11,CDFI2262212025000115,2025-12-09,영업/정상(영업중),37.5583280168627,126.930493268475,7
고요 홍대,외국인관광도시민박업,"서울특별시 마포구 와우산로26길 11, 302호 (창전동, 더하우스)",서울 마포구 창전동 6-153,CDFI2262212025000433,2025-12-03,영업/정상(영업중),37.5527081692726,126.92653134188,5
나나스테이,외국인관광도시민박업,"서울특별시 관악구 신림로30길 17-8, 2층 305호 (신림동)",서울 관악구 신림동 108-20,CDFI2262212025000029,2025-03-10,영업/정상(영업중),37.4730234128272,126.936041534623,4
"STAY, 쉼",외국인관광도시민박업,"서울특별시 마포구 월드컵북로45길 16, 그린빌라 1층 101호 (상암동)",서울 마포구 상암동 34-97,CDFI2262212025000429,2025-12-03,영업/정상(영업중),37.574856614007,126.894623107402,3
엣 모어,외국인관광도시민박업,"서울특별시 마포구 와우산로29나길 24-3, 202호 (서교동)",서울 마포구 서교동 335-36,CDFI2262212025000437,2025-12-11,영업/정상(영업중),37.554420424205,126.927550130954,5
카이로스,외국인관광도시민박업,"서울특별시 마포구 와우산로26길 11, 402호 (창전동, 더하우스)",서울 마포구 창전동 6-153,CDFI2262212025000438,2025-12-11,영업/정상(영업중),37.5527081692726,126.92653134188,5
모먼트삼성,외국인관광도시민박업,"서울특별시 강남구 삼성로107길 28, B02호 (삼성동)",서울 강남구 삼성동 116-22,CDFI2262212025000056,2025-12-02,영업/정상(영업중),37.5110902797795,127.051747963773,4
Loft 501,외국인관광도시민박업,"서울특별시 광진구 긴고랑로26길 25-15 (중곡동, 보이드 군자)",서울 광진구 중곡동 150-252,CDFI2262212025000088,2025-12-15,영업/정상(영업중),37.5593531167648,127.085385938769,6
소월하우스,외국인관광도시민박업,"서울특별시 용산구 소월로44길 15, 202호 (이태원동, 이태원H&H)",서울 용산구 이태원동 258-260,CDFI2262212025000009,2025-02-03,영업/정상(영업중),37.5421424739881,126.9932396594,2
루미하우스,외국인관광도시민박업,"서울특별시 용산구 이태원로16길 21-20, 1층 (이태원동)",서울 용산구 이태원동 76-2,CDFI2262212025000108,2025-12-15,영업/정상(영업중),37.5331681744336,126.992176956496,3
서울빌라스1,외국인관광도시민박업,"서울특별시 용산구 청파로73다길 2, 302호 (서계동)",서울 용산구 서계동 33-233,CDFI2262212025000106,2025-12-15,영업/정상(영업중),37.5513939215539,126.967299084633,6
프롬하우스,외국인관광도시민박업,"서울특별시 용산구 이태원로16길 21-20, 2층 (이태원동)",서울 용산구 이태원동 75-11,CDFI2262212025000109,2025-12-15,영업/정상(영업중),37.5334164516483,126.991613493065,2
경춘 담(談) 스테이,외국인관광도시민박업,"서울특별시 노원구 동일로182길 47-3, 4층 (공릉동)",서울 노원구 공릉동 556-28,CDFI2262212025000010,2025-11-21,영업/정상(영업중),37.623449601194,127.076572442813,3
하오하우스,외국인관광도시민박업,"서울특별시 마포구 월드컵북로4길 73, 지하102호 (동교동)",서울 마포구 동교동 197-7,CDFI2262212025000414,2025-11-21,영업/정상(영업중),37.559172501807,126.922639221734,4
lily house,외국인관광도시민박업,"서울특별시 용산구 후암로4길 14-5, 지층 101호 (후암동)",서울 용산구 후암동 254-74,CDFI2262212025000094,2025-11-19,영업/정상(영업중),37.5468611764806,126.979231223507,3
아우리(Auri)스테이,외국인관광도시민박업,"서울특별시 동작구 남부순환로257가길 30, B03호 (사당동)",서울 동작구 사당동 419-22,CDFI2262212025000020,2025-11-20,영업/정상(영업중),37.478483235693,126.975406670013,2
해피하우스,외국인관광도시민박업,"서울특별시 강남구 도산대로26길 47, 202호 (논현동)",서울 강남구 논현동 34-2,CDFI2262212025000048,2025-11-20,영업/정상(영업중),37.5161663165906,127.028902778982,2
성산주택,외국인관광도시민박업,"서울특별시 마포구 성미산로3나길 18, 지층 (성산동)",서울 마포구 성산동 256-21,CDFI2262212025000409,2025-11-20,영업/정상(영업중),37.5602537925077,126.908531387392,2
소울하우스,외국인관광도시민박업,"서울특별시 강서구 남부순환로3길 13-10, 202호 (공항동, CL HOUSE)",서울 강서구 공항동 66-13,CDFI2262212025000054,2025-09-24,영업/정상(영업중),37.5593042601825,126.809097126284,11
공항에서 가까운 아파트,외국인관광도시민박업,"서울특별시 강서구 양천로62길 41, 201동 1407호 (등촌동, 코오롱오투빌2차아파트)",서울 강서구 등촌동 712,CDFI2262212024000017,2024-05-16,영업/정상(영업중),37.5558425017385,126.859990044713,2
청담57스테이,외국인관광도시민박업,"서울특별시 강남구 도산대로98길 17, 지하1층1호 (청담동)",서울 강남구 청담동 57-7,CDFI2262212025000054,2025-11-26,영업/정상(영업중),37.5234860092719,127.051552899063,2
스테이 오드리,외국인관광도시민박업,"서울특별시 강서구 방화대로31길 8, 602호 (방화동)",서울 강서구 방화동 247-177,CDFI2262212025000061,2025-11-25,영업/정상(영업중),37.5681951924362,126.816022305576,4
초록스테이 종로,외국인관광도시민박업,"서울특별시 종로구 대학로11길 38-7, 201호 (명륜4가, 지원하우스)",서울 종로구 명륜4가 70-7,CDFI2262212025000159,2025-11-26,영업/정상(영업중),37.5825426338077,127.00003373788,2
아디 스테이,외국인관광도시민박업,"서울특별시 금천구 독산로44길 29, 304호 (시흥동, 인경스마트빌딩)",서울 금천구 시흥동 791-34,CDFI2262212023000001,2023-09-05,영업/정상(영업중),37.4612709062919,126.906334841847,6
굿스테이,외국인관광도시민박업,"서울특별시 마포구 망원로7길 54, 3층 (망원동)",서울 마포구 망원동 476-30,CDFI2262212025000035,2025-01-13,영업/정상(영업중),37.5598179102991,126.904572320384,2
돈의 02,외국인관광도시민박업,"서울특별시 종로구 자하문로19길 3, 202호 (옥인동, 홀로세 다세대주택)",서울 종로구 옥인동 14,CDFI2262212025000019,2025-02-04,영업/정상(영업중),37.5823355870354,126.970116359616,6
아리아 스테이,외국인관광도시민박업,"서울특별시 마포구 와우산로33길 43, 203호 (서교동)",서울 마포구 서교동 328-65,CDFI2262212025000420,2025-11-23,영업/정상(영업중),37.5559020316171,126.9281515746,2
피어니,외국인관광도시민박업,"서울특별시 마포구 월드컵로7길 54-4, 1층 201호 (합정동)",서울 마포구 합정동 432-16,CDFI2262212025000423,2025-11-24,영업/정상(영업중),37.5531195016025,126.90897807448,2
네버랜드 테라스,외국인관광도시민박업,"서울특별시 마포구 삼개로3길 14-10, 2층 (도화동)",서울 마포구 도화동 213-1,CDFI2262212025000417,2025-11-23,영업/정상(영업중),37.5383904424217,126.948606902408,2
로즈힐 스테이,외국인관광도시민박업,"서울특별시 마포구 백범로21길 20, 301호 (염리동)",서울 마포구 염리동 85-12,CDFI2262212025000419,2025-11-23,영업/정상(영업중),37.5475049532393,126.944814153985,4
빈 하우스,외국인관광도시민박업,"서울특별시 마포구 와우산로13길 9, 301호 (상수동)",서울 마포구 상수동 90-8,CDFI2262212025000421,2025-11-23,영업/정상(영업중),37.549599018491,126.922603398805,4
아우리(Auri)스테이1,외국인관광도시민박업,"서울특별시 동작구 남부순환로257가길 30, B01호 (사당동)",서울 동작구 사당동 419-22,CDFI2262212025000021,2025-11-20,영업/정상(영업중),37.478483235693,126.975406670013,2
브런치 코너스테이,외국인관광도시민박업,"서울특별시 강동구 올림픽로62길 9-14, 7층 703호 (성내동)",서울 강동구 성내동 81-1,CDFI2262212025000001,2025-01-06,영업/정상(영업중),37.5369625268254,127.123801201293,14
칸트하우스,외국인관광도시민박업,"서울특별시 성북구 보국문로24길 19, 402호 (정릉동, 칸트하우스)",서울 성북구 정릉동 252-124,CDFI2262212025000007,2025-02-12,영업/정상(영업중),37.6132249531349,127.00846579631,7
미니미 하우스,외국인관광도시민박업,"서울특별시 서대문구 신촌로1길 32-4, 202호 (창천동)",서울 서대문구 창천동 506-7,CDFI2262212025000108,2025-11-19,영업/정상(영업중),37.5591254330658,126.92933606575,3
스테이 플러스,외국인관광도시민박업,"서울특별시 송파구 송파대로43길 23, 403호 (석촌동)",서울 송파구 석촌동 283-1,CDFI2262212025000084,2025-11-18,영업/정상(영업중),37.5033444778543,127.10554094434,3
YJ스테이,외국인관광도시민박업,"서울특별시 관악구 신림로26길 29-9, 203호 (신림동, 블루마운틴)",서울 관악구 신림동 107-57,CDFI2262212025000068,2025-11-18,영업/정상(영업중),37.4732403329895,126.935300424854,6
이태원 페이룸,외국인관광도시민박업,"서울특별시 용산구 이태원로16길 21-14, 2층 (이태원동)",서울 용산구 이태원동 75-11,CDFI2262212025000090,2025-11-11,영업/정상(영업중),37.5334164516483,126.991613493065,2
석촌 코지베어스테이,외국인관광도시민박업,"서울특별시 송파구 백제고분로34길 3-47, B01호 (석촌동)",서울 송파구 석촌동 237-3,CDFI2262212025000009,2025-02-28,영업/정상(영업중),37.5010092366216,127.10017781794,6
홈어웨이 프럼 홈 서울,외국인관광도시민박업,"서울특별시 용산구 만리재로26길 7, 2층 (서계동)",서울 용산구 서계동 242-34,CDFI2262212025000091,2025-11-14,영업/정상(영업중),37.5526217232034,126.964529866619,3
슈퍼문 스테이,외국인관광도시민박업,"서울특별시 관악구 봉천로23다길 35-22, 201호 (봉천동)",서울 관악구 봉천동 645-97,CDFI2262212025000067,2025-11-18,영업/정상(영업중),37.4882573979245,126.938063842954,3
RB HOUSE 301,외국인관광도시민박업,"서울특별시 중랑구 동일로120길 59-24, 301호 (상봉동)",서울 중랑구 상봉동 333-2,CDFI2262212025000010,2025-11-14,영업/정상(영업중),37.5970205424442,127.084097757389,2
RB HOUSE 302,외국인관광도시민박업,"서울특별시 중랑구 동일로120길 59-24, 302호 (상봉동)",서울 중랑구 상봉동 333-2,CDFI2262212025000011,2025-11-14,영업/정상(영업중),37.5970205424442,127.084097757389,2
스테이 패스포트 삿포로 료칸 서울 홍대,외국인관광도시민박업,"서울특별시 마포구 홍익로 3-28, 3층 301호 (서교동, 영복빌딩)",서울 마포구 서교동 358-135,CDFI2262212017000067,2017-07-29,영업/정상(영업중),37.5529140821255,126.923188112633,4
스테이 패스포트 삿포로 료칸 서울 홍대 2,외국인관광도시민박업,"서울특별시 마포구 홍익로 3-28, 4층 401호 (서교동, 영복빌딩)",서울 마포구 서교동 358-135,CDFI2262212017000066,2017-07-29,영업/정상(영업중),37.5529140821255,126.923188112633,4
헥스앤아이,외국인관광도시민박업,"서울특별시 강남구 도산대로33길 20, 제이에스 빌딩 406호 (신사동)",서울 강남구 신사동 589,CDFI2262212025000040,2025-11-14,영업/정상(영업중),37.5219378947263,127.029900032667,2
성수삼삼오오,외국인관광도시민박업,"서울특별시 성동구 연무장길 84, 401호 (성수동2가)",서울 성동구 성수동2가 271-19,CDFI2262212024000056,2024-10-24,영업/정상(영업중),37.54138889685,127.058520342904,3
슬로우시네마 홍대,외국인관광도시민박업,서울특별시 마포구 동교로 110 (서교동),서울 마포구 서교동 481-9,CDFI2262212024000366,2024-11-04,영업/정상(영업중),37.5545218832128,126.914245653657,2
마누스테이（Manu Stay）,외국인관광도시민박업,"서울특별시 관악구 봉천로13길 64-1, 201호 (봉천동)",서울 관악구 봉천동 674-22,CDFI2262212025000065,2025-11-14,영업/정상(영업중),37.4910069625602,126.931931720442,2
성수 삼삼오오 271,외국인관광도시민박업,"서울특별시 성동구 연무장길 84, 402호 (성수동2가)",서울 성동구 성수동2가 271-19,CDFI2262212024000055,2024-10-24,영업/정상(영업중),37.54138889685,127.058520342904,3
카일룸블랙 1502호,외국인관광도시민박업,"서울특별시 강남구 언주로 565, 1502호 (역삼동, 상지 카일룸 블랙)",서울 강남구 역삼동 653-3,CDFI2262212025000041,2025-11-14,영업/정상(영업중),37.5083278592214,127.038364146821,5
로하 하우스(테이크 투),외국인관광도시민박업,"서울특별시 마포구 월드컵북로4길 73, 302호 (동교동)",서울 마포구 동교동 197-7,CDFI2262212025000401,2025-11-14,영업/정상(영업중),37.559172501807,126.922639221734,4
코지 네스트 (Cozy Nest),외국인관광도시민박업,"서울특별시 서대문구 신촌로3나길 8-10, 201호 (창천동, 창천네오빌)",서울 서대문구 창천동 504-3,CDFI2262212025000107,2025-11-13,영업/정상(영업중),37.558569254034,126.929648509717,4
스테이 패스포트 삿포로 료칸 서울 홍대 3,외국인관광도시민박업,"서울특별시 마포구 홍익로 3-28, 5층 501호 (서교동, 영복빌딩)",서울 마포구 서교동 358-135,CDFI2262212025000179,2025-03-31,영업/정상(영업중),37.5529140821255,126.923188112633,4
코지스테이,외국인관광도시민박업,"서울특별시 강동구 양재대로115길 62, 2층 202호 (길동)",서울 강동구 길동 373-10,CDFI2262212025000081,2025-11-13,영업/정상(영업중),37.5397512360534,127.136919166423,2
한온,외국인관광도시민박업,"서울특별시 강동구 명일로18길 24, 3층 301호 (길동)",서울 강동구 길동 120,CDFI2262212025000038,2025-04-17,영업/정상(영업중),37.5380363472207,127.147627199839,2
눅스,외국인관광도시민박업,"서울특별시 동작구 사당로10가길 6, 202호 (사당동)",서울 동작구 사당동 241-9,CDFI2262212025000018,2025-11-12,영업/정상(영업중),37.4831942464663,126.968210732574,3
Nestory Seoul,외국인관광도시민박업,"서울특별시 마포구 월드컵로31길 83-8, 2층 201호 (망원동)",서울 마포구 망원동 437-14,CDFI2262212025000405,2025-11-17,영업/정상(영업중),37.5596719830947,126.90057386748,3
Stay Every Moment,외국인관광도시민박업,"서울특별시 강서구 남부순환로3길 13-10, 301호 (공항동, CL HOUSE)",서울 강서구 공항동 66-13,CDFI2262212025000036,2025-07-02,영업/정상(영업중),37.5593042601825,126.809097126284,11
하루온,외국인관광도시민박업,"서울특별시 강동구 천중로29길 49, B102호 (천호동)",서울 강동구 천호동 83-13,CDFI2262212025000079,2025-11-04,영업/정상(영업중),37.5434637021682,127.138011792417,2
포레스트 하우스,외국인관광도시민박업,"서울특별시 광진구 자양로23길 47, 101호 (구의동)",서울 광진구 구의동 647-2,CDFI2262212025000072,2025-11-04,영업/정상(영업중),37.5425668523192,127.083169117043,2
강남 포레스트 스테이,외국인관광도시민박업,"서울특별시 강남구 선릉로92길 37-4, 903호 (삼성동, 삼성동 한양립스 아파트)",서울 강남구 삼성동 142-16,CDFI2262212025000030,2025-11-04,영업/정상(영업중),37.506302593768,127.051787523413,3
맑은 다리,외국인관광도시민박업,"서울특별시 종로구 청계천로 319, 동대문신발상가 516호 (창신동)",서울 종로구 창신동 436-65,CDFI2262212024000003,2024-01-26,영업/정상(영업중),37.5701020271196,127.013364882905,4
CoCo Rin Stay,외국인관광도시민박업,"서울특별시 관악구 문성로38길 32-20, 202호 (신림동)",서울 관악구 신림동 412-348,CDFI2262212024000121,2024-10-22,영업/정상(영업중),37.4769727742829,126.929337518606,2
K-POP YEONNAM STAY,외국인관광도시민박업,"서울특별시 마포구 동교로38길 26-9, 지층 101호 (연남동)",서울 마포구 연남동 390-49,CDFI2262212025000406,2025-11-17,영업/정상(영업중),37.5614960978919,126.925322413198,3
헤일로 스테이,외국인관광도시민박업,"서울특별시 중구 퇴계로20나길 2-15, 102호 (남산동2가, 능마루빌라)",서울 중구 남산동2가 39-5,CDFI2262212023000012,2023-04-21,영업/정상(영업중),37.5588061724479,126.985332413896,11
조이스테이,외국인관광도시민박업,"서울특별시 마포구 와우산로 13, 302호 (상수동)",서울 마포구 상수동 346-1,CDFI2262212025000392,2025-11-05,영업/정상(영업중),37.5456542534256,126.922721314787,2
소요 서울,외국인관광도시민박업,서울특별시 용산구 임정로11길 4 (효창동),서울 용산구 효창동 3-118,CDFI2262212025000055,2025-07-10,영업/정상(영업중),37.5430547768716,126.958561872583,2
Sori House,외국인관광도시민박업,"서울특별시 용산구 만리재로40길 8-4, 2층 (서계동)",서울 용산구 서계동 223-38,CDFI2262212025000087,2025-11-04,영업/정상(영업중),37.5546146167664,126.967911522822,2
강호 게스트하우스,외국인관광도시민박업,"서울특별시 관악구 문성로36길 28, B01호 (신림동)",서울 관악구 신림동 1632-39,CDFI2262212025000064,2025-11-05,영업/정상(영업중),37.4779290775096,126.929592238537,3
코코서울,외국인관광도시민박업,"서울특별시 용산구 청파로73다길 2, 1층 1호 (서계동)",서울 용산구 서계동 33-233,CDFI2262212025000017,2025-03-04,영업/정상(영업중),37.5513939215539,126.967299084633,6
ON7 Stay,외국인관광도시민박업,"서울특별시 동작구 사당로10가길 6, 301호 (사당동)",서울 동작구 사당동 241-9,CDFI2262212025000016,2025-11-06,영업/정상(영업중),37.4831942464663,126.968210732574,3
찰리애니홈,외국인관광도시민박업,"서울특별시 용산구 녹사평대로26길 43, 경일빌라 4층 2호 (이태원동)",서울 용산구 이태원동 36-3,CDFI2262212025000015,2025-02-25,영업/정상(영업중),37.5318645875159,126.991903186245,2
어반종로,외국인관광도시민박업,"서울특별시 종로구 동숭3길 6-20, 102호 (동숭동)",서울 종로구 동숭동 130-61,CDFI2262212025000041,2025-03-06,영업/정상(영업중),37.5811308381278,127.005298218902,2
해피스테이,외국인관광도시민박업,"서울특별시 마포구 백범로25길 82, 2층 (염리동)",서울 마포구 염리동 52-7,CDFI2262212025000394,2025-11-06,영업/정상(영업중),37.5494005735755,126.948011342633,2
지월장,외국인관광도시민박업,서울특별시 용산구 후암로4길 21 (후암동),서울 용산구 후암동 250-5,CDFI2262212025000020,2025-03-19,영업/정상(영업중),37.5473530334507,126.97924070574,2
C Travel,외국인관광도시민박업,"서울특별시 용산구 청파로85가길 10-4, A동 401호 (서계동)",서울 용산구 서계동 33-56,CDFI2262212025000008,2025-02-03,영업/정상(영업중),37.5523855377732,126.967874114342,31
서울역 홍대 스테이,외국인관광도시민박업,"서울특별시 마포구 만리재로20길 24, 2층 (공덕동)",서울 마포구 공덕동 6-29,CDFI2262212025000397,2025-11-06,영업/정상(영업중),37.5505319660343,126.963118319939,2
Laszlo & Co.,외국인관광도시민박업,"서울특별시 성동구 송정12다길 9, 2층 (송정동)",서울 성동구 송정동 73-730,CDFI2262212024000059,2024-11-15,영업/정상(영업중),37.5500688499844,127.066520100364,2
그린하우스3,외국인관광도시민박업,"서울특별시 종로구 종로63가길 61, 302호 (숭인동)",서울 종로구 숭인동 179-14,CDFI2262212025000152,2025-11-06,영업/정상(영업중),37.5768756779734,127.018856347422,4
남산 아래,외국인관광도시민박업,"서울특별시 용산구 소월로30길 13, 지층 1호 (용산동2가)",서울 용산구 용산동2가 5-1927,CDFI2262212025000014,2025-02-24,영업/정상(영업중),37.5458379994236,126.988422041146,2
가든스테이 인 서울,외국인관광도시민박업,"서울특별시 강남구 도산대로26길 47, B101호 (논현동)",서울 강남구 논현동 34-2,CDFI2262212025000032,2025-11-06,영업/정상(영업중),37.5161663165906,127.028902778982,2
아이하우스 친친,외국인관광도시민박업,"[121867] 서울특별시 마포구 연남로7길 24-11, 2층 (연남동)",서울 마포구 연남동 370-14,CDFI2262212014000055,2014-03-13,영업/정상(영업중),37.5640863017628,126.918539283301,2
바투 스테이,외국인관광도시민박업,"[121869] 서울특별시 마포구 연남로1길 67-5, 1~2층 (연남동)",서울 마포구 연남동 570-22,CDFI2262212013000030,2013-02-28,영업/정상(영업중),37.5589927331005,126.920039919363,2
세타 하우스(Theta House),외국인관광도시민박업,"서울특별시 서대문구 신촌로1길 57, B02호 (창천동)",서울 서대문구 창천동 363,CDFI2262212025000106,2025-11-03,영업/정상(영업중),37.5600311302903,126.928463609153,5
윌스테이 대학로,외국인관광도시민박업,"서울특별시 종로구 낙산3길 27, 101호 (동숭동)",서울 종로구 동숭동 201-33,CDFI2262212024000071,2024-11-15,영업/정상(영업중),37.5793810516127,127.006434379415,2
시크릿서울,외국인관광도시민박업,"서울특별시 관악구 신림로58가길 61-5, 101호 (신림동)",서울 관악구 신림동 87-64,CDFI2262212025000062,2025-11-03,영업/정상(영업중),37.481422265291,126.933117274164,2
오앤와이스테이,외국인관광도시민박업,"서울특별시 강서구 남부순환로3길 13-10, 201호 (공항동, CL HOUSE)",서울 강서구 공항동 66-13,CDFI2262212025000034,2025-07-01,영업/정상(영업중),37.5593042601825,126.809097126284,11
Tong House,외국인관광도시민박업,서울특별시 용산구 녹사평대로26길 43 (이태원동),서울 용산구 이태원동 36-3,CDFI2262212025000004,2025-01-14,영업/정상(영업중),37.5318645875159,126.991903186245,2
아르못,외국인관광도시민박업,"서울특별시 용산구 녹사평대로26가길 8, 1층 201호 (이태원동)",서울 용산구 이태원동 79-42,CDFI2262212025000076,2025-10-16,영업/정상(영업중),37.5322539369208,126.992303653749,2
노베,외국인관광도시민박업,"서울특별시 강남구 테헤란로55길 45, A동 203호 (역삼동)",서울 강남구 역삼동 695-17,CDFI2262212025000035,2025-11-10,영업/정상(영업중),37.5067588583481,127.045214930283,9
다온,외국인관광도시민박업,"서울특별시 용산구 소월로44길 15, 201호 (이태원동, 이태원H&H)",서울 용산구 이태원동 258-260,CDFI2262212025000084,2025-10-29,영업/정상(영업중),37.5421424739881,126.9932396594,2
홍대 여운스테이(Hongdae Yeowoon Stay),외국인관광도시민박업,"서울특별시 서대문구 신촌로1길 57, 2층 201호 (창천동)",서울 서대문구 창천동 363,CDFI2262212024000052,2024-10-24,영업/정상(영업중),37.5600311302903,126.928463609153,5
Stay KANU,외국인관광도시민박업,"서울특별시 용산구 이태원로23길 25-2, 201호 (이태원동)",서울 용산구 이태원동 116-13,CDFI2262212025000080,2025-10-22,영업/정상(영업중),37.5352415636053,126.992266801597,2
니스스테이,외국인관광도시민박업,"서울특별시 동작구 사당로10가길 6, 103호 (사당동)",서울 동작구 사당동 241-9,CDFI2262212025000017,2025-11-11,영업/정상(영업중),37.4831942464663,126.968210732574,3
시우 하우스,외국인관광도시민박업,"서울특별시 서대문구 신촌로1안길 11, 101호 (창천동)",서울 서대문구 창천동 316,CDFI2262212024000003,2024-01-04,영업/정상(영업중),37.5600101464841,126.929377220091,4
바우하우스 스테이,외국인관광도시민박업,"서울특별시 강서구 남부순환로9길 13-9, 303호 (공항동, 하우스 공감)",서울 강서구 공항동 60-52,CDFI2262212025000057,2025-11-07,영업/정상(영업중),37.5575286743658,126.810555745873,3
찬스테이,외국인관광도시민박업,"서울특별시 마포구 동교로 253-6, 2층 (연남동)",서울 마포구 연남동 229-50,CDFI2262212025000399,2025-11-07,영업/정상(영업중),37.5628657213011,126.924361127912,2
포쉬 하우스,외국인관광도시민박업,"서울특별시 서대문구 성산로 309-29, 202호 (연희동)",서울 서대문구 연희동 413-135,CDFI2262212025000105,2025-10-31,영업/정상(영업중),37.5667126542044,126.923306378829,2
참새 나비 고양이,외국인관광도시민박업,"서울특별시 마포구 동교로46길 4, 101호 (연남동)",서울 마포구 연남동 228-29,CDFI2262212021000015,2021-03-02,영업/정상(영업중),37.5627149338296,126.925129575565,2
아르테 하우스,외국인관광도시민박업,"서울특별시 관악구 신림동5나길 7, 102호 (신림동)",서울 관악구 신림동 1435-10,CDFI2262212024000122,2024-10-10,영업/정상(영업중),37.4856776041048,126.927118615109,2
로운하우스,외국인관광도시민박업,"서울특별시 마포구 동교로 253-6, 1층 (연남동)",서울 마포구 연남동 229-50,CDFI2262212025000398,2025-11-07,영업/정상(영업중),37.5628657213011,126.924361127912,2
Seoulport Stay,외국인관광도시민박업,"서울특별시 강서구 남부순환로9길 13-9, 201호 (공항동, 하우스 공감)",서울 강서구 공항동 60-52,CDFI2262212025000056,2025-10-30,영업/정상(영업중),37.5575286743658,126.810555745873,3
인 스테이,외국인관광도시민박업,"서울특별시 금천구 독산로44길 29, 204호 (시흥동, 인경스마트빌딩)",서울 금천구 시흥동 791-34,CDFI2262212025000005,2025-10-30,영업/정상(영업중),37.4612709062919,126.906334841847,6
에코펠리체,외국인관광도시민박업,"서울특별시 용산구 청파로85가길 10-4, 서계라온펠리체 B동 403호 (서계동)",서울 용산구 서계동 33-56,CDFI2262212025000073,2025-09-23,영업/정상(영업중),37.5523855377732,126.967874114342,31
Stay In Seoul,외국인관광도시민박업,"서울특별시 용산구 청파로85가길 10-4, B동 503호 (서계동)",서울 용산구 서계동 33-56,CDFI2262212025000065,2025-08-18,영업/정상(영업중),37.5523855377732,126.967874114342,31
친친스테이(Chinchin Stay),외국인관광도시민박업,"서울특별시 광진구 자양번영로5길 37-1, 5층 501호 (자양동, 대원아트빌)",서울 광진구 자양동 464-1,CDFI2262212014000002,2014-02-17,영업/정상(영업중),37.5328173412897,127.073331703732,4
River Side,외국인관광도시민박업,서울특별시 광진구 뚝섬로 702-4 (자양동),서울 광진구 자양동 682-26,CDFI2262212016000003,2016-02-02,영업/정상(영업중),37.5329329939582,127.087295582587,2
Good Stay,외국인관광도시민박업,"서울특별시 용산구 청파로43다길 10, 1층 (청파동3가)",서울 용산구 청파동3가 121-24,CDFI2262212025000059,2025-07-16,영업/정상(영업중),37.5431691179961,126.969176973341,2
Ran's house,외국인관광도시민박업,"서울특별시 용산구 우사단로4나길 10, 1층 1호 (보광동)",서울 용산구 보광동 265-708,CDFI2262212025000018,2025-03-05,영업/정상(영업중),37.5309876362703,126.99818676306,2
라온하우스,외국인관광도시민박업,"서울특별시 용산구 청파로85가길 10-4, A동 402호 (서계동)",서울 용산구 서계동 33-56,CDFI2262212025000010,2025-02-03,영업/정상(영업중),37.5523855377732,126.967874114342,31
코코서울_2,외국인관광도시민박업,"서울특별시 용산구 청파로73다길 2, 5층 1호 (서계동)",서울 용산구 서계동 33-233,CDFI2262212025000022,2025-03-21,영업/정상(영업중),37.5513939215539,126.967299084633,6
솔빛,외국인관광도시민박업,"서울특별시 용산구 청파로73다길 2, 2층 301호 (서계동)",서울 용산구 서계동 33-233,CDFI2262212025000016,2025-02-28,영업/정상(영업중),37.5513939215539,126.967299084633,6
스테이 흰,외국인관광도시민박업,"서울특별시 용산구 후암로34가길 12, 에드빌 4층 1호 (후암동)",서울 용산구 후암동 60-35,CDFI2262212025000040,2025-05-14,영업/정상(영업중),37.5504732540685,126.977609573355,2
이태원클래스,외국인관광도시민박업,"서울특별시 용산구 녹사평대로46가길 7-4, 2층 2호 (이태원동)",서울 용산구 이태원동 372-4,CDFI2262212025000057,2025-07-15,영업/정상(영업중),37.5371194865985,126.988540155559,2
이태원 스테이,외국인관광도시민박업,"서울특별시 용산구 우사단로4나길 10, 2층 1호 (보광동)",서울 용산구 보광동 265-708,CDFI2262212025000024,2025-03-29,영업/정상(영업중),37.5309876362703,126.99818676306,2
매버릭스 게스트하우스,외국인관광도시민박업,"서울특별시 용산구 신흥로12길 7, 3층 2호 (용산동2가, 진흥푸르지오)",서울 용산구 용산동2가 26-6,CDFI2262212025000038,2025-05-07,영업/정상(영업중),37.5434749237785,126.988171767697,3
서울역 콘도,외국인관광도시민박업,"서울특별시 용산구 청파로85가길 10-4, B동 3층 2호 (서계동)",서울 용산구 서계동 33-56,CDFI2262212025000056,2025-07-11,영업/정상(영업중),37.5523855377732,126.967874114342,31
연스테이,외국인관광도시민박업,"서울특별시 용산구 청파로43다길 10, 2층 2호 (청파동3가)",서울 용산구 청파동3가 121-24,CDFI2262212025000032,2025-04-24,영업/정상(영업중),37.5431691179961,126.969176973341,2
Hello 하루,외국인관광도시민박업,"서울특별시 용산구 만리재로26길 7, 지층 (서계동)",서울 용산구 서계동 242-34,CDFI2262212025000035,2025-05-01,영업/정상(영업중),37.5526217232034,126.964529866619,3
Onda,외국인관광도시민박업,"서울특별시 용산구 녹사평대로26가길 8, 1층 202호 (이태원동)",서울 용산구 이태원동 79-42,CDFI2262212025000037,2025-05-01,영업/정상(영업중),37.5322539369208,126.992303653749,2
진영네민박,외국인관광도시민박업,"서울특별시 용산구 신흥로12길 7, 4층 2호 (용산동2가, 진흥푸르지오)",서울 용산구 용산동2가 26-6,CDFI2262212025000041,2025-05-19,영업/정상(영업중),37.5434749237785,126.988171767697,3
쉼 스테이,외국인관광도시민박업,"서울특별시 용산구 만리재로26길 7, 1층 (서계동)",서울 용산구 서계동 242-34,CDFI2262212025000036,2025-05-01,영업/정상(영업중),37.5526217232034,126.964529866619,3
haven stay,외국인관광도시민박업,"서울특별시 마포구 월드컵로7길 54-4, 1층 202호 (합정동)",서울 마포구 합정동 432-16,CDFI2262212025000389,2025-10-29,영업/정상(영업중),37.5531195016025,126.90897807448,2
은월당,외국인관광도시민박업,"서울특별시 용산구 신흥로12길 7, 3층 1호 (용산동2가, 진흥푸르지오)",서울 용산구 용산동2가 26-6,CDFI2262212025000034,2025-04-28,영업/정상(영업중),37.5434749237785,126.988171767697,3
인조이 연남,외국인관광도시민박업,"서울특별시 마포구 동교로38길 32, 1층 102호 (연남동)",서울 마포구 연남동 382-28,CDFI2262212025000387,2025-10-29,영업/정상(영업중),37.5614105817431,126.925446659594,3
정 스테이,외국인관광도시민박업,"서울특별시 마포구 성미산로17길 49, 1층 (연남동)",서울 마포구 연남동 487-187,CDFI2262212025000384,2025-10-29,영업/정상(영업중),37.5636512853868,126.917608125161,4
홍대 나나,외국인관광도시민박업,"서울특별시 마포구 성미산로 64-3, 1층 (성산동)",서울 마포구 성산동 239-12,CDFI2262212025000385,2025-10-29,영업/정상(영업중),37.5594555178553,126.91543166546,4
SG Stay,외국인관광도시민박업,"서울특별시 마포구 광성로 35-16, 1층 (신수동)",서울 마포구 신수동 93-29,CDFI2262212025000378,2025-10-28,영업/정상(영업중),37.5501969400047,126.936531969828,2
그곳에 가고싶다,외국인관광도시민박업,"서울특별시 마포구 성미산로22길 33, 지층 102호 (연남동)",서울 마포구 연남동 515-11,CDFI2262212025000388,2025-10-29,영업/정상(영업중),37.5615154453108,126.921806039637,2
blossom Yeonnam 11,외국인관광도시민박업,"서울특별시 마포구 연남로5길 52, 1층 101호 (연남동, 예가빌)",서울 마포구 연남동 493-24,CDFI2262212025000383,2025-10-29,영업/정상(영업중),37.5610534661602,126.919338479901,6
블러썸 302,외국인관광도시민박업,"서울특별시 마포구 연남로5길 52, 3층 302호 (연남동, 예가빌)",서울 마포구 연남동 493-24,CDFI2262212025000381,2025-10-28,영업/정상(영업중),37.5610534661602,126.919338479901,6
조이 제이 스테이,외국인관광도시민박업,"서울특별시 마포구 망원로11길 44-3, 1층 201호 (망원동)",서울 마포구 망원동 478-19,CDFI2262212025000386,2025-10-29,영업/정상(영업중),37.559790341824,126.906148498657,3
마포자이,외국인관광도시민박업,"서울특별시 마포구 신촌로24길 14, 203호 (노고산동)",서울 마포구 노고산동 19-2,CDFI2262212025000377,2025-10-28,영업/정상(영업중),37.5557531340248,126.941252490556,3
오 스테이,외국인관광도시민박업,"서울특별시 마포구 연남로5길 52, 2층 202호 (연남동, 예가빌)",서울 마포구 연남동 493-24,CDFI2262212025000382,2025-10-28,영업/정상(영업중),37.5610534661602,126.919338479901,6
블루브릭스 강남,외국인관광도시민박업,"서울특별시 강남구 테헤란로55길 45, 301호 (역삼동)",서울 강남구 역삼동 695-17,CDFI2262212025000029,2025-10-27,영업/정상(영업중),37.5067588583481,127.045214930283,9
Houston Family,외국인관광도시민박업,"서울특별시 송파구 백제고분로13길 5-1, 402호 (잠실동)",서울 송파구 잠실동 225-6,CDFI2262212025000046,2025-07-09,영업/정상(영업중),37.5071947732605,127.081878063019,3
더 옐로우 하우스,외국인관광도시민박업,"서울특별시 마포구 월드컵로8길 57, 1층 102호 (서교동)",서울 마포구 서교동 482-6,CDFI2262212025000145,2025-03-04,영업/정상(영업중),37.5536549699173,126.915532491542,4
페타,외국인관광도시민박업,"서울특별시 마포구 독막로34길 26, 202호 (신수동)",서울 마포구 신수동 42-12,CDFI2262212025000379,2025-10-28,영업/정상(영업중),37.5462223544323,126.939078144444,2
유나블리스 1,외국인관광도시민박업,"서울특별시 강남구 영동대로 602, 1104호 (삼성동, 삼성동 미켈란 107)",서울 강남구 삼성동 107,CDFI2262212025000024,2025-10-16,영업/정상(영업중),37.5147215906749,127.060483947525,8
맞이,외국인관광도시민박업,"서울특별시 마포구 성미산로22길 33, 지층 101호 (연남동)",서울 마포구 연남동 515-11,CDFI2262212025000368,2025-10-17,영업/정상(영업중),37.5615154453108,126.921806039637,2
WYW STAY,외국인관광도시민박업,"서울특별시 용산구 이태원로16길 15-3, 202호 (이태원동)",서울 용산구 이태원동 64-28,CDFI2262212024000046,2024-10-11,영업/정상(영업중),37.533742689655,126.991412405773,4
아르코스 스테이,외국인관광도시민박업,"서울특별시 관악구 신림로26길 29-9, 303호 (신림동, 블루마운틴)",서울 관악구 신림동 107-57,CDFI2262212025000061,2025-10-21,영업/정상(영업중),37.4732403329895,126.935300424854,6
에어리인(Airy Inn),외국인관광도시민박업,"서울특별시 강서구 남부순환로3길 13-10, 204호 (공항동, CL HOUSE)",서울 강서구 공항동 66-13,CDFI2262212025000055,2025-10-15,영업/정상(영업중),37.5593042601825,126.809097126284,11
피올라 스테이 마포,외국인관광도시민박업,"서울특별시 마포구 도화2길 53, 1층 (도화동)",서울 마포구 도화동 347-66,CDFI2262212025000365,2025-10-15,영업/정상(영업중),37.5386628717762,126.950426361166,2
소곤한집,외국인관광도시민박업,"서울특별시 강동구 천중로 81-11, 202호 (천호동)",서울 강동구 천호동 301-28,CDFI2262212025000075,2025-10-20,영업/정상(영업중),37.5452650992642,127.131106145557,2
Cozy Studio 202,외국인관광도시민박업,"서울특별시 마포구 연남로3길 73-8, 2층 202호 (연남동, 라벨메종)",서울 마포구 연남동 564-14,CDFI2262212025000372,2025-10-20,영업/정상(영업중),37.5592535397801,126.919067432305,2
유나블리스 2,외국인관광도시민박업,"서울특별시 강남구 영동대로 602, 삼성동 미켈란 107 902호 (삼성동, 삼성동 미켈란 107)",서울 강남구 삼성동 107,CDFI2262212025000025,2025-10-16,영업/정상(영업중),37.5147215906749,127.060483947525,8
Bridge Stay,외국인관광도시민박업,"서울특별시 마포구 망원로11길 41-16, 1층 202호 (망원동)",서울 마포구 망원동 479-15,CDFI2262212025000371,2025-10-18,영업/정상(영업중),37.559130212497,126.905397026568,2
더 헤이븐2,외국인관광도시민박업,"서울특별시 강남구 선릉로92길 40, 902호 (삼성동)",서울 강남구 삼성동 142-28,CDFI2262212025000014,2025-09-09,영업/정상(영업중),37.5061084170524,127.052015622704,9
리버사이드망원정,외국인관광도시민박업,"서울특별시 마포구 동교로8안길 19, JW.HOUSE 3층 301호 (합정동)",서울 마포구 합정동 457-8,CDFI2262212025000370,2025-10-18,영업/정상(영업중),37.5497932091392,126.904877972819,2
스타리아2,외국인관광도시민박업,"서울특별시 중구 퇴계로20길 38, 1층 (남산동2가)",서울 중구 남산동2가 27-6,CDFI2262212020000010,2020-08-04,영업/정상(영업중),37.5584942545131,126.986138415335,3
풀하우스,외국인관광도시민박업,"서울특별시 마포구 성산로4길 54-13, 2층 201호 (성산동, 스카이빌)",서울 마포구 성산동 81-2,CDFI2262212025000373,2025-10-20,영업/정상(영업중),37.5638110457349,126.910094777266,3
연휴(休)스테이,외국인관광도시민박업,"서울특별시 마포구 월드컵로7안길 5, 101호 (합정동)",서울 마포구 합정동 429-33,CDFI2262212024000334,2024-10-17,영업/정상(영업중),37.5526096818955,126.909989972973,4
SH 스테이 암사역,외국인관광도시민박업,"서울특별시 강동구 상암로17길 25, 1층 101호 (암사동, 서원빌라)",서울 강동구 암사동 491-73,CDFI2262212024000036,2024-10-25,영업/정상(영업중),37.5495002192948,127.132015708932,4
킹스 하우스,외국인관광도시민박업,"서울특별시 성북구 보국문로24길 19, 501호 (정릉동, 칸트하우스)",서울 성북구 정릉동 252-124,CDFI2262212025000021,2025-05-13,영업/정상(영업중),37.6132249531349,127.00846579631,7
스테이 소도,외국인관광도시민박업,"서울특별시 마포구 대흥로20길 12, 4층 (대흥동)",서울 마포구 대흥동 32-23,CDFI2262212024000325,2024-10-14,영업/정상(영업중),37.5501651245008,126.944756515377,2
스테이 프리,외국인관광도시민박업,"서울특별시 중구 퇴계로20나길 15-22, 301호 (예장동)",서울 중구 예장동 8-88,CDFI2262212023000025,2023-11-02,영업/정상(영업중),37.5575691507048,126.9857193807,5
낙산 네스트(Naksan Nest),외국인관광도시민박업,"서울특별시 종로구 창신8길 17, 1층 (창신동)",서울 종로구 창신동 130-127,CDFI2262212024000076,2024-11-25,영업/정상(영업중),37.5772729628549,127.010627928481,2
카일룸블랙 1703호,외국인관광도시민박업,"서울특별시 강남구 언주로 565, 1703호 (역삼동, 상지 카일룸 블랙)",서울 강남구 역삼동 653-3,CDFI2262212025000028,2025-10-17,영업/정상(영업중),37.5083278592214,127.038364146821,5
스테이 라온,외국인관광도시민박업,"서울특별시 광진구 광나루로38길 32, B01호 (구의동)",서울 광진구 구의동 232-16,CDFI2262212025000049,2025-08-12,영업/정상(영업중),37.5434320360363,127.08783659698,2
타임스테이,외국인관광도시민박업,"서울특별시 종로구 옥인6길 4, 인왕산그린빌라 301호 (누상동)",서울 종로구 누상동 166-175,CDFI2262212025000132,2025-10-02,영업/정상(영업중),37.581784707714,126.964240814208,6
에스 하우스,외국인관광도시민박업,"서울특별시 서대문구 신촌로3가길 16, 901호 (창천동)",서울 서대문구 창천동 503-22,CDFI2262212025000104,2025-10-22,영업/정상(영업중),37.5581969518079,126.929782635548,7
스테이 제이,외국인관광도시민박업,"서울특별시 마포구 잔다리로6길 5, 802호 (서교동)",서울 마포구 서교동 372-9,CDFI2262212025000326,2025-08-26,영업/정상(영업중),37.5521904195273,126.91943098523,2
코지모먼트(Cozy Moment),외국인관광도시민박업,"서울특별시 강북구 인수봉로6길 9-2, 402호 (미아동, 시우파크빌라)",서울 강북구 미아동 791-3489,CDFI2262212024000001,2024-05-07,영업/정상(영업중),37.6222433827241,127.013437305758,7
스테이 코코(Stay CoCo),외국인관광도시민박업,"서울특별시 강북구 노해로 58, 402호 (수유동)",서울 강북구 수유동 220-30,CDFI2262212025000009,2025-09-03,영업/정상(영업중),37.6408075735751,127.022792881909,2
MK하우스,외국인관광도시민박업,"서울특별시 강남구 선릉로92길 40, 1002호 (삼성동)",서울 강남구 삼성동 142-28,CDFI2262212025000023,2025-10-02,영업/정상(영업중),37.5061084170524,127.052015622704,9
스테이 모모(Stay MoMo),외국인관광도시민박업,"서울특별시 강북구 노해로 58, 4층 401호 (수유동)",서울 강북구 수유동 220-30,CDFI2262212025000008,2025-09-03,영업/정상(영업중),37.6408075735751,127.022792881909,2
여운스테이(Yeo Woon Stay),외국인관광도시민박업,"서울특별시 강북구 삼양로119길 4, 202호 (수유동, 더하우스)",서울 강북구 수유동 313-45,CDFI2262212025000007,2025-08-11,영업/정상(영업중),37.6442266209654,127.015652355384,2
HARU STAY,외국인관광도시민박업,"서울특별시 성북구 한천로101길 18, 207동 302호 (장위동, 참누리아파트)",서울 성북구 장위동 316-5,CDFI2262212025000028,2025-10-02,영업/정상(영업중),37.6227699340004,127.049306262184,2
미아스케이프(MiaScape),외국인관광도시민박업,"서울특별시 강북구 인수봉로6길 9-2, 5층 502호 (미아동, 시우파크빌라)",서울 강북구 미아동 791-3489,CDFI2262212025000006,2025-07-29,영업/정상(영업중),37.6222433827241,127.013437305758,7
스테이 글렌(Stay Glen),외국인관광도시민박업,"서울특별시 광진구 동일로2길 32, B102호 (자양동)",서울 광진구 자양동 193-22,CDFI2262212025000068,2025-10-01,영업/정상(영업중),37.5347030624623,127.061978960143,3
휴 스테이,외국인관광도시민박업,"서울특별시 종로구 창신8길 17, 2층 (창신동)",서울 종로구 창신동 130-127,CDFI2262212024000077,2024-11-25,영업/정상(영업중),37.5772729628549,127.010627928481,2
칼랑드 혜화,외국인관광도시민박업,"서울특별시 종로구 동숭4가길 24, 401호 (동숭동)",서울 종로구 동숭동 2-4,CDFI2262212025000131,2025-10-02,영업/정상(영업중),37.5841028691202,127.004979498013,3
스테이산책,외국인관광도시민박업,"서울특별시 은평구 응암로21가길 30, 아우어맨션 702호 (응암동, 아우어맨션)",서울 은평구 응암동 119-3,CDFI2262212025000015,2025-10-23,영업/정상(영업중),37.5962106997605,126.918424332138,2
연희 스테이(Yeonhui Stay),외국인관광도시민박업,"서울특별시 서대문구 연희로11마길 65-9, B01호 (연희동)",서울 서대문구 연희동 437-61,CDFI2262212025000099,2025-10-02,영업/정상(영업중),37.5692922238495,126.925304103243,2
마음단지,외국인관광도시민박업,"서울특별시 광진구 용마산로 6-7, 202호 (중곡동)",서울 광진구 중곡동 93-44,CDFI2262212025000047,2025-07-29,영업/정상(영업중),37.5543075143472,127.088949953549,7
미스터방(Mr.Bang),외국인관광도시민박업,"서울특별시 도봉구 노해로57길 10-8, 402호 (쌍문동, 은진하이빌)",서울 도봉구 쌍문동 81-123,CDFI2262212025000003,2025-08-20,영업/정상(영업중),37.6516523795257,127.033616252608,4
캔디하우스(CANDY HOUSE),외국인관광도시민박업,"서울특별시 강북구 인수봉로6길 9-2, 3층 301호 (미아동, 시우파크빌라)",서울 강북구 미아동 791-3489,CDFI2262212025000010,2025-09-26,영업/정상(영업중),37.6222433827241,127.013437305758,7
apple house 103호,외국인관광도시민박업,"서울특별시 마포구 와우산로33길 31, 지하 101호 (서교동)",서울 마포구 서교동 328-5,CDFI2262212025000364,2025-10-13,영업/정상(영업중),37.555650809571,126.928706592998,6
존 스테이,외국인관광도시민박업,"서울특별시 마포구 와우산로26길 58, 301호 (창전동, 살롬하우스)",서울 마포구 창전동 6-105,CDFI2262212025000366,2025-10-15,영업/정상(영업중),37.5530658038023,126.928634476657,8
차차 스테이(Chacha Stay),외국인관광도시민박업,"서울특별시 서대문구 연희로33길 18, B01호 (연희동)",서울 서대문구 연희동 162-13,CDFI2262212023000014,2023-11-10,영업/정상(영업중),37.5778434881847,126.93475198779,3
apple house 201,외국인관광도시민박업,"서울특별시 마포구 와우산로33길 31, 201호 (서교동)",서울 마포구 서교동 328-5,CDFI2262212025000362,2025-10-13,영업/정상(영업중),37.555650809571,126.928706592998,6
정's 스테이,외국인관광도시민박업,"서울특별시 종로구 낙산길 22-17, 자매빌딩 305호 (동숭동)",서울 종로구 동숭동 129-199,CDFI2262212025000140,2025-10-22,영업/정상(영업중),37.5802375645633,127.005895682584,3
홍자네,외국인관광도시민박업,"서울특별시 양천구 남부순환로60길 26-3, 201호 (신월동, 레이크빌)",서울 양천구 신월동 195-28,CDFI2262212025000041,2025-10-20,영업/정상(영업중),37.5308296850483,126.827870878393,3
마이 페이보릿 상수,외국인관광도시민박업,"서울특별시 마포구 토정로9길 28, 1층 (상수동)",서울 마포구 상수동 344-6,CDFI2262212025000321,2025-08-18,영업/정상(영업중),37.5458007941148,126.923332899704,2
에이치 하우스 (H House),외국인관광도시민박업,"서울특별시 서대문구 신촌로3가길 16, 701호 (창천동)",서울 서대문구 창천동 503-22,CDFI2262212025000102,2025-10-22,영업/정상(영업중),37.5581969518079,126.929782635548,7
다라 비앤비,외국인관광도시민박업,"서울특별시 마포구 대흥로6길 18-7, 102호 (용강동)",서울 마포구 용강동 149-19,CDFI2262212025000320,2025-08-18,영업/정상(영업중),37.5420310701627,126.939221977924,3
지 하우스(G. HOUSE),외국인관광도시민박업,서울특별시 종로구 백석동길 187 (부암동),서울 종로구 부암동 95-44,CDFI2262212012000011,2012-10-05,영업/정상(영업중),37.5964790936558,126.967713849091,2
드리미 스테이(Dreamy Stay),외국인관광도시민박업,"서울특별시 서대문구 신촌로3가길 16, 1001호 (창천동)",서울 서대문구 창천동 503-22,CDFI2262212025000088,2025-09-04,영업/정상(영업중),37.5581969518079,126.929782635548,7
힐 라인 홍대 (Hill Line Hongdae),외국인관광도시민박업,"서울특별시 서대문구 신촌로3가길 16, 801호 (창천동)",서울 서대문구 창천동 503-22,CDFI2262212025000103,2025-10-22,영업/정상(영업중),37.5581969518079,126.929782635548,7
제이시 스테이,외국인관광도시민박업,"서울특별시 마포구 성암로 219-3, 2층 (상암동)",서울 마포구 상암동 2-34,CDFI2262212025000375,2025-10-22,영업/정상(영업중),37.5786949679191,126.895365213883,2
하울의 집(잠실),외국인관광도시민박업,"서울특별시 송파구 가락로15길 13, 103호 (석촌동)",서울 송파구 석촌동 266-12,CDFI2262212025000057,2025-08-19,영업/정상(영업중),37.5019330675968,127.10602774337,2
초록이네,외국인관광도시민박업,"서울특별시 마포구 서강로1길 12-10, 101동 702호 (창전동, 마포 웰하임)",서울 마포구 창전동 106-2,CDFI2262212025000307,2025-08-11,영업/정상(영업중),37.5490815200018,126.93140478875,2
차담스테이,외국인관광도시민박업,"서울특별시 송파구 위례성대로2길 40-1, 202호 (방이동)",서울 송파구 방이동 99-2,CDFI2262212025000069,2025-09-30,영업/정상(영업중),37.5137113613756,127.11169550492,5
아뜰리에8 동묘3,외국인관광도시민박업,"서울특별시 종로구 종로63다길 32-2, 102호 (숭인동)",서울 종로구 숭인동 72-73,CDFI2262212025000124,2025-09-29,영업/정상(영업중),37.5742121434289,127.017179950328,3
apple house 104,외국인관광도시민박업,"서울특별시 마포구 와우산로33길 31, 지하102호 (서교동)",서울 마포구 서교동 328-5,CDFI2262212025000352,2025-09-29,영업/정상(영업중),37.555650809571,126.928706592998,6
메이빌투,외국인관광도시민박업,"서울특별시 송파구 백제고분로41길 21-7, 101호 (송파동)",서울 송파구 송파동 13-13,CDFI2262212025000067,2025-09-29,영업/정상(영업중),37.5077430962826,127.106940431021,3
힙피어 한옥보다,외국인관광도시민박업,"서울특별시 종로구 자하문로5가길 42, 1층 (체부동)",서울 종로구 체부동 9,CDFI2262212025000126,2025-09-29,영업/정상(영업중),37.578963752043,126.969934988043,2
힙피어 궁중모란,외국인관광도시민박업,"서울특별시 종로구 자하문로5가길 42, 2층 (체부동)",서울 종로구 체부동 9,CDFI2262212025000125,2025-09-29,영업/정상(영업중),37.578963752043,126.969934988043,2
여을 스테이(Yeoeul Stay),외국인관광도시민박업,"서울특별시 광진구 아차산로25길 20, 4층 401호 (화양동)",서울 광진구 화양동 46-66,CDFI2262212025000067,2025-09-29,영업/정상(영업중),37.542276643312,127.067011843835,2
헤이마 게스트하우스,외국인관광도시민박업,"서울특별시 마포구 와우산로29마길 15-7, 1층 (서교동)",서울 마포구 서교동 333-38,CDFI2262212018000086,2018-10-29,영업/정상(영업중),37.5552621423269,126.926829648623,2
회랑정,외국인관광도시민박업,"서울특별시 강서구 공항대로53나길 6-9, 502호 (등촌동, 회랑정)",서울 강서구 등촌동 643-40,CDFI2262212017000004,2017-07-25,영업/정상(영업중),37.5550233195298,126.859538434107,2
LUMIA,외국인관광도시민박업,"서울특별시 서대문구 신촌로3나길 24, 402호 (창천동)",서울 서대문구 창천동 501-11,CDFI2262212025000097,2025-09-29,영업/정상(영업중),37.5583280168627,126.930493268475,7
DooGoon DooGoon,외국인관광도시민박업,"서울특별시 서대문구 신촌로3나길 24, 203호 (창천동)",서울 서대문구 창천동 501-11,CDFI2262212025000095,2025-09-24,영업/정상(영업중),37.5583280168627,126.930493268475,7
한스하우스(Hans house),외국인관광도시민박업,서울특별시 종로구 자하문로1다길 20 (체부동),서울 종로구 체부동 155,CDFI2262212015000007,2015-07-24,영업/정상(영업중),37.5774738183615,126.970451469967,2
플랜에이호스텔,외국인관광도시민박업,[100888] 서울특별시 중구 청구로 138 (신당동),서울 중구 신당동 236-293,CDFI2262212014000026,2014-10-22,영업/정상(영업중),37.5641118677106,127.010475407327,2
남산힐탑,외국인관광도시민박업,"서울특별시 중구 동호로11라길 13, 힐탑하우스 301호 (신당동)",서울 중구 신당동 432-518,CDFI2262212025000041,2025-08-07,영업/정상(영업중),37.5519396108518,127.006120467898,2
남산힐스테이,외국인관광도시민박업,"서울특별시 중구 소공로6가길 24, 101호 (회현동2가)",서울 중구 회현동2가 48-1,CDFI2262212025000040,2025-07-28,영업/정상(영업중),37.5574760514544,126.984104031338,5
레오의 집,외국인관광도시민박업,"서울특별시 중구 퇴계로20길 25-16, 201호 (남산동2가)",서울 중구 남산동2가 18-2,CDFI2262212025000042,2025-08-12,영업/정상(영업중),37.5589371497558,126.986616399848,2
달빛 연희 (Moonlight Yeonhui),외국인관광도시민박업,"서울특별시 서대문구 성산로 309-29, 501호 (연희동)",서울 서대문구 연희동 413-135,CDFI2262212025000096,2025-09-25,영업/정상(영업중),37.5667126542044,126.923306378829,2
JIN STAY,외국인관광도시민박업,"서울특별시 양천구 목동중앙북로22길 3-14, 1층 102호 (목동)",서울 양천구 목동 521-23,CDFI2262212025000006,2025-02-04,영업/정상(영업중),37.5460943152502,126.877302842554,3
모드 하우스(Maud House),외국인관광도시민박업,"서울특별시 용산구 회나무로39가길 18, 1층 (이태원동)",서울 용산구 이태원동 245-15,CDFI2262212023000014,2023-05-04,영업/정상(영업중),37.540401416974,126.993881946328,2
애즈홈 게스트하우스 2,외국인관광도시민박업,"서울특별시 중구 소공로6가길 24, 302호 (회현동2가)",서울 중구 회현동2가 48-1,CDFI2262212025000044,2025-08-27,영업/정상(영업중),37.5574760514544,126.984104031338,5
구로디지털하우스,외국인관광도시민박업,"서울특별시 관악구 조원중앙로1길 57, 5층 (신림동)",서울 관악구 신림동 1667-11,CDFI2262212025000057,2025-10-10,영업/정상(영업중),37.480019601674,126.901379791099,2
Apple House 202호,외국인관광도시민박업,"서울특별시 마포구 와우산로33길 31, 202호 (서교동)",서울 마포구 서교동 328-5,CDFI2262212025000353,2025-09-29,영업/정상(영업중),37.555650809571,126.928706592998,6
Cozy Corner,외국인관광도시민박업,"서울특별시 관악구 쑥고개로 86, 조광빌딩 501호 (봉천동)",서울 관악구 봉천동 1575-1,CDFI2262212025000059,2025-10-10,영업/정상(영업중),37.4791573451475,126.946051566679,4
림스테이,외국인관광도시민박업,"서울특별시 송파구 삼학사로8길 26, 103호 (석촌동)",서울 송파구 석촌동 229-11,CDFI2262212025000061,2025-09-01,영업/정상(영업중),37.5001235848351,127.099708330025,5
구로디지털하우스,외국인관광도시민박업,"서울특별시 관악구 조원중앙로1길 57, 5층 (신림동)",서울 관악구 신림동 1667-11,CDFI2262212025000058,2025-10-10,영업/정상(영업중),37.480019601674,126.901379791099,2
올라하우스,외국인관광도시민박업,"서울특별시 송파구 위례성대로2길 40-1, 103호 (방이동)",서울 송파구 방이동 99-2,CDFI2262212025000064,2025-09-23,영업/정상(영업중),37.5137113613756,127.11169550492,5
백드림하우스,외국인관광도시민박업,"서울특별시 송파구 삼학사로6길 24, 번영주택 203호 (석촌동)",서울 송파구 석촌동 228-10,CDFI2262212025000059,2025-08-25,영업/정상(영업중),37.4997101733557,127.099423248042,6
스타리아1,외국인관광도시민박업,"서울특별시 중구 퇴계로20길 38, 2~3층 (남산동2가)",서울 중구 남산동2가 27-6,CDFI2262212020000009,2020-07-27,영업/정상(영업중),37.5584942545131,126.986138415335,3
강남 도심 게스트하우스,외국인관광도시민박업,"서울특별시 강남구 선릉로92길 40, 602호 (삼성동)",서울 강남구 삼성동 142-28,CDFI2262212025000022,2025-10-02,영업/정상(영업중),37.5061084170524,127.052015622704,9
솜 하우스,외국인관광도시민박업,"서울특별시 마포구 월드컵북로4길 44, 501호 (동교동)",서울 마포구 동교동 200-1,CDFI2262212025000350,2025-09-29,영업/정상(영업중),37.5580495404784,126.921880850072,2
스테이 안도,외국인관광도시민박업,"서울특별시 송파구 삼전로7길 17, B03호 (잠실동)",서울 송파구 잠실동 235-4,CDFI2262212025000060,2025-08-29,영업/정상(영업중),37.5055905232467,127.086445810315,2
apple house 101호,외국인관광도시민박업,"서울특별시 마포구 와우산로33길 31, 101호 (서교동)",서울 마포구 서교동 328-5,CDFI2262212025000351,2025-09-29,영업/정상(영업중),37.555650809571,126.928706592998,6
카일룸블랙 1701호,외국인관광도시민박업,"서울특별시 강남구 언주로 565, 1701호 (역삼동)",서울 강남구 역삼동 653-3,CDFI2262212025000018,2025-10-02,영업/정상(영업중),37.5083278592214,127.038364146821,5
카일룸블랙 1501호,외국인관광도시민박업,"서울특별시 강남구 언주로 565, 1501호 (역삼동)",서울 강남구 역삼동 653-3,CDFI2262212025000019,2025-10-02,영업/정상(영업중),37.5083278592214,127.038364146821,5
삼성 도심 하우스,외국인관광도시민박업,"서울특별시 강남구 선릉로92길 40, 802호 (삼성동)",서울 강남구 삼성동 142-28,CDFI2262212025000021,2025-10-02,영업/정상(영업중),37.5061084170524,127.052015622704,9
그린힐,외국인관광도시민박업,"서울특별시 마포구 동교로27길 27-10, 303호 (동교동)",서울 마포구 동교동 204-7,CDFI2262212024000482,2024-12-26,영업/정상(영업중),37.5590788798606,126.921669941898,4
리틀 포레 한강 (Little Forest Hangang),외국인관광도시민박업,"서울특별시 성동구 왕십리로8길 19-5, 202호 (성수동1가)",서울 성동구 성수동1가 656-986,CDFI2262212025000007,2025-03-12,영업/정상(영업중),37.5463172658695,127.046820330198,4
스노우 스테이,외국인관광도시민박업,"서울특별시 중구 장충단로7길 21-13, B101호 (장충동2가)",서울 중구 장충동2가 112-6,CDFI2262212024000025,2024-05-08,영업/정상(영업중),37.5619034270143,127.005154812198,3
한인빌리지,외국인관광도시민박업,"서울특별시 마포구 신촌로4길 5-11, 201호 (동교동, 한인빌리지)",서울 마포구 동교동 179-22,CDFI2262212025000280,2025-07-17,영업/정상(영업중),37.5574477660515,126.929168111854,2
스테이 벨라,외국인관광도시민박업,"서울특별시 마포구 백범로1길 57-4, 1층 (노고산동)",서울 마포구 노고산동 40-3,CDFI2262212025000306,2025-08-08,영업/정상(영업중),37.5556743574696,126.939763639379,2
스테이지(Stay G),외국인관광도시민박업,"서울특별시 마포구 신촌로2안길 31-5, 302호 (동교동)",서울 마포구 동교동 179-33,CDFI2262212025000305,2025-08-08,영업/정상(영업중),37.5572932609493,126.929044556595,5
Stay Pogun,외국인관광도시민박업,"서울특별시 광진구 용마산로 6-7, 503호 (중곡동)",서울 광진구 중곡동 93-44,CDFI2262212025000066,2025-09-26,영업/정상(영업중),37.5543075143472,127.088949953549,7
로하 하우스,외국인관광도시민박업,"서울특별시 마포구 월드컵북로4길 73, 2층 301호 (동교동)",서울 마포구 동교동 197-7,CDFI2262212024000169,2024-07-15,영업/정상(영업중),37.559172501807,126.922639221734,4
La Maison Seoul,외국인관광도시민박업,서울특별시 관악구 호암로26길 74 (신림동),서울 관악구 신림동 1517-28,CDFI2262212024000098,2024-09-02,영업/정상(영업중),37.470078148707,126.937649615295,3
제나스테이,외국인관광도시민박업,"서울특별시 성동구 왕십리로33길 14, 101호 (하왕십리동)",서울 성동구 하왕십리동 888-87,CDFI2262212025000034,2025-09-26,영업/정상(영업중),37.5636992648661,127.026722271281,2
명동 케이스타 스테이,외국인관광도시민박업,"서울특별시 중구 소공로3길 28, 304호 (회현동1가)",서울 중구 회현동1가 142-11,CDFI2262212025000036,2025-07-10,영업/정상(영업중),37.5568565639427,126.982465155502,4
[삼청]숨결채,외국인관광도시민박업,"서울특별시 종로구 삼청로 104-7, 2층 (삼청동)",서울 종로구 삼청동 61-2,CDFI2262212025000123,2025-09-26,영업/정상(영업중),37.5845792200835,126.982613309987,2
케이스타 스테이,외국인관광도시민박업,"서울특별시 중구 소공로3길 28, 301호 (회현동1가)",서울 중구 회현동1가 142-11,CDFI2262212025000037,2025-07-10,영업/정상(영업중),37.5568565639427,126.982465155502,4
하나스테이,외국인관광도시민박업,"서울특별시 관악구 봉천로21길 58, 지층 101호 (봉천동)",서울 관악구 봉천동 1511-33,CDFI2262212024000116,2024-10-11,영업/정상(영업중),37.489481215353,126.93435322222,2
드로우앤러브,외국인관광도시민박업,"서울특별시 중구 퇴계로20나길 2-15, 302호 (남산동2가, 능마루빌라)",서울 중구 남산동2가 39-5,CDFI2262212025000038,2025-07-15,영업/정상(영업중),37.5588061724479,126.985332413896,11
달빛스테이,외국인관광도시민박업,"서울특별시 종로구 동숭4라길 8, 조윤홈 301호 (동숭동)",서울 종로구 동숭동 5-1,CDFI2262212024000057,2024-09-27,영업/정상(영업중),37.5840003050037,127.005668640442,4
다온스테이,외국인관광도시민박업,"서울특별시 관악구 봉천로13다길 17, B01호 (봉천동)",서울 관악구 봉천동 674-13,CDFI2262212024000129,2024-11-06,영업/정상(영업중),37.4910746690846,126.932473972183,2
신당 코지 스테이,외국인관광도시민박업,"서울특별시 중구 왕십리로39길 7, 한성빌딩 601호 (신당동)",서울 중구 신당동 484,CDFI2262212025000039,2025-07-21,영업/정상(영업중),37.5646651391406,127.025885369836,2
The renee,외국인관광도시민박업,"서울특별시 강동구 양재대로97길 45-6, 3층 301호 (성내동)",서울 강동구 성내동 405-37,CDFI2262212025000071,2025-09-22,영업/정상(영업중),37.531453705361,127.13444564283,4
마네스 하우스,외국인관광도시민박업,"서울특별시 동대문구 이문로12길 60, 402호 (휘경동, 스위트퀸)",서울 동대문구 휘경동 183-11,CDFI2262212025000022,2025-09-22,영업/정상(영업중),37.5924059047851,127.060281918989,3
더 레스트,외국인관광도시민박업,"서울특별시 송파구 백제고분로34길 3-47, 201호 (석촌동)",서울 송파구 석촌동 237-3,CDFI2262212025000010,2025-03-05,영업/정상(영업중),37.5010092366216,127.10017781794,6
스테이 삼선,외국인관광도시민박업,서울특별시 성북구 삼선교로8길 43-12 (삼선동1가),서울 성북구 삼선동1가 237-2,CDFI2262212023000017,2023-12-22,영업/정상(영업중),37.5852883889994,127.008305031367,2
스윗 서울,외국인관광도시민박업,서울특별시 송파구 올림픽로12길 48-1 (잠실동),서울 송파구 잠실동 214-9,CDFI2262212016000004,2016-06-14,영업/정상(영업중),37.5072998443722,127.083403565595,2
Youn's stay,외국인관광도시민박업,"서울특별시 구로구 개봉로17나길 61-21, 401호 (개봉동)",서울 구로구 개봉동 320-12,CDFI2262212025000015,2025-08-05,영업/정상(영업중),37.4924519589091,126.852130342386,3
망원82스테이,외국인관광도시민박업,"서울특별시 마포구 월드컵로29길 87-14, 지층 102호 (망원동)",서울 마포구 망원동 428-34,CDFI2262212025000269,2025-07-02,영업/정상(영업중),37.5577727816991,126.901877924591,2
아름다운 황토집,외국인관광도시민박업,서울특별시 은평구 통일로92길 30 (불광동),서울 은평구 불광동 480-261,CDFI2262212015000004,2015-09-30,영업/정상(영업중),37.6257157522123,126.922995109246,2
서울 성북 홈스테이,외국인관광도시민박업,"서울특별시 성북구 화랑로 76, 102동 1603호 (하월곡동)",서울 성북구 하월곡동 46-73,CDFI2262212017000004,2017-11-17,영업/정상(영업중),37.6017059749991,127.040579524379,2
세컨드 홈 2,외국인관광도시민박업,"서울특별시 마포구 양화진4길 6, 3층 (합정동)",서울 마포구 합정동 378-34,CDFI2262212025000348,2025-09-23,영업/정상(영업중),37.5474048840339,126.912020119115,2
레드,외국인관광도시민박업,"서울특별시 중구 소공로6길 32, 2층 (남산동2가)",서울 중구 남산동2가 43-3,CDFI2262212014000014,2014-05-26,영업/정상(영업중),37.5584165130322,126.984792971473,5
대당하우스,외국인관광도시민박업,"서울특별시 은평구 연서로22길 3-1, 501호 (대조동, 구름 & 초람)",서울 은평구 대조동 219-34,CDFI2262212025000012,2025-09-23,영업/정상(영업중),37.6152212213536,126.918683897038,2
한나 게스트하우스 (HANNA GUSET HOUSE),외국인관광도시민박업,"서울특별시 서대문구 신촌로1길 40, 302호 (창천동)",서울 서대문구 창천동 290,CDFI2262212025000094,2025-09-23,영업/정상(영업중),37.559570404811,126.929284941073,3
위드하우스,외국인관광도시민박업,"서울특별시 강남구 삼성로107길 33, 301호 (삼성동)",서울 강남구 삼성동 123-3,CDFI2262212025000016,2025-09-23,영업/정상(영업중),37.5107043283366,127.051452830614,2
망원58스테이,외국인관광도시민박업,"서울특별시 마포구 월드컵로29길 87-14, 2층 301호 (망원동)",서울 마포구 망원동 428-34,CDFI2262212025000347,2025-09-23,영업/정상(영업중),37.5577727816991,126.901877924591,2
비케이 스테이(BK STAY),외국인관광도시민박업,"서울특별시 구로구 오류로8바길 14-9, 지층 101호 (오류동)",서울 구로구 오류동 145-130,CDFI2262212025000019,2025-09-19,영업/정상(영업중),37.493017570635,126.846171547633,2
그린하우스,외국인관광도시민박업,"서울특별시 강서구 금낭화로7길 32, 초원의집 5층 (방화동)",서울 강서구 방화동 592-39,CDFI2262212025000052,2025-09-18,영업/정상(영업중),37.5687182479511,126.810010116381,2
미담 스테이 연희 (Midam Stay Yeonhui),외국인관광도시민박업,"서울특별시 서대문구 성산로7안길 62, 201호 (연희동)",서울 서대문구 연희동 446-236,CDFI2262212025000092,2025-09-23,영업/정상(영업중),37.5668463431211,126.922587255226,2
서울N스튜디오,외국인관광도시민박업,"[100391] 서울특별시 중구 장충단로8길 45-4, 1~2층 (장충동1가, (201호 제외))",서울 중구 장충동1가 38-65,CDFI2262212015000015,2015-07-14,영업/정상(영업중),37.562338183738,127.00918112881,3
퀸 하우스,외국인관광도시민박업,[121-841] 서울특별시 마포구 동교로 153-5 (서교동),서울 마포구 서교동 446-11,CDFI2262212015000083,2015-02-09,영업/정상(영업중),37.5558397731267,126.918835835814,2
라온 스테이,외국인관광도시민박업,"서울특별시 용산구 청파로93길 18, 201호 (서계동, 에스에스빌라)",서울 용산구 서계동 223-41,CDFI2262212024000011,2024-03-08,영업/정상(영업중),37.5543867527078,126.967905169733,3
창경 01,외국인관광도시민박업,"서울특별시 종로구 자하문로19길 3, 101호 (옥인동, 홀로세 다세대주택)",서울 종로구 옥인동 14,CDFI2262212025000020,2025-02-04,영업/정상(영업중),37.5823355870354,126.970116359616,6
셀링강남,외국인관광도시민박업,"서울특별시 강남구 선릉로92길 40, 1203호 (삼성동)",서울 강남구 삼성동 142-28,CDFI2262212025000011,2025-08-29,영업/정상(영업중),37.5061084170524,127.052015622704,9
애플하우스,외국인관광도시민박업,"서울특별시 은평구 녹번로7길 20-18, 202호 (녹번동, 수채화)",서울 은평구 녹번동 120-18,CDFI2262212025000011,2025-09-15,영업/정상(영업중),37.6075133632833,126.929486919916,2
Belonia H,외국인관광도시민박업,"서울특별시 서대문구 신촌로3나길 24, 602호 (창천동)",서울 서대문구 창천동 501-11,CDFI2262212025000085,2025-08-29,영업/정상(영업중),37.5583280168627,126.930493268475,7
하우스 오브 로터스,외국인관광도시민박업,"서울특별시 성동구 무학봉15길 27-15, 2층 (하왕십리동)",서울 성동구 하왕십리동 954-14,CDFI2262212024000079,2024-12-30,영업/정상(영업중),37.563448140158,127.029804334772,2
Bom Stay,외국인관광도시민박업,"서울특별시 강동구 구천면로12길 7, B02호 (천호동)",서울 강동구 천호동 463-45,CDFI2262212025000026,2025-02-24,영업/정상(영업중),37.5417718417032,127.121585590949,2
솔하우스,외국인관광도시민박업,"서울특별시 강남구 선릉로92길 40, 702호 (삼성동)",서울 강남구 삼성동 142-28,CDFI2262212025000012,2025-08-29,영업/정상(영업중),37.5061084170524,127.052015622704,9
준하우스1,외국인관광도시민박업,"서울특별시 마포구 동교로 211-9, 1층 201호 (동교동)",서울 마포구 동교동 198-4,CDFI2262212024000152,2024-07-03,영업/정상(영업중),37.5592026615194,126.923016529378,4
준하우스2,외국인관광도시민박업,"서울특별시 마포구 동교로 211-9, 1층 203호 (동교동)",서울 마포구 동교동 198-4,CDFI2262212024000153,2024-07-03,영업/정상(영업중),37.5592026615194,126.923016529378,4
인 게스트하우스,외국인관광도시민박업,"[121-848] 서울특별시 마포구 성미산로1길 68, 2층 (성산동)",서울 마포구 성산동 261-40,CDFI2262212013000027,2013-03-27,영업/정상(영업중),37.5608006047308,126.906685861812,2
지유,외국인관광도시민박업,"서울특별시 종로구 종로 347, 인동 2302호 (숭인동, 롯데캐슬천지인)",서울 종로구 숭인동 76,CDFI2262212016000015,2016-06-01,영업/정상(영업중),37.5740562569508,127.016000015149,2
이브,외국인관광도시민박업,"서울특별시 중구 퇴계로20길 41-14, 2층 (남산동2가)",서울 중구 남산동2가 21-3,CDFI2262212015000017,2015-08-20,영업/정상(영업중),37.5585619929564,126.986779782902,4
와이즈하우스,외국인관광도시민박업,"서울특별시 마포구 월드컵북로6길 89-9, 지하1층 (연남동)",서울 마포구 연남동 567-33,CDFI2262212019000016,2019-02-15,영업/정상(영업중),37.5605481326076,126.922485005029,2
예하도예 게스트하우스(YEHADOYE guesthouse),외국인관광도시민박업,"서울특별시 종로구 인사동12길 10, 4.5층 (관훈동)",서울 종로구 관훈동 55-1,CDFI2262212014000009,2014-05-28,영업/정상(영업중),37.5744189573171,126.98506921393,2
엘스테이,외국인관광도시민박업,"서울특별시 서초구 사평대로53길 8-3, 201호 (반포동, 세종빌리지)",서울 서초구 반포동 739-23,CDFI2262212016000009,2016-06-10,영업/정상(영업중),37.5048799171755,127.022066238898,2
온스테이,외국인관광도시민박업,서울특별시 성북구 삼선교로8길 43-12 (삼선동1가),서울 성북구 삼선동1가 237-2,CDFI2262212024000007,2024-05-13,영업/정상(영업중),37.5852883889994,127.008305031367,2
야코리아 강남,외국인관광도시민박업,"서울특별시 강남구 테헤란로43길 19, 4층 (역삼동)",서울 강남구 역삼동 700-31,CDFI2262212013000008,2013-08-14,영업/정상(영업중),37.5046061090683,127.043719287128,4
라우펜스테이,외국인관광도시민박업,"서울특별시 금천구 독산로44길 29, 203호 (시흥동, 인경스마트빌딩)",서울 금천구 시흥동 791-34,CDFI2262212025000002,2025-01-31,영업/정상(영업중),37.4612709062919,126.906334841847,6
애플트리(Apple tree),외국인관광도시민박업,"서울특별시 마포구 월드컵로20길 41-5, 1~2층 (성산동)",서울 마포구 성산동 645-8,CDFI2262212014000022,2014-10-15,영업/정상(영업중),37.5581774288803,126.911224606299,2
peace in bnb,외국인관광도시민박업,"서울특별시 서대문구 신촌로1길 57, B01호 (창천동)",서울 서대문구 창천동 363,CDFI2262212025000050,2025-05-26,영업/정상(영업중),37.5600311302903,126.928463609153,5
수채화,외국인관광도시민박업,"서울특별시 은평구 녹번로7길 20-18, 302호 (녹번동, 수채화)",서울 은평구 녹번동 120-18,CDFI2262212025000003,2025-03-31,영업/정상(영업중),37.6075133632833,126.929486919916,2
지구 하임,외국인관광도시민박업,"서울특별시 마포구 동교로 224, 지층 b01호 (동교동)",서울 마포구 동교동 152-24,CDFI2262212025000020,2025-01-08,영업/정상(영업중),37.5598797117468,126.924054033264,2
Sweet Dream House,외국인관광도시민박업,"서울특별시 강서구 남부순환로9길 13-9, 502호 (공항동, 하우스 공감)",서울 강서구 공항동 60-52,CDFI2262212025000011,2025-03-12,영업/정상(영업중),37.5575286743658,126.810555745873,3
스테이 콘티고,외국인관광도시민박업,"서울특별시 마포구 동교로38길 26-7, 202호 (연남동)",서울 마포구 연남동 390-48,CDFI2262212023000025,2023-04-03,영업/정상(영업중),37.5616260185,126.92531752985,3
단밤 하우스,외국인관광도시민박업,"서울특별시 용산구 청파로85가길 10-4, B동 403호 (서계동)",서울 용산구 서계동 33-56,CDFI2262212023000032,2023-06-20,영업/정상(영업중),37.5523855377732,126.967874114342,31
던 하우스,외국인관광도시민박업,"서울특별시 용산구 청파로85가길 10-4, B동 402호 (서계동)",서울 용산구 서계동 33-56,CDFI2262212023000031,2023-06-20,영업/정상(영업중),37.5523855377732,126.967874114342,31
글로리 인 연신내,외국인관광도시민박업,"서울특별시 은평구 통일로78길 26-9, 301호 (불광동, 불광트레비앙)",서울 은평구 불광동 329-29,CDFI2262212024000005,2024-11-12,영업/정상(영업중),37.6187307966821,126.925296807679,5
게스트하우스강남(guesthousegangnam),외국인관광도시민박업,"서울특별시 강남구 압구정로34길 33, 22동 202호 (신사동, 현대맨션)",서울 강남구 신사동 607-9,CDFI2262212012000016,2012-12-31,영업/정상(영업중),37.5260687326346,127.030903098819,4
강남스테이힐(Gangnam Stay Hill),외국인관광도시민박업,"서울특별시 강남구 테헤란로13길 65, 1~2층 (역삼동)",서울 강남구 역삼동 623-22,CDFI2262212015000008,2015-02-11,영업/정상(영업중),37.5034502245401,127.030120770641,2
brother house,외국인관광도시민박업,"서울특별시 마포구 연희로1길 55-6, 102호 (연남동)",서울 마포구 연남동 383-68,CDFI2262212018000103,2018-11-27,영업/정상(영업중),37.5613572689331,126.926061405643,2
어반네스트 송정,외국인관광도시민박업,"서울특별시 강서구 송정로 63, 502호 (공항동)",서울 강서구 공항동 52-4,CDFI2262212025000051,2025-09-11,영업/정상(영업중),37.5603976330005,126.80977602391,2
여유재,외국인관광도시민박업,서울특별시 동대문구 회기로12길 5-20 (회기동),서울 동대문구 회기동 103-72,CDFI2262212025000020,2025-09-11,영업/정상(영업중),37.5910560763495,127.050400960641,2
트리니엘 혜화,외국인관광도시민박업,"서울특별시 종로구 창경궁로33길 11, 3동 401호 (명륜2가)",서울 종로구 명륜2가 160-3,CDFI2262212025000119,2025-09-11,영업/정상(영업중),37.5842846096871,126.998946629027,3
Cozy Lodge,외국인관광도시민박업,"서울특별시 관악구 성현로 80, 107동 701호 (봉천동, 관악드림타운아파트)",서울 관악구 봉천동 1712,CDFI2262212014000002,2014-04-01,영업/정상(영업중),37.4898474387668,126.952985510916,6
신림역별빛거리 하우스,외국인관광도시민박업,"서울특별시 관악구 신림동1길 20-6, A동 902호 (신림동)",서울 관악구 신림동 1432-178,CDFI2262212025000017,2025-01-31,영업/정상(영업중),37.4864955405369,126.928002474243,4
갤러리 4,외국인관광도시민박업,"서울특별시 동대문구 회기로12길 5-20, 4층 (회기동)",서울 동대문구 회기동 103-72,CDFI2262212025000019,2025-09-11,영업/정상(영업중),37.5910560763495,127.050400960641,2
USB하우스,외국인관광도시민박업,"서울특별시 중구 동호로 290-9, 301호 (장충동2가, 에스.비.하우스)",서울 중구 장충동2가 186-32,CDFI2262212014000011,2014-04-10,영업/정상(영업중),37.5605990244111,127.003505107058,2
Goldlady's House,외국인관광도시민박업,"서울특별시 송파구 올림픽로 99, 128동 1503호 (잠실동, 잠실엘스)",서울 송파구 잠실동 19,CDFI2262212012000002,2012-07-25,영업/정상(영업중),37.5151252476966,127.078130036923,6
1012 하우스 남산,외국인관광도시민박업,"서울특별시 중구 소공로6가길 22, 3층 401호 (회현동2가)",서울 중구 회현동2가 48-30,CDFI2262212013000004,2013-01-23,영업/정상(영업중),37.5576357935906,126.984069252167,2
Tina`s Homestay,외국인관광도시민박업,"서울특별시 송파구 삼학사로19길 7, 동화빌딩 5층 (삼전동)",서울 송파구 삼전동 128-1,CDFI2262212012000006,2012-08-27,영업/정상(영업중),37.505733470961,127.096285068926,2
Jeong's family,외국인관광도시민박업,"서울특별시 용산구 효창원로8길 16, 101동 903호 (원효로4가, 한성 한강수 아파트)",서울 용산구 원효로4가 128-1,CDFI2262212015000026,2015-09-23,영업/정상(영업중),37.5336320013316,126.951404395677,2
B my guesthouse,외국인관광도시민박업,서울특별시 중구 소공로6가길 2 (회현동2가),서울 중구 회현동2가 32-5,CDFI2262212012000017,2012-09-21,영업/정상(영업중),37.5584656791715,126.983899874492,2
어반스테이 동대문,외국인관광도시민박업,"서울특별시 동대문구 답십리로23길 17, 지층 101호 (전농동)",서울 동대문구 전농동 499-3,CDFI2262212024000037,2024-12-05,영업/정상(영업중),37.5765776893182,127.048602556453,5
엔포시즌,외국인관광도시민박업,"서울특별시 중구 퇴계로8길 54, 2층 202호 (회현동1가)",서울 중구 회현동1가 100-49,CDFI2262212012000016,2012-09-11,영업/정상(영업중),37.5570432439711,126.979618175241,2
라미하우스,외국인관광도시민박업,"서울특별시 마포구 월드컵북로5가길 31, 미소빌딩 4층 (서교동)",서울 마포구 서교동 447-9,CDFI2262212025000341,2025-09-16,영업/정상(영업중),37.5562615170644,126.919474927836,2
코지스테이,외국인관광도시민박업,"서울특별시 동대문구 이문로12길 60, 302호 (휘경동, 스위트퀸)",서울 동대문구 휘경동 183-11,CDFI2262212025000018,2025-09-04,영업/정상(영업중),37.5924059047851,127.060281918989,3
스테이 네버랜드 라운지 DMC,외국인관광도시민박업,"서울특별시 마포구 매봉산로2안길 18-10, 4층 401호 (상암동)",서울 마포구 상암동 11-9,CDFI2262212025000343,2025-09-16,영업/정상(영업중),37.5779329851327,126.894138659841,2
lowdays,외국인관광도시민박업,"서울특별시 송파구 백제고분로11길 26, 103호 (잠실동)",서울 송파구 잠실동 216,CDFI2262212025000056,2025-08-12,영업/정상(영업중),37.5081097832024,127.082339499939,2
포레리움,외국인관광도시민박업,"서울특별시 성동구 서울숲7길 11, 702호 (성수동1가, 포레스트사이드)",서울 성동구 성수동1가 685-296,CDFI2262212025000033,2025-09-16,영업/정상(영업중),37.5482849728926,127.042988180562,4
Urban 57,외국인관광도시민박업,"서울특별시 광진구 동일로60길 48-1, 503호 (군자동)",서울 광진구 군자동 468-10,CDFI2262212025000062,2025-09-16,영업/정상(영업중),37.5575633425578,127.075939994103,2
나루게스트하우스,외국인관광도시민박업,서울특별시 마포구 양화로12길 8-12 (서교동),서울 마포구 서교동 395-149,CDFI2262212016000013,2016-03-18,영업/정상(영업중),37.5514038183224,126.917948209793,2
경복궁마마,외국인관광도시민박업,"서울특별시 종로구 옥인6길 4, 인왕산그린빌라 302호 (누상동)",서울 종로구 누상동 166-175,CDFI2262212025000104,2025-08-25,영업/정상(영업중),37.581784707714,126.964240814208,6
경복궁서촌장,외국인관광도시민박업,"서울특별시 종로구 옥인6길 4, 인왕산그린빌라 401호 (누상동)",서울 종로구 누상동 166-175,CDFI2262212025000102,2025-08-25,영업/정상(영업중),37.581784707714,126.964240814208,6
헌트릭스 스테이(Huntrix Stay),외국인관광도시민박업,"서울특별시 광진구 자양로23길 47, 102호 (구의동)",서울 광진구 구의동 647-2,CDFI2262212025000054,2025-08-22,영업/정상(영업중),37.5425668523192,127.083169117043,2
마포테라스하우스,외국인관광도시민박업,"서울특별시 마포구 성산로2길 21-21, 유니아란치움 5층 502호 (성산동)",서울 마포구 성산동 277-14,CDFI2262212025000325,2025-08-22,영업/정상(영업중),37.5633564568644,126.906680636703,2
온유 마포 스테이,외국인관광도시민박업,"서울특별시 마포구 백범로21길 20, 302호 (염리동)",서울 마포구 염리동 85-12,CDFI2262212025000322,2025-08-21,영업/정상(영업중),37.5475049532393,126.944814153985,4
Private Hongdae,외국인관광도시민박업,"서울특별시 서대문구 신촌로1길 42-16, 창성빌리지 103호 (창천동)",서울 서대문구 창천동 321,CDFI2262212025000083,2025-08-21,영업/정상(영업중),37.5601967004732,126.929306306184,2
이지멘션2F,외국인관광도시민박업,"서울특별시 마포구 성미산로17길 105-5, 2층 (성산동)",서울 마포구 성산동 607-3,CDFI2262212024000468,2024-12-20,영업/정상(영업중),37.5660940949545,126.916750854507,4
종묘 01,외국인관광도시민박업,"서울특별시 종로구 자하문로19길 3, 301호 (옥인동, 홀로세 다세대주택)",서울 종로구 옥인동 14,CDFI2262212025000100,2025-08-19,영업/정상(영업중),37.5823355870354,126.970116359616,6
Daol Stay,외국인관광도시민박업,"서울특별시 마포구 망원로11길 44-3, 3층 401호 (망원동)",서울 마포구 망원동 478-19,CDFI2262212025000316,2025-08-18,영업/정상(영업중),37.559790341824,126.906148498657,3
Stay Ju,외국인관광도시민박업,"서울특별시 마포구 토정로9길 28, 지층 (상수동)",서울 마포구 상수동 344-6,CDFI2262212025000323,2025-08-21,영업/정상(영업중),37.5458007941148,126.923332899704,2
Stay Maru,외국인관광도시민박업,"서울특별시 광진구 자양로25길 14-4, 102호 (구의동)",서울 광진구 구의동 254-63,CDFI2262212025000053,2025-08-18,영업/정상(영업중),37.5418476266683,127.083237114994,2
카레집 2,외국인관광도시민박업,"서울특별시 동대문구 서울시립대로27길 43, 5층 (전농동)",서울 동대문구 전농동 103-160,CDFI2262212017000002,2017-01-02,영업/정상(영업중),37.584586267695,127.052380847317,2
스테이민,외국인관광도시민박업,"서울특별시 강동구 풍성로56길 12-19, 지하층 102호 (성내동)",서울 강동구 성내동 417-13,CDFI2262212025000065,2025-08-25,영업/정상(영업중),37.5286736837449,127.134272650831,3
경복궁 그린하우스,외국인관광도시민박업,"서울특별시 종로구 옥인6길 4, 인왕산그린빌라 201호 (누상동)",서울 종로구 누상동 166-175,CDFI2262212025000099,2025-08-18,영업/정상(영업중),37.581784707714,126.964240814208,6
이나스테이,외국인관광도시민박업,"서울특별시 종로구 청계천로 307, 동대문신발상가 나동 505호 (창신동)",서울 종로구 창신동 436-78,CDFI2262212024000035,2024-07-18,영업/정상(영업중),37.57007091442,127.011948575482,5
슈스 스테이,외국인관광도시민박업,"서울특별시 마포구 성미산로11길 117, 지층 102호 (성산동)",서울 마포구 성산동 23-4,CDFI2262212025000314,2025-08-14,영업/정상(영업중),37.5658232798949,126.915390850205,3
하베스트,외국인관광도시민박업,"서울특별시 광진구 용마산로 6-7, 203호 (중곡동)",서울 광진구 중곡동 93-44,CDFI2262212025000051,2025-08-14,영업/정상(영업중),37.5543075143472,127.088949953549,7
Lumier House,외국인관광도시민박업,"서울특별시 관악구 신림로48길 17-12, 203호 (신림동)",서울 관악구 신림동 91-46,CDFI2262212025000005,2025-01-07,영업/정상(영업중),37.4795300197818,126.933371420889,4
The Loft Gyeongbok,외국인관광도시민박업,"서울특별시 종로구 경희궁2길 6, 502호 (내수동)",서울 종로구 내수동 110-39,CDFI2262212025000098,2025-08-14,영업/정상(영업중),37.5726431840843,126.971009866729,2
민즈룸(Min's Room),외국인관광도시민박업,"서울특별시 서대문구 신촌로3길 49, 102호 (창천동)",서울 서대문구 창천동 279,CDFI2262212024000031,2024-07-03,영업/정상(영업중),37.5600416578271,126.929942639056,2
혜화 스테이,외국인관광도시민박업,"서울특별시 종로구 낙산길 22-17, 자매빌딩 205호 (동숭동)",서울 종로구 동숭동 129-199,CDFI2262212025000096,2025-08-14,영업/정상(영업중),37.5802375645633,127.005895682584,3
투어플러스,외국인관광도시민박업,"서울특별시 도봉구 노해로57길 19-3, 303호 (쌍문동, JH Palace)",서울 도봉구 쌍문동 137-1,CDFI2262212025000002,2025-07-21,영업/정상(영업중),37.6522401247379,127.03317751554,2
Smile Homestay,외국인관광도시민박업,"서울특별시 노원구 섬밭로 265, 6동 1502호 (중계동, 경남,롯데,상아아파트)",서울 노원구 중계동 505,CDFI2262212014000001,2014-03-24,영업/정상(영업중),37.6382878280766,127.062716147408,2
Atelier Ryu(아뜨리에 류),외국인관광도시민박업,"서울특별시 강서구 남부순환로3길 13-10, 602호 (공항동, CL HOUSE)",서울 강서구 공항동 66-13,CDFI2262212025000045,2025-08-13,영업/정상(영업중),37.5593042601825,126.809097126284,11
조이앤코지 신림,외국인관광도시민박업,"서울특별시 관악구 쑥고개로1나길 19, B01호 (신림동)",서울 관악구 신림동 94-169,CDFI2262212024000101,2024-09-06,영업/정상(영업중),37.4781164611168,126.93738878613,3
스테이 무아(STAY MUAH),외국인관광도시민박업,"서울특별시 용산구 한강대로104마길 10, 우측 (후암동)",서울 용산구 후암동 102-20,CDFI2262212023000086,2023-11-13,영업/정상(영업중),37.5505370761766,126.975499009638,2
TES01,외국인관광도시민박업,"서울특별시 광진구 긴고랑로26길 25-15, 302호 (중곡동, 보이드 군자)",서울 광진구 중곡동 150-252,CDFI2262212025000059,2025-09-10,영업/정상(영업중),37.5593531167648,127.085385938769,6
포로 하우스,외국인관광도시민박업,"서울특별시 마포구 희우정로 91, 망원동근생및다가구주택 4층 401호 (망원동)",서울 마포구 망원동 457-34,CDFI2262212025000313,2025-08-13,영업/정상(영업중),37.5535369710649,126.902479433818,2
TES,외국인관광도시민박업,"서울특별시 광진구 긴고랑로26길 25-15, 301호 (중곡동, 보이드 군자)",서울 광진구 중곡동 150-252,CDFI2262212025000058,2025-09-10,영업/정상(영업중),37.5593531167648,127.085385938769,6
유현 스테이,외국인관광도시민박업,"서울특별시 강동구 양재대로91가길 59, 지층 101호 (성내동)",서울 강동구 성내동 438-23,CDFI2262212025000063,2025-08-21,영업/정상(영업중),37.5255863459597,127.133288671802,2
딥 서울,외국인관광도시민박업,"서울특별시 마포구 양화로16길 14-14, 지하101호 (서교동)",서울 마포구 서교동 370-10,CDFI2262212025000324,2025-08-21,영업/정상(영업중),37.5528699591273,126.920104290842,3
주니 스테이 (Junny Stay),외국인관광도시민박업,"서울특별시 서대문구 연희로2길 40, 401호 (창천동)",서울 서대문구 창천동 414,CDFI2262212025000086,2025-09-02,영업/정상(영업중),37.5600795208548,126.928030421719,5
연 하우스,외국인관광도시민박업,"서울특별시 서대문구 신촌로1길 40, 202호 (창천동)",서울 서대문구 창천동 290,CDFI2262212025000087,2025-09-02,영업/정상(영업중),37.559570404811,126.929284941073,3
IW Home stay,외국인관광도시민박업,"서울특별시 성동구 뚝섬로3나길 26, 302호 (성수동1가)",서울 성동구 성수동1가 33-10,CDFI2262212025000032,2025-09-02,영업/정상(영업중),37.541192700967,127.050421123458,3
창덕 102,외국인관광도시민박업,"서울특별시 종로구 자하문로19길 3, 102호 (옥인동, 홀로세 다세대주택)",서울 종로구 옥인동 14,CDFI2262212025000101,2025-08-19,영업/정상(영업중),37.5823355870354,126.970116359616,6
홍대역 콘도 (Hongdae Station Condo),외국인관광도시민박업,"서울특별시 서대문구 연희로2안길 7-15, 101호 (창천동)",서울 서대문구 창천동 421,CDFI2262212025000081,2025-08-20,영업/정상(영업중),37.5603817640389,126.927815313843,5
NOOK 601,외국인관광도시민박업,"서울특별시 강서구 남부순환로3길 13-10, 601호 (공항동, CL HOUSE)",서울 강서구 공항동 66-13,CDFI2262212025000044,2025-08-13,영업/정상(영업중),37.5593042601825,126.809097126284,11
부자,외국인관광도시민박업,"서울특별시 노원구 덕릉로90길 5, 703호 (중계동, 중계쉐르빌)",서울 노원구 중계동 134-2,CDFI2262212025000008,2025-08-19,영업/정상(영업중),37.6606853208982,127.075975441144,2
헤이,외국인관광도시민박업,"서울특별시 마포구 월드컵로5길 33-24, 2층 301호 (합정동)",서울 마포구 합정동 389-22,CDFI2262212025000337,2025-09-02,영업/정상(영업중),37.550593916971,126.910632803412,5
와이하우스,외국인관광도시민박업,"서울특별시 마포구 동교로25길 26-13, B02호 (동교동)",서울 마포구 동교동 204-47,CDFI2262212025000335,2025-09-01,영업/정상(영업중),37.5585936685307,126.921497400529,2
홍대 모던 하우스(HONGDAE MODERN HOUSE),외국인관광도시민박업,"서울특별시 서대문구 신촌로11길 11-11, 401호 (창천동)",서울 서대문구 창천동 112-27,CDFI2262212024000070,2024-12-03,영업/정상(영업중),37.5572993224644,126.932309456085,2
홈어웨이프럼홈 망원,외국인관광도시민박업,"서울특별시 마포구 월드컵로20길 53, 지층호 (서교동)",서울 마포구 서교동 247-61,CDFI2262212024000080,2024-04-25,영업/정상(영업중),37.5581886059883,126.911952890057,2
이하우스(Yi House),외국인관광도시민박업,"서울특별시 마포구 동교로25길 26-13, 201호 (동교동)",서울 마포구 동교동 204-47,CDFI2262212025000336,2025-09-01,영업/정상(영업중),37.5585936685307,126.921497400529,2
고미하우스,외국인관광도시민박업,"서울특별시 마포구 매봉산로2길 63, 4층 402호 (상암동)",서울 마포구 상암동 2-125,CDFI2262212025000332,2025-08-29,영업/정상(영업중),37.5766130764833,126.896324032941,3
수 하우스,외국인관광도시민박업,"서울특별시 동대문구 이문로12길 60, 203호 (휘경동, 스위트퀸)",서울 동대문구 휘경동 183-11,CDFI2262212025000017,2025-09-03,영업/정상(영업중),37.5924059047851,127.060281918989,3
대두의 게스트하우스 에어비앤비 홍대을지로 동대문역점,외국인관광도시민박업,"서울특별시 종로구 청계천로 307, 동대문신발상가 나동 407호 (창신동)",서울 종로구 창신동 436-78,CDFI2262212023000010,2023-06-12,영업/정상(영업중),37.57007091442,127.011948575482,5
성수 포레하우스,외국인관광도시민박업,"서울특별시 성동구 왕십리로6길 11, 402호 (성수동1가)",서울 성동구 성수동1가 656-1083,CDFI2262212025000031,2025-09-02,영업/정상(영업중),37.5460064390659,127.046087883422,2
Casa Azul,외국인관광도시민박업,"서울특별시 관악구 신림로29길 4-18, 2층 (신림동)",서울 관악구 신림동 407-12,CDFI2262212023000016,2023-12-05,영업/정상(영업중),37.4751711368587,126.935850681194,2
스테이 네버랜드 DMC,외국인관광도시민박업,"서울특별시 마포구 매봉산로2안길 18-10, 4층 501호 (상암동)",서울 마포구 상암동 11-9,CDFI2262212025000338,2025-09-03,영업/정상(영업중),37.5779329851327,126.894138659841,2
초이 스테이,외국인관광도시민박업,"서울특별시 강동구 천중로32길 13-10, 202호 (천호동, 크리스탈 하우스)",서울 강동구 천호동 141-9,CDFI2262212025000068,2025-09-03,영업/정상(영업중),37.5413258533812,127.135564675304,3
By the Fortrees,외국인관광도시민박업,"서울특별시 종로구 낙산성곽동길 43-7, 201호 (창신동)",서울 종로구 창신동 629-69,CDFI2262212025000114,2025-09-03,영업/정상(영업중),37.5764973433968,127.008982267327,2
Ivon Stay,외국인관광도시민박업,"서울특별시 종로구 성균관로7길 28, 102호 (명륜3가)",서울 종로구 명륜3가 2-16,CDFI2262212025000115,2025-09-03,영업/정상(영업중),37.587631821413,126.995877697646,3
혀니스테이 잠실,외국인관광도시민박업,"서울특별시 송파구 오금로19길 26, B03호 (방이동)",서울 송파구 방이동 145-32,CDFI2262212024000025,2024-07-22,영업/정상(영업중),37.5118562117846,127.114593607099,2
한가로이,외국인관광도시민박업,"서울특별시 송파구 송파대로40길 7-18, B01호 (송파동)",서울 송파구 송파동 91-6,CDFI2262212025000050,2025-07-24,영업/정상(영업중),37.5041896192773,127.109696259104,2
Black B,외국인관광도시민박업,"서울특별시 송파구 삼학사로11길 21, B02호 (삼전동)",서울 송파구 삼전동 163-9,CDFI2262212025000048,2025-07-18,영업/정상(영업중),37.5015762837484,127.094323352589,2
Luna Stay,외국인관광도시민박업,"서울특별시 송파구 백제고분로18길 23-24, 203호 (잠실동)",서울 송파구 잠실동 329-2,CDFI2262212025000054,2025-08-07,영업/정상(영업중),37.5025267730816,127.085291665654,2
Haven Hongdae House,외국인관광도시민박업,"서울특별시 마포구 동교로 240, 계림빌딩 3층 (연남동)",서울 마포구 연남동 260-28,CDFI2262212021000048,2021-07-27,영업/정상(영업중),37.5613075108743,126.924459360809,2
뮤즈스테이 마포,외국인관광도시민박업,"서울특별시 마포구 새터산5길 42, 지층 102호 (성산동)",서울 마포구 성산동 199-25,CDFI2262212025000310,2025-08-12,영업/정상(영업중),37.5654712881518,126.905115092063,2
스테이 소소온,외국인관광도시민박업,"서울특별시 마포구 백범로21길 20, B102호 (염리동)",서울 마포구 염리동 85-12,CDFI2262212025000308,2025-08-11,영업/정상(영업중),37.5475049532393,126.944814153985,4
소담,외국인관광도시민박업,"서울특별시 관악구 신림로26길 29-9, 201호 (신림동, 블루마운틴)",서울 관악구 신림동 107-57,CDFI2262212025000055,2025-08-12,영업/정상(영업중),37.4732403329895,126.935300424854,6
오나우미 201 (ONAUMI 201),외국인관광도시민박업,"서울특별시 서대문구 독립문로12길 46, 201호 (천연동)",서울 서대문구 천연동 117-6,CDFI2262212025000079,2025-08-12,영업/정상(영업중),37.5679146037903,126.959462358316,3
스테이영,외국인관광도시민박업,"서울특별시 송파구 삼학사로8길 24-1, 103호 (석촌동)",서울 송파구 석촌동 229-10,CDFI2262212025000052,2025-07-30,영업/정상(영업중),37.5001062134206,127.099580176254,5
네스트 스테이,외국인관광도시민박업,"서울특별시 송파구 삼학사로6길 24, 번영주택 B02호 (석촌동)",서울 송파구 석촌동 228-10,CDFI2262212025000047,2025-07-09,영업/정상(영업중),37.4997101733557,127.099423248042,6
테오스테이2,외국인관광도시민박업,"서울특별시 관악구 인헌13길 32, 102호 (봉천동)",서울 관악구 봉천동 178-240,CDFI2262212024000016,2024-03-22,영업/정상(영업중),37.4723352372459,126.968386825753,2
강동둔촌 BNB,외국인관광도시민박업,"서울특별시 강동구 명일로 157-5, 대광맨션 지하층 4호 (둔촌동)",서울 강동구 둔촌동 52-8,CDFI2262212025000066,2025-08-27,영업/정상(영업중),37.5330230905142,127.143980792046,2
TES gunja,외국인관광도시민박업,"서울특별시 광진구 긴고랑로26길 25-15, 401호 (중곡동, 보이드 군자)",서울 광진구 중곡동 150-252,CDFI2262212025000055,2025-08-28,영업/정상(영업중),37.5593531167648,127.085385938769,6
네스트스테이 천호,외국인관광도시민박업,"서울특별시 강동구 올림픽로62길 9-14, 501호 (성내동)",서울 강동구 성내동 81-1,CDFI2262212024000053,2024-12-11,영업/정상(영업중),37.5369625268254,127.123801201293,14
쉼표 스테이,외국인관광도시민박업,"서울특별시 강동구 양재대로95길 19, 3층 302호 (성내동)",서울 강동구 성내동 413,CDFI2262212025000056,2025-07-24,영업/정상(영업중),37.5301991516046,127.135706318313,2
익스테이 맨션 연남,외국인관광도시민박업,"서울특별시 마포구 성미산로23길 20, 3층 301호 (연남동)",서울 마포구 연남동 246-31,CDFI2262212024000367,2024-11-04,영업/정상(영업중),37.5643986407505,126.921274783042,2
Urban Stay,외국인관광도시민박업,"서울특별시 종로구 종로63마길 21, 201호 (숭인동, 현대숭인빌)",서울 종로구 숭인동 72-118,CDFI2262212025000111,2025-08-27,영업/정상(영업중),37.5747951426574,127.017415092923,3
아르테,외국인관광도시민박업,"서울특별시 마포구 성미산로 126-7, 2층 203호 (연남동)",서울 마포구 연남동 509-10,CDFI2262212024000314,2024-10-11,영업/정상(영업중),37.562636182204,126.921244946052,3
경복궁그린티스테이,외국인관광도시민박업,"서울특별시 종로구 옥인6길 4, 인왕산그린빌라 202호 (누상동)",서울 종로구 누상동 166-175,CDFI2262212025000103,2025-08-25,영업/정상(영업중),37.581784707714,126.964240814208,6
정원 2,외국인관광도시민박업,"서울특별시 종로구 창덕궁3길 8, 101호 (원서동)",서울 종로구 원서동 77-88,CDFI2262212025000107,2025-08-26,영업/정상(영업중),37.581401814509,126.988900633281,2
헬로 연남 스테이,외국인관광도시민박업,"서울특별시 마포구 성미산로19길 29, 2층 201호 (연남동)",서울 마포구 연남동 482-31,CDFI2262212025000328,2025-08-26,영업/정상(영업중),37.5629949700782,126.918213367674,2
엘티엠포 201 (El Tiempo 201),외국인관광도시민박업,"서울특별시 서대문구 증가로24길 17, 201호 (북가좌동)",서울 서대문구 북가좌동 7-3,CDFI2262212025000067,2025-07-17,영업/정상(영업중),37.581217093305,126.916218789153,5
소담재,외국인관광도시민박업,"서울특별시 종로구 지봉로 85-40, 202호 (창신동)",서울 종로구 창신동 23-86,CDFI2262212025000109,2025-08-27,영업/정상(영업중),37.5770840705506,127.014436267939,3
소소재,외국인관광도시민박업,"서울특별시 종로구 지봉로 85-40, 201호 (창신동)",서울 종로구 창신동 23-86,CDFI2262212025000108,2025-08-27,영업/정상(영업중),37.5770840705506,127.014436267939,3
스테이1239,외국인관광도시민박업,"서울특별시 마포구 매봉산로2안길 12, 3층 301호 (상암동)",서울 마포구 상암동 12-39,CDFI2262212025000207,2025-05-02,영업/정상(영업중),37.5778645707819,126.894508944338,2
시티 오아시스 연남점,외국인관광도시민박업,"서울특별시 마포구 성미산로19길 9, 1층 102호 (연남동)",서울 마포구 연남동 482-28,CDFI2262212025000329,2025-08-27,영업/정상(영업중),37.5621720672366,126.918440747425,2
주나하우스,외국인관광도시민박업,"서울특별시 마포구 희우정로 91, 망원동근생및다가구주택 5층 (망원동)",서울 마포구 망원동 457-34,CDFI2262212025000300,2025-08-01,영업/정상(영업중),37.5535369710649,126.902479433818,2
소담 스테이,외국인관광도시민박업,"서울특별시 양천구 은행정로3길 3-1, 2층 201호 (신정동)",서울 양천구 신정동 1024-14,CDFI2262212025000025,2025-05-30,영업/정상(영업중),37.5208239571313,126.859362073751,2
Kpop yellow house,외국인관광도시민박업,"서울특별시 마포구 성암로9안길 14-4, 지층 101호 (중동)",서울 마포구 중동 81-12,CDFI2262212024000133,2024-06-13,영업/정상(영업중),37.5733665284843,126.90311795565,2
희 스테이,외국인관광도시민박업,"서울특별시 종로구 경희궁1길 33-14, 202호 (신문로2가)",서울 종로구 신문로2가 1-166,CDFI2262212025000023,2025-02-11,영업/정상(영업중),37.5729051966769,126.968898589496,7
BreezeStay,외국인관광도시민박업,"서울특별시 마포구 망원로11길 41-16, 2층 301호 (망원동)",서울 마포구 망원동 479-15,CDFI2262212025000295,2025-07-31,영업/정상(영업중),37.559130212497,126.905397026568,2
LOFT,외국인관광도시민박업,"서울특별시 종로구 경희궁2길 6, 401호 (내수동)",서울 종로구 내수동 110-39,CDFI2262212025000071,2025-06-12,영업/정상(영업중),37.5726431840843,126.971009866729,2
소누팰리스 망원,외국인관광도시민박업,"서울특별시 마포구 월드컵로31길 38-5, 3층 301호 (망원동)",서울 마포구 망원동 470-27,CDFI2262212025000293,2025-07-30,영업/정상(영업중),37.5611858294968,126.902509078833,3
홀리데이 인 서울,외국인관광도시민박업,"서울특별시 마포구 독막로 39, 3층 (합정동)",서울 마포구 합정동 411-8,CDFI2262212025000053,2025-01-23,영업/정상(영업중),37.548189950663,126.917938379616,2
무야 스튜디오,외국인관광도시민박업,"서울특별시 마포구 신촌로2안길 40, 위저드 빌 I 2층 (동교동)",서울 마포구 동교동 177-6,CDFI2262212025000296,2025-07-31,영업/정상(영업중),37.5568078429449,126.929109979547,4
람이하우스 2호 (Ramy House 2),외국인관광도시민박업,"서울특별시 서대문구 연세로2라길 55, 201호 (창천동)",서울 서대문구 창천동 4-22,CDFI2262212025000076,2025-07-31,영업/정상(영업중),37.5582934052741,126.941251514838,9
둔촌스테이,외국인관광도시민박업,"서울특별시 강동구 강동대로55길 92, 지층 102호 (성내동)",서울 강동구 성내동 429-14,CDFI2262212023000009,2023-10-30,영업/정상(영업중),37.5262385376608,127.134202105549,3
소요 스테이,외국인관광도시민박업,"서울특별시 금천구 독산로44길 29, 202호 (시흥동, 인경스마트빌딩)",서울 금천구 시흥동 791-34,CDFI2262212025000004,2025-07-31,영업/정상(영업중),37.4612709062919,126.906334841847,6
그린하우스101,외국인관광도시민박업,"서울특별시 마포구 월드컵북로8길 47, 지층 101호 (연남동)",서울 마포구 연남동 487-124,CDFI2262212025000302,2025-08-06,영업/정상(영업중),37.5606310068483,126.918577112883,3
어쿠파 스테이,외국인관광도시민박업,"서울특별시 마포구 성미산로17길 49, 지층 101호 (연남동)",서울 마포구 연남동 487-187,CDFI2262212025000289,2025-07-28,영업/정상(영업중),37.5636512853868,126.917608125161,4
그린하우스201,외국인관광도시민박업,"서울특별시 마포구 월드컵북로8길 47, 1층 201호 (연남동)",서울 마포구 연남동 487-124,CDFI2262212025000288,2025-07-28,영업/정상(영업중),37.5606310068483,126.918577112883,3
마리 게스트하우스,외국인관광도시민박업,"서울특별시 강동구 성안로27길 4-5, 202호 (천호동)",서울 강동구 천호동 121-95,CDFI2262212024000026,2024-08-27,영업/정상(영업중),37.5394370805679,127.135885201491,2
그레이 공간,외국인관광도시민박업,"서울특별시 관악구 당곡2길 29-1, 지층 102호 (봉천동)",서울 관악구 봉천동 711-91,CDFI2262212024000035,2024-05-08,영업/정상(영업중),37.4911870804588,126.930243779964,4
STAY Pogone,외국인관광도시민박업,"서울특별시 서대문구 신촌로3나길 24, 201호 (창천동)",서울 서대문구 창천동 501-11,CDFI2262212025000075,2025-07-28,영업/정상(영업중),37.5583280168627,126.930493268475,7
서울 게스트하우스 1,외국인관광도시민박업,"서울특별시 성북구 삼선교로4길 93, 1,2층 (삼선동1가)",서울 성북구 삼선동1가 279-7,CDFI2262212018000003,2018-03-23,영업/정상(영업중),37.5837768541635,127.007380226485,2
모레하우스,외국인관광도시민박업,"서울특별시 강남구 언주로164길 15-6, 201호 (신사동)",서울 강남구 신사동 645-14,CDFI2262212024000009,2024-07-09,영업/정상(영업중),37.5257257375333,127.03503995123,3
룩스 게스트하우스,외국인관광도시민박업,"서울특별시 마포구 와우산로 156, 5층 (서교동)",서울 마포구 서교동 325-26,CDFI2262212013000008,2013-11-07,영업/정상(영업중),37.554856243109,126.930406747349,2
공림,외국인관광도시민박업,"서울특별시 동대문구 고산자로 516-1, 201호 (제기동)",서울 동대문구 제기동 695,CDFI2262212024000026,2024-08-14,영업/정상(영업중),37.5857392960756,127.038775425346,10
새롬,외국인관광도시민박업,"서울특별시 마포구 와우산로23길 20-14, 2층 202호 (서교동)",서울 마포구 서교동 342-17,CDFI2262212024000313,2024-10-10,영업/정상(영업중),37.5540449677707,126.924795114882,3
케이 하우스 2,외국인관광도시민박업,"서울특별시 강남구 영동대로 602, 2204호 (삼성동, 삼성동 미켈란 107)",서울 강남구 삼성동 107,CDFI2262212025000007,2025-07-09,영업/정상(영업중),37.5147215906749,127.060483947525,8
스테이 서울,외국인관광도시민박업,"서울특별시 광진구 용마산로 6-7, 403호 (중곡동)",서울 광진구 중곡동 93-44,CDFI2262212025000043,2025-07-09,영업/정상(영업중),37.5543075143472,127.088949953549,7
다색,외국인관광도시민박업,"서울특별시 성동구 무학봉15길 27-15, 2층 (하왕십리동)",서울 성동구 하왕십리동 954-14,CDFI2262212025000025,2025-07-18,영업/정상(영업중),37.563448140158,127.029804334772,2
메모리스테이 연남점,외국인관광도시민박업,"서울특별시 마포구 연남로7길 26, 2층 (연남동)",서울 마포구 연남동 370-5,CDFI2262212018000008,2018-01-26,영업/정상(영업중),37.5636921635547,126.918870101814,3
라온하우스,외국인관광도시민박업,"서울특별시 송파구 가락로21길 62, 지층 101호 (송파동)",서울 송파구 송파동 117-32,CDFI2262212025000004,2025-02-11,영업/정상(영업중),37.5068170505323,127.111989018325,2
다온 스테이 종암,외국인관광도시민박업,"서울특별시 성북구 종암로 126-5, 401호 (종암동)",서울 성북구 종암동 3-595,CDFI2262212025000023,2025-07-15,영업/정상(영업중),37.6015571197713,127.033749295326,2
MONTARA,외국인관광도시민박업,"서울특별시 관악구 신림로26길 29-9, 403호 (신림동, 블루마운틴)",서울 관악구 신림동 107-57,CDFI2262212025000053,2025-07-11,영업/정상(영업중),37.4732403329895,126.935300424854,6
스테이 한소원,외국인관광도시민박업,"서울특별시 서대문구 연희로4길 22, 1,2층 (창천동)",서울 서대문구 창천동 429,CDFI2262212016000002,2016-02-23,영업/정상(영업중),37.5611276375934,126.928009606708,2
스타일인 강동점,외국인관광도시민박업,"서울특별시 강동구 아리수로64길 24-8, 3층 301호 (고덕동)",서울 강동구 고덕동 632-5,CDFI2262212025000048,2025-06-10,영업/정상(영업중),37.5610554829203,127.153149131666,2
스테이 네버랜드 마포,외국인관광도시민박업,"서울특별시 마포구 삼개로3길 14-10, 지1층 (도화동)",서울 마포구 도화동 213-1,CDFI2262212025000157,2025-03-11,영업/정상(영업중),37.5383904424217,126.948606902408,2
송스테이 홍대,외국인관광도시민박업,"서울특별시 마포구 연남로1길 79, B03호 (연남동)",서울 마포구 연남동 570-6,CDFI2262212025000023,2025-01-10,영업/정상(영업중),37.5588067111288,126.919295177848,3
스테이건대,외국인관광도시민박업,"서울특별시 광진구 동일로18길 41, 202호 (자양동)",서울 광진구 자양동 13-40,CDFI2262212025000044,2025-07-16,영업/정상(영업중),37.5395218970033,127.06513268472,3
엘티엠포 202 (El Tiempo 202),외국인관광도시민박업,"서울특별시 서대문구 증가로24길 17, 202호 (북가좌동)",서울 서대문구 북가좌동 7-3,CDFI2262212025000068,2025-07-17,영업/정상(영업중),37.581217093305,126.916218789153,5
재 하우스,외국인관광도시민박업,"서울특별시 마포구 새창로6나길 22, 202호 (도화동)",서울 마포구 도화동 2-8,CDFI2262212025000277,2025-07-17,영업/정상(영업중),37.5409711878162,126.953870860745,3
모레스테이,외국인관광도시민박업,"서울특별시 강동구 천호대로200길 22, 2층 202호 (둔촌동)",서울 강동구 둔촌동 602-5,CDFI2262212025000055,2025-07-15,영업/정상(영업중),37.5358825809103,127.149288881669,5
모닝 캄 서울,외국인관광도시민박업,"서울특별시 마포구 와우산로29길 26-33, 3층 (서교동)",서울 마포구 서교동 328-74,CDFI2262212025000279,2025-07-17,영업/정상(영업중),37.5555320036647,126.928765669556,4
Belonia K,외국인관광도시민박업,"서울특별시 서대문구 신촌로11길 11-7, 801호 (창천동)",서울 서대문구 창천동 112-19,CDFI2262212025000066,2025-07-10,영업/정상(영업중),37.5572172343954,126.932454169288,8
엘티엠포 301 (El Tiempo 301),외국인관광도시민박업,"서울특별시 서대문구 증가로24길 17, 301호 (북가좌동)",서울 서대문구 북가좌동 7-3,CDFI2262212025000069,2025-07-17,영업/정상(영업중),37.581217093305,126.916218789153,5
핵스,외국인관광도시민박업,"서울특별시 강남구 도산대로33길 20, 제이에스 빌딩 601호 (신사동)",서울 강남구 신사동 589,CDFI2262212023000010,2023-08-28,영업/정상(영업중),37.5219378947263,127.029900032667,2
모던하우스 망원,외국인관광도시민박업,"서울특별시 마포구 월드컵로31길 38-5, 지층 B02호 (망원동)",서울 마포구 망원동 470-27,CDFI2262212025000303,2025-08-06,영업/정상(영업중),37.5611858294968,126.902509078833,3
Sun stay,외국인관광도시민박업,"서울특별시 구로구 오류로8바길 3-12, 103호 (오류동)",서울 구로구 오류동 145-1,CDFI2262212025000014,2025-07-11,영업/정상(영업중),37.4931928211517,126.847007861585,2
어퍼하우스,외국인관광도시민박업,"서울특별시 강남구 봉은사로63길 29, 402호 (삼성동)",서울 강남구 삼성동 41-24,CDFI2262212019000013,2019-03-15,영업/정상(영업중),37.5131772418812,127.046408261406,4
그린하우스102,외국인관광도시민박업,"서울특별시 마포구 월드컵북로8길 47, 지층 102호 (연남동)",서울 마포구 연남동 487-124,CDFI2262212025000301,2025-08-06,영업/정상(영업중),37.5606310068483,126.918577112883,3
수 하우스,외국인관광도시민박업,"서울특별시 마포구 와우산로26길 54-18, 지층 101호 (창전동)",서울 마포구 창전동 6-213,CDFI2262212025000275,2025-07-10,영업/정상(영업중),37.5525676262243,126.92816258436,2
모모스테이,외국인관광도시민박업,"서울특별시 강동구 아리수로64길 24-8, 201호 (고덕동)",서울 강동구 고덕동 632-5,CDFI2262212025000059,2025-08-04,영업/정상(영업중),37.5610554829203,127.153149131666,2
Belonia Bloom,외국인관광도시민박업,"서울특별시 서대문구 신촌로11길 11-7, 1001호 (창천동)",서울 서대문구 창천동 112-19,CDFI2262212025000065,2025-07-04,영업/정상(영업중),37.5572172343954,126.932454169288,8
라포레 홍대 Lapore Hongdae,외국인관광도시민박업,"서울특별시 서대문구 연희로2길 65, 라포레 803호 (창천동)",서울 서대문구 창천동 372,CDFI2262212025000007,2025-01-08,영업/정상(영업중),37.5588328214886,126.927899088867,5
시오(SIO),외국인관광도시민박업,"서울특별시 서대문구 독립문로6길 18-5, 지층 B01호 (옥천동)",서울 서대문구 옥천동 126-127,CDFI2262212024000072,2024-12-06,영업/정상(영업중),37.5692290437207,126.960190503412,2
메이빌,외국인관광도시민박업,"서울특별시 송파구 백제고분로41길 21-7, 102호 (송파동)",서울 송파구 송파동 13-13,CDFI2262212025000031,2025-05-26,영업/정상(영업중),37.5077430962826,127.106940431021,3
서울 게스트하우스 2,외국인관광도시민박업,"서울특별시 성북구 삼선교로4길 93, 지하1층 (삼선동1가)",서울 성북구 삼선동1가 279-7,CDFI2262212021000001,2021-09-06,영업/정상(영업중),37.5837768541635,127.007380226485,2
Hongdae yuyu,외국인관광도시민박업,"서울특별시 마포구 성미산로 64-3, 3층 (성산동)",서울 마포구 성산동 239-12,CDFI2262212025000286,2025-07-22,영업/정상(영업중),37.5594555178553,126.91543166546,4
잠실 코코네2,외국인관광도시민박업,"서울특별시 송파구 백제고분로50길 42-9, 2층 302호 (방이동)",서울 송파구 방이동 159-11,CDFI2262212025000033,2025-05-27,영업/정상(영업중),37.5123997279126,127.119116393446,2
호수니 스테이,외국인관광도시민박업,"서울특별시 송파구 송파대로47길 5-1, B01호 (석촌동)",서울 송파구 석촌동 181-8,CDFI2262212025000032,2025-05-27,영업/정상(영업중),37.5073510655399,127.104018368636,3
엘티엠포 401 (El Tiempo 401),외국인관광도시민박업,"서울특별시 서대문구 증가로24길 17, 401호 (북가좌동)",서울 서대문구 북가좌동 7-3,CDFI2262212025000071,2025-07-17,영업/정상(영업중),37.581217093305,126.916218789153,5
더 헤이븐,외국인관광도시민박업,"서울특별시 강남구 선릉로92길 40, 502호 (삼성동)",서울 강남구 삼성동 142-28,CDFI2262212024000021,2024-09-10,영업/정상(영업중),37.5061084170524,127.052015622704,9
엘티엠포 302 (El Tiempo 302),외국인관광도시민박업,"서울특별시 서대문구 증가로24길 17, 302호 (북가좌동)",서울 서대문구 북가좌동 7-3,CDFI2262212025000070,2025-07-17,영업/정상(영업중),37.581217093305,126.916218789153,5
연남 베통부르트2,외국인관광도시민박업,"서울특별시 마포구 성미산로29안길 19-7, 3~5층 (연남동)",서울 마포구 연남동 241-74,CDFI2262212025000284,2025-07-21,영업/정상(영업중),37.565377934162,126.923052733841,2
시담,외국인관광도시민박업,"서울특별시 관악구 신림로26길 29-9, 204호 (신림동, 블루마운틴)",서울 관악구 신림동 107-57,CDFI2262212025000051,2025-07-02,영업/정상(영업중),37.4732403329895,126.935300424854,6
글로우 스테이2 (Glow Stay2),외국인관광도시민박업,"서울특별시 서대문구 연희로2길 40, 203호 (창천동)",서울 서대문구 창천동 414,CDFI2262212025000062,2025-07-01,영업/정상(영업중),37.5600795208548,126.928030421719,5
마포레스트202,외국인관광도시민박업,"서울특별시 마포구 방울내로 57-14, 202호 (망원동)",서울 마포구 망원동 436-5,CDFI2262212024000161,2024-07-10,영업/정상(영업중),37.5602192805687,126.901688194829,6
보물의집,외국인관광도시민박업,"서울특별시 강서구 남부순환로3길 13-10, 203호 (공항동, CL HOUSE)",서울 강서구 공항동 66-13,CDFI2262212025000035,2025-07-01,영업/정상(영업중),37.5593042601825,126.809097126284,11
스테이 포유,외국인관광도시민박업,"서울특별시 강동구 양재대로87길 51-3, 지하층 B01호 (성내동)",서울 강동구 성내동 437-7,CDFI2262212025000052,2025-07-01,영업/정상(영업중),37.5258073399674,127.132185609714,2
온포레스트,외국인관광도시민박업,"서울특별시 성동구 서울숲7길 11, 701호 (성수동1가, 포레스트사이드)",서울 성동구 성수동1가 685-296,CDFI2262212025000023,2025-07-01,영업/정상(영업중),37.5482849728926,127.042988180562,4
무드 인,외국인관광도시민박업,"서울특별시 송파구 백제고분로44길 61-6, B01호 (송파동)",서울 송파구 송파동 122-8,CDFI2262212025000036,2025-06-05,영업/정상(영업중),37.5041766217125,127.113722339778,2
윤스스테이,외국인관광도시민박업,"서울특별시 송파구 백제고분로11길 8-24, 1층 201호 (잠실동)",서울 송파구 잠실동 223-7,CDFI2262212025000039,2025-06-12,영업/정상(영업중),37.5070877898178,127.081144151538,7
Stay MiMi,외국인관광도시민박업,"서울특별시 송파구 가락로9길 12, B02호 (석촌동)",서울 송파구 석촌동 259,CDFI2262212025000035,2025-06-05,영업/정상(영업중),37.5010526805188,127.103504339429,2
미담 스테이(Midam Stay),외국인관광도시민박업,"서울특별시 서대문구 성산로7안길 62, 지층 102호 (연희동)",서울 서대문구 연희동 446-236,CDFI2262212025000064,2025-07-03,영업/정상(영업중),37.5668463431211,126.922587255226,2
"석촌, 오늘",외국인관광도시민박업,"서울특별시 송파구 삼학사로6길 24, 번영주택 103호 (석촌동)",서울 송파구 석촌동 228-10,CDFI2262212025000043,2025-06-30,영업/정상(영업중),37.4997101733557,127.099423248042,6
잠실석촌듀오하우스,외국인관광도시민박업,"서울특별시 송파구 백제고분로34길 3-14, B03호호 (석촌동)",서울 송파구 석촌동 234-2,CDFI2262212025000040,2025-06-20,영업/정상(영업중),37.5020533738816,127.099583440743,4
GK HOUSE(지케이하우스),외국인관광도시민박업,"서울특별시 광진구 광나루로18길 21-9, 101호 (화양동)",서울 광진구 화양동 111-135,CDFI2262212024000017,2024-05-29,영업/정상(영업중),37.5466900357923,127.072603074135,2
스테이 솔라,외국인관광도시민박업,"서울특별시 송파구 백제고분로34길 18-9, B101호 (석촌동)",서울 송파구 석촌동 215-16,CDFI2262212025000041,2025-06-27,영업/정상(영업중),37.5007212834822,127.098236797427,3
GK STAY(지케이스테이),외국인관광도시민박업,"서울특별시 광진구 광나루로18길 21-9, 201호 (화양동)",서울 광진구 화양동 111-135,CDFI2262212024000018,2024-05-29,영업/정상(영업중),37.5466900357923,127.072603074135,2
란 스테이,외국인관광도시민박업,서울특별시 마포구 동교로 256-6 (연남동),서울 마포구 연남동 228-38,CDFI2262212024000380,2024-11-11,영업/정상(영업중),37.5624633711146,126.924838831385,2
KSPO 스테이,외국인관광도시민박업,"서울특별시 강동구 성안로13길 21-10, 2층 201호 (성내동)",서울 강동구 성내동 514-6,CDFI2262212025000053,2025-07-01,영업/정상(영업중),37.5311188069163,127.130832479787,2
빈티지 하우스 망원,외국인관광도시민박업,"서울특별시 마포구 월드컵로31길 38-5, 지층 1호 (망원동)",서울 마포구 망원동 470-27,CDFI2262212025000265,2025-06-30,영업/정상(영업중),37.5611858294968,126.902509078833,3
하우스다 동촌,외국인관광도시민박업,서울특별시 종로구 창덕궁3길 47-5 (원서동),서울 종로구 원서동 76-37,CDFI2262212025000085,2025-07-07,영업/정상(영업중),37.5827578494871,126.988376587601,2
당산 스테이,외국인관광도시민박업,"서울특별시 영등포구 양산로 146, 802호 (당산동1가, DE' HAR)",서울 영등포구 당산동1가 256,CDFI2262212025000009,2025-06-30,영업/정상(영업중),37.5235012531296,126.899170493803,2
어반 성수,외국인관광도시민박업,"서울특별시 성동구 둘레15가길 8-27, 1층 (성수동2가)",서울 성동구 성수동2가 591-32,CDFI2262212025000021,2025-06-30,영업/정상(영업중),37.5357374091904,127.056598935196,2
메이드,외국인관광도시민박업,"서울특별시 중구 다산로42나길 45-6, 301호 (신당동)",서울 중구 신당동 49-20,CDFI2262212025000033,2025-06-30,영업/정상(영업중),37.5623000729424,127.017832548383,2
쏘굿 하우스,외국인관광도시민박업,"서울특별시 종로구 종로65길 33-20, 101호 (숭인동, 고덕빌라)",서울 종로구 숭인동 178-102,CDFI2262212025000090,2025-07-24,영업/정상(영업중),37.5760290652931,127.019094769023,2
Seoul nest,외국인관광도시민박업,"서울특별시 종로구 성균관로7길 28, 101호 (명륜3가)",서울 종로구 명륜3가 2-16,CDFI2262212025000084,2025-07-05,영업/정상(영업중),37.587631821413,126.995877697646,3
Savory Seoul,외국인관광도시민박업,"서울특별시 종로구 낙산3길 19-7, 1층 102호 (동숭동)",서울 종로구 동숭동 129-223,CDFI2262212025000083,2025-07-05,영업/정상(영업중),37.5800453658265,127.006221940323,3
My House,외국인관광도시민박업,"서울특별시 광진구 아차산로22길 38, 2층 202호 (자양동)",서울 광진구 자양동 24-25,CDFI2262212024000039,2024-09-11,영업/정상(영업중),37.540273830663,127.063721221778,4
두잇(DO IT) 스테이,외국인관광도시민박업,"서울특별시 종로구 종로63마길 21, 301호 (숭인동, 현대숭인빌)",서울 종로구 숭인동 72-118,CDFI2262212025000087,2025-07-23,영업/정상(영업중),37.5747951426574,127.017415092923,3
포세라 포고네 (PorShera Pogone),외국인관광도시민박업,"서울특별시 서대문구 신촌로3나길 24, 401호 (창천동)",서울 서대문구 창천동 501-11,CDFI2262212025000073,2025-07-23,영업/정상(영업중),37.5583280168627,126.930493268475,7
조로하우스,외국인관광도시민박업,"서울특별시 관악구 신림동1길 20-6, 제에이동 1002호 (신림동)",서울 관악구 신림동 1432-178,CDFI2262212025000054,2025-07-22,영업/정상(영업중),37.4864955405369,126.928002474243,4
다미 스테이,외국인관광도시민박업,"서울특별시 관악구 호암로26길 74, 2층 (신림동)",서울 관악구 신림동 1517-28,CDFI2262212024000054,2024-06-07,영업/정상(영업중),37.470078148707,126.937649615295,3
휴가인 연남S,외국인관광도시민박업,"서울특별시 마포구 성미산로19길 95, 1층 102호 (연남동)",서울 마포구 연남동 480-26,CDFI2262212025000261,2025-06-27,영업/정상(영업중),37.5659979685287,126.917535136869,5
휴가인 연남J,외국인관광도시민박업,"서울특별시 마포구 성미산로19길 95, 1층 101호 (연남동)",서울 마포구 연남동 480-26,CDFI2262212025000262,2025-06-27,영업/정상(영업중),37.5659979685287,126.917535136869,5
예포게스트하우스,외국인관광도시민박업,"[120-832] 서울특별시 서대문구 성산로7안길 8, 1,2층층 (연희동)",서울 서대문구 연희동 446-253,CDFI2262212014000005,2014-07-17,영업/정상(영업중),37.5675347812701,126.919602585382,2
blossom 24,외국인관광도시민박업,"서울특별시 마포구 연남로5길 52, 2층 201호 (연남동, 예가빌)",서울 마포구 연남동 493-24,CDFI2262212025000250,2025-06-19,영업/정상(영업중),37.5610534661602,126.919338479901,6
서울 윈도우 스테이,외국인관광도시민박업,"서울특별시 종로구 낙산3길 19-7, 3층 301호 (동숭동)",서울 종로구 동숭동 129-223,CDFI2262212025000081,2025-06-27,영업/정상(영업중),37.5800453658265,127.006221940323,3
Nuaz11,외국인관광도시민박업,"서울특별시 관악구 신림동1길 20-6, 도라샘타워 제에이동 제9,10,11층 제다가구주택호 11층 1102호 (신림동)",서울 관악구 신림동 1432-178,CDFI2262212025000050,2025-06-26,영업/정상(영업중),37.4864955405369,126.928002474243,4
더 수향,외국인관광도시민박업,"서울특별시 마포구 와우산로29길 14, 2층 201호 (서교동)",서울 마포구 서교동 327-19,CDFI2262212025000202,2025-04-29,영업/정상(영업중),37.5549743934334,126.929243675616,2
스테이 정하집,외국인관광도시민박업,"서울특별시 마포구 성미산로19길 95, 지층 02호 (연남동)",서울 마포구 연남동 480-26,CDFI2262212025000260,2025-06-27,영업/정상(영업중),37.5659979685287,126.917535136869,5
스테이 무로,외국인관광도시민박업,"서울특별시 중구 장충단로7길 21-13, 2층 (장충동2가)",서울 중구 장충동2가 112-6,CDFI2262212025000029,2025-06-09,영업/정상(영업중),37.5619034270143,127.005154812198,3
율연,외국인관광도시민박업,"서울특별시 중구 청구로3길 79, 401호 (신당동)",서울 중구 신당동 340-1,CDFI2262212025000030,2025-06-12,영업/정상(영업중),37.5561528026591,127.014115114351,2
두오방즈,외국인관광도시민박업,"서울특별시 마포구 새창로6나길 22, 2층 201호 (도화동)",서울 마포구 도화동 2-8,CDFI2262212025000248,2025-06-18,영업/정상(영업중),37.5409711878162,126.953870860745,3
지니하우스,외국인관광도시민박업,"서울특별시 마포구 동교로19길 76, 지층 B05호 (성산동)",서울 마포구 성산동 632-3,CDFI2262212025000247,2025-06-18,영업/정상(영업중),37.5585960236279,126.916779569302,5
박씨집안,외국인관광도시민박업,"서울특별시 노원구 덕릉로90길 5, 402호 (중계동, 중계쉐르빌)",서울 노원구 중계동 134-2,CDFI2262212025000006,2025-06-18,영업/정상(영업중),37.6606853208982,127.075975441144,2
지니 스테이,외국인관광도시민박업,"서울특별시 마포구 와우산로29길 14, 2층 202호 (서교동)",서울 마포구 서교동 327-19,CDFI2262212025000238,2025-06-11,영업/정상(영업중),37.5549743934334,126.929243675616,2
헤이븐,외국인관광도시민박업,"서울특별시 강동구 천호옛12길 24-12, 3층 301호 (성내동)",서울 강동구 성내동 136-11,CDFI2262212025000047,2025-05-29,영업/정상(영업중),37.5342900415398,127.125874057864,3
봄눈스테이 올림픽파크,외국인관광도시민박업,"서울특별시 강동구 명일로 149, 302호 (둔촌동)",서울 강동구 둔촌동 46-56,CDFI2262212024000030,2024-10-04,영업/정상(영업중),37.5324308132112,127.143873755851,2
숨-두울,외국인관광도시민박업,"서울특별시 강동구 상암로17길 25, 201호 (암사동, 서원빌라)",서울 강동구 암사동 491-73,CDFI2262212025000044,2025-05-23,영업/정상(영업중),37.5495002192948,127.132015708932,4
뮤즈 스테이,외국인관광도시민박업,"서울특별시 마포구 와우산로13길 9, 4층 501호 (상수동)",서울 마포구 상수동 90-8,CDFI2262212025000254,2025-06-24,영업/정상(영업중),37.549599018491,126.922603398805,4
미소 스테이,외국인관광도시민박업,"서울특별시 강동구 양재대로95길 19, 3층 301호 (성내동)",서울 강동구 성내동 413,CDFI2262212025000045,2025-05-23,영업/정상(영업중),37.5301991516046,127.135706318313,2
서울스케이프_연남,외국인관광도시민박업,"서울특별시 마포구 연남로5길 52, 3층 301호 (연남동, 예가빌)",서울 마포구 연남동 493-24,CDFI2262212025000253,2025-06-24,영업/정상(영업중),37.5610534661602,126.919338479901,6
숨 스테이(Soom Stay),외국인관광도시민박업,"서울특별시 성동구 뚝섬로3나길 26, 303호 (성수동1가)",서울 성동구 성수동1가 33-10,CDFI2262212025000019,2025-06-24,영업/정상(영업중),37.541192700967,127.050421123458,3
레이어드 성수,외국인관광도시민박업,"서울특별시 성동구 둘레15가길 8-27, 2층 (성수동2가)",서울 성동구 성수동2가 591-32,CDFI2262212025000022,2025-06-30,영업/정상(영업중),37.5357374091904,127.056598935196,2
케이 하우스 1,외국인관광도시민박업,"서울특별시 강남구 영동대로 602, 2203호 (삼성동, 삼성동 미켈란 107)",서울 강남구 삼성동 107,CDFI2262212025000006,2025-06-23,영업/정상(영업중),37.5147215906749,127.060483947525,8
휴가인 연남Y,외국인관광도시민박업,"서울특별시 마포구 성미산로19길 95, 2층 201호 (연남동)",서울 마포구 연남동 480-26,CDFI2262212025000264,2025-06-27,영업/정상(영업중),37.5659979685287,126.917535136869,5
펀스테이,외국인관광도시민박업,"서울특별시 강서구 남부순환로3길 13-10, 302호 (공항동, CL HOUSE)",서울 강서구 공항동 66-13,CDFI2262212025000033,2025-06-30,영업/정상(영업중),37.5593042601825,126.809097126284,11
선자하우스 1F,외국인관광도시민박업,"서울특별시 마포구 서강로11길 36-5, 1층 (창전동)",서울 마포구 창전동 4-9,CDFI2262212025000259,2025-06-27,영업/정상(영업중),37.5542203996334,126.931624271577,3
Lucy Stay,외국인관광도시민박업,"서울특별시 마포구 월드컵로8길 37-12, B102호 (서교동)",서울 마포구 서교동 483-33,CDFI2262212024000298,2024-09-26,영업/정상(영업중),37.5538573540623,126.914434165665,6
띵상스테이(ddingsang stay),외국인관광도시민박업,"서울특별시 도봉구 노해로57길 10-8, 은진하이빌 101호 (쌍문동)",서울 도봉구 쌍문동 81-123,CDFI2262212024000008,2024-12-27,영업/정상(영업중),37.6516523795257,127.033616252608,4
진구하우스,외국인관광도시민박업,"서울특별시 마포구 성미산로19길 95, 지층 01호 (연남동)",서울 마포구 연남동 480-26,CDFI2262212025000263,2025-06-27,영업/정상(영업중),37.5659979685287,126.917535136869,5
The Jongno,외국인관광도시민박업,"서울특별시 종로구 성균관로7길 28, 201호 (명륜3가)",서울 종로구 명륜3가 2-16,CDFI2262212025000082,2025-06-27,영업/정상(영업중),37.587631821413,126.995877697646,3
하이 스테이,외국인관광도시민박업,"서울특별시 마포구 서강로1길 12-10, 101동 402호 (창전동, 마포 웰하임)",서울 마포구 창전동 106-2,CDFI2262212025000258,2025-06-27,영업/정상(영업중),37.5490815200018,126.93140478875,2
망원비앤비,외국인관광도시민박업,"서울특별시 마포구 망원로11길 44-3, 2층 301호 (망원동)",서울 마포구 망원동 478-19,CDFI2262212025000251,2025-06-19,영업/정상(영업중),37.559790341824,126.906148498657,3
구름스테이,외국인관광도시민박업,"서울특별시 마포구 성산로2길 21-21, 유니아란치움 4층 401호 (성산동)",서울 마포구 성산동 277-14,CDFI2262212025000252,2025-06-20,영업/정상(영업중),37.5633564568644,126.906680636703,2
엘바 스테이(Elva Stay),외국인관광도시민박업,"서울특별시 강북구 인수봉로6길 9-2, 501호 (미아동, 시우파크빌라)",서울 강북구 미아동 791-3489,CDFI2262212025000005,2025-06-11,영업/정상(영업중),37.6222433827241,127.013437305758,7
Aurora Stay,외국인관광도시민박업,"서울특별시 구로구 개봉로17나길 61-21, 402호 (개봉동)",서울 구로구 개봉동 320-12,CDFI2262212024000015,2024-11-25,영업/정상(영업중),37.4924519589091,126.852130342386,3
11AM 홍대,외국인관광도시민박업,"서울특별시 서대문구 신촌로3나길 8-5, 101호 (창천동, 한빛위너스)",서울 서대문구 창천동 501-25,CDFI2262212025000058,2025-06-19,영업/정상(영업중),37.5586315806334,126.929913853887,2
숨-세엣,외국인관광도시민박업,"서울특별시 강동구 상암로17길 25, 202호 (암사동, 서원빌라)",서울 강동구 암사동 491-73,CDFI2262212025000043,2025-05-23,영업/정상(영업중),37.5495002192948,127.132015708932,4
Just 30 House,외국인관광도시민박업,"서울특별시 광진구 동일로60길 48-1, 402호 (군자동)",서울 광진구 군자동 468-10,CDFI2262212025000040,2025-06-19,영업/정상(영업중),37.5575633425578,127.075939994103,2
라온하우스,외국인관광도시민박업,"서울특별시 광진구 동일로18길 41, 201호 (자양동)",서울 광진구 자양동 13-40,CDFI2262212025000024,2025-04-17,영업/정상(영업중),37.5395218970033,127.06513268472,3
비바하우스(VIVA house),외국인관광도시민박업,"서울특별시 광진구 아차산로24길 21, 102호 (자양동)",서울 광진구 자양동 13-25,CDFI2262212024000013,2024-04-09,영업/정상(영업중),37.5401302168759,127.06486934764,2
더 유자,외국인관광도시민박업,"서울특별시 광진구 아차산로26길 25-5, 103호 (자양동)",서울 광진구 자양동 10-9,CDFI2262212025000023,2025-04-14,영업/정상(영업중),37.5401653538611,127.066172076766,3
유어에피소드,외국인관광도시민박업,"서울특별시 광진구 능동로21길 49-1, 101호 (군자동)",서울 광진구 군자동 90-35,CDFI2262212025000029,2025-05-02,영업/정상(영업중),37.5527883226002,127.074531622994,2
더 캔버스,외국인관광도시민박업,"서울특별시 광진구 아차산로26길 25-5, 203호 (자양동)",서울 광진구 자양동 10-9,CDFI2262212025000030,2025-05-12,영업/정상(영업중),37.5401653538611,127.066172076766,3
Seongsu&Jamsil Stay,외국인관광도시민박업,"서울특별시 광진구 용마산로 6-7, 402호 (중곡동)",서울 광진구 중곡동 93-44,CDFI2262212025000042,2025-06-23,영업/정상(영업중),37.5543075143472,127.088949953549,7
안녕하우스,외국인관광도시민박업,"서울특별시 광진구 뚝섬로51길 20, 101호 (자양동)",서울 광진구 자양동 617-14,CDFI2262212025000028,2025-05-01,영업/정상(영업중),37.5333854122789,127.080008763692,3
mmmory,외국인관광도시민박업,"서울특별시 서대문구 연희로2길 65, 라포레 603호 (창천동)",서울 서대문구 창천동 372,CDFI2262212025000059,2025-06-20,영업/정상(영업중),37.5588328214886,126.927899088867,5
스테이성자,외국인관광도시민박업,"서울특별시 관악구 신림로26길 29-9, 304호 (신림동, 블루마운틴)",서울 관악구 신림동 107-57,CDFI2262212025000049,2025-06-20,영업/정상(영업중),37.4732403329895,126.935300424854,6
제이하우스(J House),외국인관광도시민박업,"서울특별시 서대문구 거북골로 154, 101동 4층 404호 (북가좌동, 북가좌삼호아파트)",서울 서대문구 북가좌동 449,CDFI2262212024000048,2024-09-27,영업/정상(영업중),37.5765626078203,126.913783524957,2
비앤비 우평5,외국인관광도시민박업,"서울특별시 동대문구 약령시로 102, 504호 (제기동)",서울 동대문구 제기동 591-10,CDFI2262212025000012,2025-06-16,영업/정상(영업중),37.5828658116072,127.041276096229,2
명동 부원 게스트하우스,외국인관광도시민박업,"서울특별시 중구 소공로3길 28, 204호 (회현동1가)",서울 중구 회현동1가 142-11,CDFI2262212025000027,2025-05-28,영업/정상(영업중),37.5568565639427,126.982465155502,4
슬립 타이트,외국인관광도시민박업,"서울특별시 강동구 양재대로87길 52-6, 1층 101호 (성내동)",서울 강동구 성내동 432-20,CDFI2262212025000049,2025-06-20,영업/정상(영업중),37.5262415306415,127.132348263638,2
부원 게스트하우스,외국인관광도시민박업,"서울특별시 중구 소공로3길 28, 201호 (회현동1가)",서울 중구 회현동1가 142-11,CDFI2262212025000026,2025-05-28,영업/정상(영업중),37.5568565639427,126.982465155502,4
무띠,외국인관광도시민박업,"서울특별시 종로구 종로53길 3, 602호 (창신동)",서울 종로구 창신동 177,CDFI2262212025000072,2025-06-12,영업/정상(영업중),37.5727668942167,127.013421166492,2
베뉴하우스,외국인관광도시민박업,"서울특별시 관악구 신사로10길 21, 301호 (신림동)",서울 관악구 신림동 500-20,CDFI2262212024000079,2024-07-31,영업/정상(영업중),37.486680010846,126.915032432727,2
서울로 하우스,외국인관광도시민박업,"서울특별시 중구 만리재로35길 47-8, 101호 (중림동)",서울 중구 중림동 331-3,CDFI2262212025000025,2025-05-28,영업/정상(영업중),37.5574693143225,126.967498110222,2
합정 힐링 스테이,외국인관광도시민박업,"서울특별시 마포구 동교로8길 64, 2층 204호 (합정동, 더씨에스 한강뷰)",서울 마포구 합정동 461-4,CDFI2262212025000215,2025-05-13,영업/정상(영업중),37.5491590132043,126.905910945872,9
비앤비 우평6,외국인관광도시민박업,"서울특별시 동대문구 약령시로 102, 604호 (제기동)",서울 동대문구 제기동 591-10,CDFI2262212025000013,2025-06-16,영업/정상(영업중),37.5828658116072,127.041276096229,2
트래부기,외국인관광도시민박업,"서울특별시 동대문구 답십리로23길 17, 지층 102호 (전농동)",서울 동대문구 전농동 499-3,CDFI2262212025000001,2025-01-03,영업/정상(영업중),37.5765776893182,127.048602556453,5
Chloe house,외국인관광도시민박업,"서울특별시 마포구 월드컵북로5가길 31, 미소빌딩 5층 501호 (서교동)",서울 마포구 서교동 447-9,CDFI2262212025000241,2025-06-12,영업/정상(영업중),37.5562615170644,126.919474927836,2
더 이니셜 3F,외국인관광도시민박업,"서울특별시 마포구 월드컵북로42가길 28, 3층 301호 (상암동)",서울 마포구 상암동 2-192,CDFI2262212025000237,2025-06-09,영업/정상(영업중),37.5754173101996,126.896773071098,2
미 하우스,외국인관광도시민박업,"서울특별시 마포구 월드컵로5길 33-24, 1층 203호 (합정동)",서울 마포구 합정동 389-22,CDFI2262212025000243,2025-06-12,영업/정상(영업중),37.550593916971,126.910632803412,5
A Feel Good Stay,외국인관광도시민박업,"서울특별시 서대문구 신촌로3길 42, 지층 102호 (창천동)",서울 서대문구 창천동 260,CDFI2262212025000053,2025-05-29,영업/정상(영업중),37.5596430843887,126.92998907637,2
엘라 하우스(Ella House),외국인관광도시민박업,"서울특별시 서대문구 신촌로1안길 12, 102호 (창천동)",서울 서대문구 창천동 294,CDFI2262212025000054,2025-06-02,영업/정상(영업중),37.5599427380433,126.92965582003,2
나비잠,외국인관광도시민박업,"서울특별시 종로구 통일로12길 24-23, 201호 (행촌동)",서울 종로구 행촌동 210-662,CDFI2262212025000074,2025-06-13,영업/정상(영업중),37.5736378027296,126.961303185307,3
네스트 인 망원,외국인관광도시민박업,"서울특별시 마포구 성미산로3가길 9, B01호 (성산동)",서울 마포구 성산동 254-21,CDFI2262212024000028,2024-02-02,영업/정상(영업중),37.5596256654753,126.908593159077,3
송 서울,외국인관광도시민박업,"서울특별시 강서구 강서로18아길 26-18, 504호 (화곡동, 헤쎄드)",서울 강서구 화곡동 166-27,CDFI2262212025000026,2025-05-23,영업/정상(영업중),37.5358332448662,126.852318421692,4
신림 온기마루,외국인관광도시민박업,"서울특별시 관악구 서림3길 16, 경민하이빌 102호 (신림동)",서울 관악구 신림동 103-65,CDFI2262212025000009,2025-01-13,영업/정상(영업중),37.4733702306694,126.93949942235,2
담다 하우스(Damda House),외국인관광도시민박업,"서울특별시 서대문구 연희로2길 40, 201호 (창천동)",서울 서대문구 창천동 414,CDFI2262212025000055,2025-06-02,영업/정상(영업중),37.5600795208548,126.928030421719,5
휴하우스,외국인관광도시민박업,"서울특별시 강서구 까치산로18길 7-13, 203호 (화곡동, 제이스빌)",서울 강서구 화곡동 969-5,CDFI2262212025000027,2025-06-02,영업/정상(영업중),37.5479722859393,126.850080122898,2
하우스 팁 신촌,외국인관광도시민박업,"서울특별시 서대문구 연세로2라길 55, 301호 (창천동)",서울 서대문구 창천동 4-22,CDFI2262212025000052,2025-05-28,영업/정상(영업중),37.5582934052741,126.941251514838,9
코벤트 가든,외국인관광도시민박업,"서울특별시 용산구 청파로85길 56, 3층 (서계동)",서울 용산구 서계동 238-14,CDFI2262212024000032,2024-06-05,영업/정상(영업중),37.5527768376274,126.965932639938,2
Via SEOUL,외국인관광도시민박업,서울특별시 용산구 만리재로26가길 3 (객실:2개) 2층 201호 (서계동),서울 용산구 서계동 240-26,CDFI2262212019000033,2019-07-03,영업/정상(영업중),37.552510683618,126.964408149494,2
모스마라,외국인관광도시민박업,"서울특별시 용산구 청파로85길 56, 2층 (서계동)",서울 용산구 서계동 238-14,CDFI2262212024000031,2024-06-05,영업/정상(영업중),37.5527768376274,126.965932639938,2
서울하우스,외국인관광도시민박업,"서울특별시 용산구 한강대로72길 17-18, 우측 (객실:2개) (남영동)",서울 용산구 남영동 108-16,CDFI2262212019000038,2019-07-16,영업/정상(영업중),37.5414872549143,126.974199702075,2
제이 하우스,외국인관광도시민박업,"서울특별시 광진구 용마산로 6-7, 201호 (중곡동)",서울 광진구 중곡동 93-44,CDFI2262212025000038,2025-06-04,영업/정상(영업중),37.5543075143472,127.088949953549,7
유진하우스,외국인관광도시민박업,"서울특별시 광진구 용마산로 6-7, 401호 (중곡동)",서울 광진구 중곡동 93-44,CDFI2262212025000039,2025-06-04,영업/정상(영업중),37.5543075143472,127.088949953549,7
MJ HOUSE,외국인관광도시민박업,"서울특별시 관악구 신사로24길 12, 102호 (신림동)",서울 관악구 신림동 475-65,CDFI2262212025000018,2025-02-03,영업/정상(영업중),37.4887972433193,126.91802860961,2
MiMi stay,외국인관광도시민박업,"서울특별시 광진구 능동로13길 78-4, 102호 (화양동)",서울 광진구 화양동 16-31,CDFI2262212025000033,2025-05-20,영업/정상(영업중),37.5451263583085,127.06914006262,4
두두 하우스(DuDu House),외국인관광도시민박업,"서울특별시 서대문구 신촌로1길 42-16, 창성빌리지 지층 102호 (창천동)",서울 서대문구 창천동 321,CDFI2262212025000057,2025-06-17,영업/정상(영업중),37.5601967004732,126.929306306184,2
Happy salt stay,외국인관광도시민박업,"서울특별시 광진구 자양로22길 64, 101호 (구의동)",서울 광진구 구의동 242-7,CDFI2262212025000034,2025-05-29,영업/정상(영업중),37.5396850557343,127.086853571363,6
포레스트 하우스,외국인관광도시민박업,"서울특별시 구로구 개봉로11길 45-3, 201호 (개봉동, 고듬하우스)",서울 구로구 개봉동 352-24,CDFI2262212024000011,2024-10-02,영업/정상(영업중),37.4878163635553,126.853572996172,5
Maison242,외국인관광도시민박업,"서울특별시 광진구 자양로22길 64, 301호 (구의동)",서울 광진구 구의동 242-7,CDFI2262212025000032,2025-05-20,영업/정상(영업중),37.5396850557343,127.086853571363,6
밍글스,외국인관광도시민박업,"서울특별시 마포구 망원로2길 30, 201호 (망원동)",서울 마포구 망원동 407-5,CDFI2262212024000396,2024-11-19,영업/정상(영업중),37.5551959291184,126.901121007575,2
스튜디오 나인,외국인관광도시민박업,"서울특별시 마포구 성미산로 126-7, 201호 (연남동)",서울 마포구 연남동 509-10,CDFI2262212024000317,2024-10-11,영업/정상(영업중),37.562636182204,126.921244946052,3
마카롱스테이,외국인관광도시민박업,"서울특별시 마포구 망원로2길 30, 202호 (망원동)",서울 마포구 망원동 407-5,CDFI2262212024000401,2024-11-20,영업/정상(영업중),37.5551959291184,126.901121007575,2
선자하우스,외국인관광도시민박업,"서울특별시 마포구 서강로11길 36-5, 2층 (창전동)",서울 마포구 창전동 4-9,CDFI2262212025000042,2025-01-22,영업/정상(영업중),37.5542203996334,126.931624271577,3
Sparrow house(참새하우스),외국인관광도시민박업,"서울특별시 관악구 신림로48길 17-8, 302호 (신림동)",서울 관악구 신림동 91-48,CDFI2262212025000046,2025-05-28,영업/정상(영업중),37.4793654213177,126.933239966942,2
크레센도,외국인관광도시민박업,"서울특별시 종로구 종로63가길 59-1, 202호 (숭인동)",서울 종로구 숭인동 179-18,CDFI2262212025000067,2025-05-26,영업/정상(영업중),37.5767654147814,127.018740057452,2
"Haus, Komma",외국인관광도시민박업,"서울특별시 마포구 동교로8길 64, 3층 302호 (합정동, 더씨에스 한강뷰)",서울 마포구 합정동 461-4,CDFI2262212025000216,2025-05-13,영업/정상(영업중),37.5491590132043,126.905910945872,9
에밀리 메니지먼트,외국인관광도시민박업,"서울특별시 중구 퇴계로18길 67-6, 101호 (남산동2가)",서울 중구 남산동2가 45-1,CDFI2262212025000023,2025-05-26,영업/정상(영업중),37.5579362979724,126.984921298744,2
스테이 헤리티지 리버뷰,외국인관광도시민박업,"서울특별시 마포구 동교로8길 64, 5층 501호 (합정동, 더씨에스 한강뷰)",서울 마포구 합정동 461-4,CDFI2262212025000221,2025-05-13,영업/정상(영업중),37.5491590132043,126.905910945872,9
안식,외국인관광도시민박업,"서울특별시 중랑구 상봉중앙로1가길 9-6, 1층 (상봉동)",서울 중랑구 상봉동 190-93,CDFI2262212024000002,2024-05-23,영업/정상(영업중),37.5986040846743,127.087010905675,2
스테이 마루3 (Stay Maru3),외국인관광도시민박업,"서울특별시 서대문구 연세로2라길 55, 102호 (창천동)",서울 서대문구 창천동 4-22,CDFI2262212025000041,2025-05-13,영업/정상(영업중),37.5582934052741,126.941251514838,9
시크 스테이 합정,외국인관광도시민박업,"서울특별시 마포구 동교로8길 64, 2층 203호 (합정동, 더씨에스 한강뷰)",서울 마포구 합정동 461-4,CDFI2262212025000214,2025-05-13,영업/정상(영업중),37.5491590132043,126.905910945872,9
Anne stay,외국인관광도시민박업,"서울특별시 마포구 와우산로3안길 5, 2층 201호 (상수동, 석진하우징)",서울 마포구 상수동 334-18,CDFI2262212025000224,2025-05-15,영업/정상(영업중),37.5463275424411,126.922404678307,9
코지데이즈,외국인관광도시민박업,"서울특별시 마포구 와우산로29길 26, 우림빌딩 3층 303호 (서교동)",서울 마포구 서교동 328-18,CDFI2262212025000229,2025-05-20,영업/정상(영업중),37.5552687128652,126.928584503751,3
토비스 하우스,외국인관광도시민박업,"서울특별시 마포구 신촌로2안길 31-5, 2층 301호 (동교동)",서울 마포구 동교동 179-33,CDFI2262212025000225,2025-05-15,영업/정상(영업중),37.5572932609493,126.929044556595,5
루루스테이(Ruru-stay),외국인관광도시민박업,"서울특별시 중랑구 면목로49길 43, 디엔하임 301호 (면목동)",서울 중랑구 면목동 593-34,CDFI2262212025000002,2025-01-16,영업/정상(영업중),37.5827772137869,127.085966530804,2
Stay Saga,외국인관광도시민박업,"서울특별시 중랑구 면목로49길 43, 디엔하임 302호 (면목동)",서울 중랑구 면목동 593-34,CDFI2262212025000003,2025-01-16,영업/정상(영업중),37.5827772137869,127.085966530804,2
테라스테이(Tera stay),외국인관광도시민박업,"서울특별시 중랑구 상봉중앙로1가길 9-6, 201호 (상봉동)",서울 중랑구 상봉동 190-93,CDFI2262212024000006,2024-11-14,영업/정상(영업중),37.5986040846743,127.087010905675,2
하이드아웃,외국인관광도시민박업,"서울특별시 마포구 와우산로3안길 6, 1층 202호 (상수동)",서울 마포구 상수동 333-26,CDFI2262212024000416,2024-11-26,영업/정상(영업중),37.5464963616801,126.92249933123,3
시스앤브로 하우스,외국인관광도시민박업,"서울특별시 마포구 연남로1길 6-7, 1층 (연남동)",서울 마포구 연남동 566-62,CDFI2262212025000052,2025-01-22,영업/정상(영업중),37.5611188247683,126.922349274585,2
참새둥지 STAY,외국인관광도시민박업,"서울특별시 강동구 명일로18길 24, 4층 402호 (길동)",서울 강동구 길동 120,CDFI2262212024000035,2024-10-23,영업/정상(영업중),37.5380363472207,127.147627199839,2
미고스테이,외국인관광도시민박업,"서울특별시 마포구 와우산로3안길 5, 302호 (상수동, 석진하우징)",서울 마포구 상수동 334-18,CDFI2262212024000433,2024-11-27,영업/정상(영업중),37.5463275424411,126.922404678307,9
RS Stay,외국인관광도시민박업,"서울특별시 마포구 와우산로3안길 5, 402호 (상수동, 석진하우징)",서울 마포구 상수동 334-18,CDFI2262212024000425,2024-11-26,영업/정상(영업중),37.5463275424411,126.922404678307,9
와이지하우스,외국인관광도시민박업,"서울특별시 마포구 동교로8길 64, 4층 401호 (합정동, 더씨에스 한강뷰)",서울 마포구 합정동 461-4,CDFI2262212025000219,2025-05-13,영업/정상(영업중),37.5491590132043,126.905910945872,9
Ella House,외국인관광도시민박업,"서울특별시 마포구 와우산로3안길 7, 302호 (상수동, 석진하우징)",서울 마포구 상수동 334-11,CDFI2262212024000419,2024-11-26,영업/정상(영업중),37.5463911393995,126.922247094168,7
STAY BO,외국인관광도시민박업,"서울특별시 마포구 와우산로3안길 7, 401호 (상수동, 석진하우징)",서울 마포구 상수동 334-11,CDFI2262212024000418,2024-11-26,영업/정상(영업중),37.5463911393995,126.922247094168,7
스테이 휴가 리버뷰,외국인관광도시민박업,"서울특별시 마포구 동교로8길 64, 4층 402호 (합정동, 더씨에스 한강뷰)",서울 마포구 합정동 461-4,CDFI2262212025000220,2025-05-13,영업/정상(영업중),37.5491590132043,126.905910945872,9
Luna Rest 302호,외국인관광도시민박업,"서울특별시 서대문구 연세로2라길 55, 302호 (창천동)",서울 서대문구 창천동 4-22,CDFI2262212025000044,2025-05-13,영업/정상(영업중),37.5582934052741,126.941251514838,9
챗 스테이,외국인관광도시민박업,"서울특별시 마포구 동교로8길 64, 3층 303호 (합정동, 더씨에스 한강뷰)",서울 마포구 합정동 461-4,CDFI2262212025000217,2025-05-13,영업/정상(영업중),37.5491590132043,126.905910945872,9
Luna Rest 202호,외국인관광도시민박업,"서울특별시 서대문구 연세로2라길 55, 202호 (창천동)",서울 서대문구 창천동 4-22,CDFI2262212025000043,2025-05-13,영업/정상(영업중),37.5582934052741,126.941251514838,9
홍대게스트하우스 마마스앤파파스,외국인관광도시민박업,"[121895] 서울특별시 마포구 어울마당로 47, 5층 (서교동)",서울 마포구 서교동 403-16,CDFI2262212013000020,2013-06-12,영업/정상(영업중),37.5494642492429,126.92059815387,2
잠실 코코네,외국인관광도시민박업,"서울특별시 송파구 백제고분로50길 42-9, 2층 301호 (방이동)",서울 송파구 방이동 159-11,CDFI2262212025000013,2025-03-07,영업/정상(영업중),37.5123997279126,127.119116393446,2
스테이 마루2,외국인관광도시민박업,"서울특별시 서대문구 연세로2라길 55, 101호 (창천동)",서울 서대문구 창천동 4-22,CDFI2262212025000042,2025-05-13,영업/정상(영업중),37.5582934052741,126.941251514838,9
수풀림,외국인관광도시민박업,"서울특별시 송파구 석촌호수로12길 49-1, 302호 (잠실동)",서울 송파구 잠실동 221-4,CDFI2262212025000027,2025-05-13,영업/정상(영업중),37.508234035157,127.080900187109,2
룰루 하우스,외국인관광도시민박업,"서울특별시 송파구 석촌호수로18길 23-6, 2층 202호 (석촌동)",서울 송파구 석촌동 150-10,CDFI2262212025000016,2025-03-26,영업/정상(영업중),37.5048521803036,127.101996008921,2
느루재,외국인관광도시민박업,"서울특별시 송파구 중대로33길 12, 401호 (오금동, 메트로 빌)",서울 송파구 오금동 38-8,CDFI2262212025000028,2025-05-13,영업/정상(영업중),37.506185530349,127.130434276936,2
Leo BnB,외국인관광도시민박업,"서울특별시 송파구 삼학사로11길 21, 103호 (삼전동)",서울 송파구 삼전동 163-9,CDFI2262212025000020,2025-04-17,영업/정상(영업중),37.5015762837484,127.094323352589,2
Page1 Stay,외국인관광도시민박업,"서울특별시 송파구 가락로21길 62, 1층 203호 (송파동)",서울 송파구 송파동 117-32,CDFI2262212025000021,2025-04-24,영업/정상(영업중),37.5068170505323,127.111989018325,2
YG Stay House,외국인관광도시민박업,"서울특별시 마포구 동교로8길 64, 2층 202호 (합정동, 더씨에스 한강뷰)",서울 마포구 합정동 461-4,CDFI2262212025000213,2025-05-13,영업/정상(영업중),37.5491590132043,126.905910945872,9
에이비씨 스테이,외국인관광도시민박업,"서울특별시 구로구 개봉로11길 45-3, 302호 (개봉동, 고듬하우스)",서울 구로구 개봉동 352-24,CDFI2262212025000012,2025-05-15,영업/정상(영업중),37.4878163635553,126.853572996172,5
헬로 혜화,외국인관광도시민박업,"서울특별시 종로구 창경궁로33길 11, 402호 (명륜2가)",서울 종로구 명륜2가 160-3,CDFI2262212025000062,2025-05-14,영업/정상(영업중),37.5842846096871,126.998946629027,3
스튜디오 나인,외국인관광도시민박업,"서울특별시 종로구 낙산3길 27-1, 2층 202호 (동숭동)",서울 종로구 동숭동 201-20,CDFI2262212024000046,2024-09-02,영업/정상(영업중),37.5793033870034,127.006414674286,2
Okja House,외국인관광도시민박업,"서울특별시 서대문구 신촌로11길 25-29, 202호 (창천동)",서울 서대문구 창천동 67-19,CDFI2262212025000047,2025-05-15,영업/정상(영업중),37.5582124351846,126.933015423694,2
J스테이,외국인관광도시민박업,"서울특별시 종로구 성균관로 62-11, 101호 (명륜1가)",서울 종로구 명륜1가 16-11,CDFI2262212025000063,2025-05-14,영업/정상(영업중),37.5881423639529,126.997255931164,2
스테이 온정,외국인관광도시민박업,"서울특별시 송파구 백제고분로34길 3-47, 101호 (석촌동)",서울 송파구 석촌동 237-3,CDFI2262212025000030,2025-05-19,영업/정상(영업중),37.5010092366216,127.10017781794,6
동우 아트빌,외국인관광도시민박업,"서울특별시 서대문구 신촌로1길 48, 201호 (창천동, 동우아트빌)",서울 서대문구 창천동 341,CDFI2262212025000046,2025-05-15,영업/정상(영업중),37.5597616322869,126.928894742543,2
오다 하우스,외국인관광도시민박업,"서울특별시 송파구 위례성대로2길 40-1, B01호 (방이동)",서울 송파구 방이동 99-2,CDFI2262212025000022,2025-04-28,영업/정상(영업중),37.5137113613756,127.11169550492,5
Young Stay,외국인관광도시민박업,"서울특별시 송파구 삼학사로6길 24, 번영주택 201호 (석촌동)",서울 송파구 석촌동 228-10,CDFI2262212025000026,2025-05-12,영업/정상(영업중),37.4997101733557,127.099423248042,6
핑크룸(PINKROOM),외국인관광도시민박업,"서울특별시 강북구 인수봉로6길 9-2, 401호 (미아동, 시우파크빌라)",서울 강북구 미아동 791-3489,CDFI2262212024000002,2024-06-07,영업/정상(영업중),37.6222433827241,127.013437305758,7
logout songpa,외국인관광도시민박업,"서울특별시 송파구 삼학사로6길 24, 번영주택 301호 (석촌동)",서울 송파구 석촌동 228-10,CDFI2262212025000025,2025-05-12,영업/정상(영업중),37.4997101733557,127.099423248042,6
컴포트화계게스트하우스,외국인관광도시민박업,"서울특별시 강북구 도봉로73길 43, 1202호 (수유동)",서울 강북구 수유동 90-2,CDFI2262212025000003,2025-02-04,영업/정상(영업중),37.6334226389303,127.022374619693,2
제이에스하우스,외국인관광도시민박업,"[122-882] 서울특별시 은평구 증산로 439-3, 201호 (신사동)",서울 은평구 신사동 34-4,CDFI2262212015000003,2015-06-03,영업/정상(영업중),37.5954153932439,126.914228075153,3
엠마의 집,외국인관광도시민박업,"서울특별시 은평구 연서로24길 7, 2층 (대조동)",서울 은평구 대조동 200-18,CDFI2262212014000001,2014-01-15,영업/정상(영업중),37.6162032944161,126.919730758592,2
Memory of MAPO,외국인관광도시민박업,"서울특별시 마포구 월드컵북로 328-13, B01호 (상암동)",서울 마포구 상암동 33-15,CDFI2262212025000024,2025-01-13,영업/정상(영업중),37.5761236820025,126.895433564879,2
유스 하우스(yoo's house),외국인관광도시민박업,"서울특별시 관악구 신사로10길 6-12, 101호 (신림동)",서울 관악구 신림동 517-10,CDFI2262212024000043,2024-05-17,영업/정상(영업중),37.486980227408,126.913913265465,3
좋다스테이,외국인관광도시민박업,"서울특별시 관악구 관천로26길 35, 지하1층 3호 (신림동)",서울 관악구 신림동 1445-10,CDFI2262212024000081,2024-08-08,영업/정상(영업중),37.4895052326219,126.922948806412,2
Belonia,외국인관광도시민박업,"서울특별시 서대문구 신촌로11길 11-7, 704호 (창천동)",서울 서대문구 창천동 112-19,CDFI2262212025000048,2025-05-22,영업/정상(영업중),37.5572172343954,126.932454169288,8
브로디 리얼에스테이트 메니지먼트,외국인관광도시민박업,"서울특별시 중구 퇴계로18길 67-6, 301호 (남산동2가)",서울 중구 남산동2가 45-1,CDFI2262212025000024,2025-05-26,영업/정상(영업중),37.5579362979724,126.984921298744,2
라온403,외국인관광도시민박업,"서울특별시 용산구 청파로85가길 10-4, A동 403호 (서계동)",서울 용산구 서계동 33-56,CDFI2262212023000062,2023-08-25,영업/정상(영업중),37.5523855377732,126.967874114342,31
#303 아이비하우스,외국인관광도시민박업,"서울특별시 마포구 양화로8길 36, 303호 (서교동)",서울 마포구 서교동 394-11,CDFI2262212024000472,2024-12-20,영업/정상(영업중),37.5491654574347,126.916518462073,2
Seoul Roaming House,외국인관광도시민박업,"서울특별시 성북구 보국문로24길 19, 502호 (정릉동, 칸트하우스)",서울 성북구 정릉동 252-124,CDFI2262212025000016,2025-03-20,영업/정상(영업중),37.6132249531349,127.00846579631,7
FREESIA (프리지아),외국인관광도시민박업,"서울특별시 양천구 은행정로3길 3-1, 401호 (신정동)",서울 양천구 신정동 1024-14,CDFI2262212025000018,2025-04-10,영업/정상(영업중),37.5208239571313,126.859362073751,2
유즈얼 스테이102,외국인관광도시민박업,"서울특별시 성북구 종암로14길 12-11, B102호 (종암동)",서울 성북구 종암동 10-43,CDFI2262212025000017,2025-03-25,영업/정상(영업중),37.5967244861788,127.036438162276,2
IEUM STAY(이음채),외국인관광도시민박업,"서울특별시 성북구 종암로 126-5, 201호 (종암동)",서울 성북구 종암동 3-595,CDFI2262212025000018,2025-04-14,영업/정상(영업중),37.6015571197713,127.033749295326,2
쁘띠 두두,외국인관광도시민박업,"서울특별시 성북구 보국문로24길 19, 401호 (정릉동, 칸트하우스)",서울 성북구 정릉동 252-124,CDFI2262212025000008,2025-02-18,영업/정상(영업중),37.6132249531349,127.00846579631,7
거북이집(Turtle stay),외국인관광도시민박업,"서울특별시 종로구 성균관로14길 6, 2층 201호 (명륜1가)",서울 종로구 명륜1가 27-16,CDFI2262212025000068,2025-06-02,영업/정상(영업중),37.5892024792722,126.997598735877,2
Stay 207,외국인관광도시민박업,"서울특별시 마포구 잔다리로6길 34, 昌元빌딩 4층 402호 (서교동)",서울 마포구 서교동 366-10,CDFI2262212025000235,2025-06-05,영업/정상(영업중),37.5522020102221,126.92098330401,2
Choi's Stay HongDae,외국인관광도시민박업,"서울특별시 마포구 성미산로 68-4, 201호 (성산동)",서울 마포구 성산동 239-17,CDFI2262212024000274,2024-09-20,영업/정상(영업중),37.5595122840661,126.915562323595,4
Yun's healing stay,외국인관광도시민박업,"서울특별시 마포구 동교로8길 64, 3층 304호 (합정동, 더씨에스 한강뷰)",서울 마포구 합정동 461-4,CDFI2262212025000218,2025-05-13,영업/정상(영업중),37.5491590132043,126.905910945872,9
MH Urban Stay,외국인관광도시민박업,"서울특별시 마포구 성미산로 68-4, 301호 (성산동)",서울 마포구 성산동 239-17,CDFI2262212024000273,2024-09-13,영업/정상(영업중),37.5595122840661,126.915562323595,4
나무스테이,외국인관광도시민박업,"서울특별시 관악구 신사로10길 6-12, 102호 (신림동)",서울 관악구 신림동 517-10,CDFI2262212024000106,2024-09-12,영업/정상(영업중),37.486980227408,126.913913265465,3
스테이 하나,외국인관광도시민박업,"서울특별시 관악구 조원로2길 82, B101호 (신림동)",서울 관악구 신림동 1666-40,CDFI2262212024000105,2024-09-10,영업/정상(영업중),37.4803845782155,126.900386757616,3
스텔라홈스테이,외국인관광도시민박업,"서울특별시 관악구 관악로 117, 1001호 (봉천동, 닷컴오뜨빌아파트)",서울 관악구 봉천동 1592-17,CDFI2262212016000003,2016-03-13,영업/정상(영업중),37.4755466706733,126.952414849213,2
하루스테이,외국인관광도시민박업,"서울특별시 관악구 호암로22길 52, 302호 (신림동)",서울 관악구 신림동 1546-2,CDFI2262212024000112,2024-09-27,영업/정상(영업중),37.4686183090008,126.935592327281,3
사당 원목과초록,외국인관광도시민박업,"서울특별시 관악구 남부순환로260길 31, 301호 (남현동)",서울 관악구 남현동 1071-27,CDFI2262212024000120,2024-10-21,영업/정상(영업중),37.4746694868639,126.972737305548,2
휴(休) 스테이,외국인관광도시민박업,"서울특별시 관악구 신림로58가길 23-8, B01호 (신림동)",서울 관악구 신림동 87-8,CDFI2262212024000020,2024-04-04,영업/정상(영업중),37.4820696126208,126.931808224014,2
Ro-un house,외국인관광도시민박업,"서울특별시 관악구 행운6길 16-3, B03호 (봉천동)",서울 관악구 봉천동 100-316,CDFI2262212024000019,2024-04-03,영업/정상(영업중),37.480631136415,126.960690361023,2
쉼표2 comma2,외국인관광도시민박업,"서울특별시 관악구 남부순환로161길 55, B02호 (신림동)",서울 관악구 신림동 490-2,CDFI2262212022000004,2022-12-09,영업/정상(영업중),37.4848484073753,126.919222499398,2
풀문스테이 서울대,외국인관광도시민박업,"서울특별시 관악구 호암로26길 74, 3층 (신림동)",서울 관악구 신림동 1517-28,CDFI2262212024000051,2024-06-04,영업/정상(영업중),37.470078148707,126.937649615295,3
"허그스테이,봉천",외국인관광도시민박업,"서울특별시 관악구 당곡2길 29-1, 201호 (봉천동)",서울 관악구 봉천동 711-91,CDFI2262212024000028,2024-04-23,영업/정상(영업중),37.4911870804588,126.930243779964,4
빌라이트101,외국인관광도시민박업,"서울특별시 관악구 관천로18길 36-2, 101호 (신림동)",서울 관악구 신림동 1455-23,CDFI2262212024000177,2024-12-27,영업/정상(영업중),37.4876333777236,126.925031686771,2
신림당,외국인관광도시민박업,"서울특별시 관악구 신사로24길 12, 101호 (신림동)",서울 관악구 신림동 475-65,CDFI2262212024000181,2024-12-30,영업/정상(영업중),37.4887972433193,126.91802860961,2
Ssuk stay Seoul,외국인관광도시민박업,"서울특별시 관악구 양녕로1가길 24, 201호 (봉천동)",서울 관악구 봉천동 910-17,CDFI2262212024000065,2024-07-10,영업/정상(영업중),37.4844817641747,126.94624402138,2
Stay J,외국인관광도시민박업,"서울특별시 관악구 남부순환로247길 82, 지하1층 B02호 (봉천동)",서울 관악구 봉천동 1690-54,CDFI2262212024000180,2024-12-30,영업/정상(영업중),37.4788159812383,126.964744768986,2
쉼표 comma,외국인관광도시민박업,"서울특별시 관악구 남부순환로161길 55, B01호 (신림동)",서울 관악구 신림동 490-2,CDFI2262212022000002,2022-11-15,영업/정상(영업중),37.4848484073753,126.919222499398,2
스테이 휴,외국인관광도시민박업,"서울특별시 관악구 양녕로1가길 24, 3층 401호 (봉천동)",서울 관악구 봉천동 910-17,CDFI2262212024000058,2024-06-19,영업/정상(영업중),37.4844817641747,126.94624402138,2
도토리창꼬,외국인관광도시민박업,"서울특별시 관악구 서림길 99-5, 402호 (신림동)",서울 관악구 신림동 103-106,CDFI2262212024000050,2024-06-03,영업/정상(영업중),37.4721312000201,126.93975116062,2
레몬트리,외국인관광도시민박업,"서울특별시 관악구 조원로2길 82, b01호 (신림동)",서울 관악구 신림동 1666-40,CDFI2262212024000067,2024-07-15,영업/정상(영업중),37.4803845782155,126.900386757616,3
CHU Stay,외국인관광도시민박업,"서울특별시 관악구 국회단지2길 28, B01호 (봉천동)",서울 관악구 봉천동 937-4,CDFI2262212024000071,2024-07-18,영업/정상(영업중),37.4865437739724,126.941064082139,3
maruhouse,외국인관광도시민박업,"서울특별시 관악구 신림로23길 34, 3층 302호 (신림동)",서울 관악구 신림동 1533-3,CDFI2262212024000068,2024-07-16,영업/정상(영업중),37.4695375367158,126.934638015039,2
환희하우스,외국인관광도시민박업,"서울특별시 관악구 국회단지2길 28, 202호 (봉천동)",서울 관악구 봉천동 937-4,CDFI2262212024000011,2024-02-26,영업/정상(영업중),37.4865437739724,126.941064082139,3
stay-in,외국인관광도시민박업,"서울특별시 관악구 행운6길 16-3, B02호 (봉천동)",서울 관악구 봉천동 100-316,CDFI2262212024000015,2024-03-20,영업/정상(영업중),37.480631136415,126.960690361023,2
휴(休)스테이2호점,외국인관광도시민박업,"서울특별시 관악구 신림로58가길 23-8, 신림동 지하1층 b02호 (신림동)",서울 관악구 신림동 87-8,CDFI2262212024000063,2024-07-05,영업/정상(영업중),37.4820696126208,126.931808224014,2
soonsim stay(순심스테이),외국인관광도시민박업,"서울특별시 관악구 당곡2길 29-1, 103호 (봉천동)",서울 관악구 봉천동 711-91,CDFI2262212024000130,2024-11-12,영업/정상(영업중),37.4911870804588,126.930243779964,4
해피 게스트 하우스(Happy Guest House),외국인관광도시민박업,"서울특별시 관악구 호암로22길 52, 401호 (신림동)",서울 관악구 신림동 1546-2,CDFI2262212024000096,2024-08-30,영업/정상(영업중),37.4686183090008,126.935592327281,3
봉천동바이브,외국인관광도시민박업,"서울특별시 관악구 관악로14가길 55-3, 101호 (봉천동)",서울 관악구 봉천동 1617-23,CDFI2262212024000153,2024-12-05,영업/정상(영업중),37.4760403652024,126.955501122818,2
Anna stay,외국인관광도시민박업,"서울특별시 관악구 쑥고개로1나길 19, 202호 (신림동)",서울 관악구 신림동 94-169,CDFI2262212024000042,2024-05-17,영업/정상(영업중),37.4781164611168,126.93738878613,3
스테이 원,외국인관광도시민박업,"서울특별시 관악구 문성로36길 28, B02호 (신림동)",서울 관악구 신림동 1632-39,CDFI2262212024000160,2024-12-12,영업/정상(영업중),37.4779290775096,126.929592238537,3
앳홈(athome),외국인관광도시민박업,"서울특별시 관악구 신사로10길 6-12, 지하1호 (신림동)",서울 관악구 신림동 517-10,CDFI2262212023000001,2023-01-04,영업/정상(영업중),37.486980227408,126.913913265465,3
퍼플하우스,외국인관광도시민박업,"서울특별시 관악구 신림로29길 4-18, 1층 (신림동)",서울 관악구 신림동 407-12,CDFI2262212023000017,2023-12-05,영업/정상(영업중),37.4751711368587,126.935850681194,2
어느멋진날,외국인관광도시민박업,"서울특별시 관악구 신사로10길 21, 101호 (신림동)",서울 관악구 신림동 500-20,CDFI2262212024000038,2024-05-10,영업/정상(영업중),37.486680010846,126.915032432727,2
라온 게스트하우스,외국인관광도시민박업,서울특별시 광진구 구의로3길 19 (구의동),서울 광진구 구의동 241-65,CDFI2262212023000002,2023-02-02,영업/정상(영업중),37.5402544227337,127.087429827667,2
지니 스테이,외국인관광도시민박업,"서울특별시 관악구 인헌19길 3, 201호 (봉천동)",서울 관악구 봉천동 180-151,CDFI2262212024000039,2024-05-16,영업/정상(영업중),37.4703129070866,126.96834144209,3
Konkuk univ cozy house,외국인관광도시민박업,"서울특별시 광진구 아차산로26길 17-6, 202호 (자양동, 트윈빌)",서울 광진구 자양동 10-44,CDFI2262212019000003,2019-07-30,영업/정상(영업중),37.540284136665,127.066277411627,2
아늑공간Ⅲ,외국인관광도시민박업,"서울특별시 광진구 자양로44나길 17, 4층 401호 (구의동, 솔라빌리지)",서울 광진구 구의동 45-19,CDFI2262212022000001,2022-04-21,영업/정상(영업중),37.5504969276423,127.094624991833,2
릴릴레지던스 1,외국인관광도시민박업,서울특별시 광진구 용마산로 6-10 (중곡동),서울 광진구 중곡동 93-36,CDFI2262212021000002,2021-08-31,영업/정상(영업중),37.5541909167157,127.089200150155,2
아늑공간,외국인관광도시민박업,"서울특별시 광진구 자양로44나길 17, 지층 (구의동, 솔라빌리지)",서울 광진구 구의동 45-19,CDFI2262212019000001,2019-01-21,영업/정상(영업중),37.5504969276423,127.094624991833,2
Joyful Stay,외국인관광도시민박업,"서울특별시 관악구 신림로30길 17-8, 203호 (신림동)",서울 관악구 신림동 108-20,CDFI2262212024000150,2024-12-04,영업/정상(영업중),37.4730234128272,126.936041534623,4
릴릴레지던스 2,외국인관광도시민박업,서울특별시 광진구 용마산로 6-10 (중곡동),서울 광진구 중곡동 93-36,CDFI2262212021000003,2021-08-31,영업/정상(영업중),37.5541909167157,127.089200150155,2
Dear You Stay,외국인관광도시민박업,"서울특별시 마포구 월드컵북로12길 82, 2층 202호 (성산동)",서울 마포구 성산동 21-16,CDFI2262212025000210,2025-05-09,영업/정상(영업중),37.5647103400384,126.915223799364,2
Savory Stay,외국인관광도시민박업,"서울특별시 광진구 아차산로22길 38, B02호 (자양동)",서울 광진구 자양동 24-25,CDFI2262212024000009,2024-03-29,영업/정상(영업중),37.540273830663,127.063721221778,4
디어 스테이 (Dear Stay),외국인관광도시민박업,"서울특별시 서대문구 경기대로1길 10, 1층 (충정로3가)",서울 서대문구 충정로3가 31-36,CDFI2262212025000039,2025-05-08,영업/정상(영업중),37.5613247935459,126.961299368112,2
써니 스테이,외국인관광도시민박업,"서울특별시 광진구 자양로22길 64, 지층 (구의동)",서울 광진구 구의동 242-7,CDFI2262212024000061,2024-12-30,영업/정상(영업중),37.5396850557343,127.086853571363,6
스테이 청연 (Stay Cheong Yeon),외국인관광도시민박업,"서울특별시 서대문구 신촌로11길 11-7, 804호 (창천동)",서울 서대문구 창천동 112-19,CDFI2262212025000038,2025-05-08,영업/정상(영업중),37.5572172343954,126.932454169288,8
더 루나 스테이 (The Luna Stay),외국인관광도시민박업,"서울특별시 서대문구 경기대로1길 10, 2층 (충정로3가)",서울 서대문구 충정로3가 31-36,CDFI2262212025000040,2025-05-08,영업/정상(영업중),37.5613247935459,126.961299368112,2
쌍떼하우스,외국인관광도시민박업,"서울특별시 마포구 월드컵로20길 59-3, 2층 (서교동)",서울 마포구 서교동 247-156,CDFI2262212023000026,2023-04-05,영업/정상(영업중),37.5582601768886,126.91223756063,2
어반포즈,외국인관광도시민박업,"서울특별시 강동구 올림픽로62길 9-14, 7층 702호 (성내동)",서울 강동구 성내동 81-1,CDFI2262212025000002,2025-01-06,영업/정상(영업중),37.5369625268254,127.123801201293,14
율 스테이,외국인관광도시민박업,"서울특별시 강동구 천호대로200길 22, 지하층 지하1호 (둔촌동)",서울 강동구 둔촌동 602-5,CDFI2262212025000040,2025-05-07,영업/정상(영업중),37.5358825809103,127.149288881669,5
보이드군자,외국인관광도시민박업,"서울특별시 광진구 긴고랑로26길 25-15, 보이드 군자 201호 (중곡동, 보이드 군자)",서울 광진구 중곡동 150-252,CDFI2262212024000021,2024-06-14,영업/정상(영업중),37.5593531167648,127.085385938769,6
JJ스테이,외국인관광도시민박업,"서울특별시 광진구 자양로41길 7-6, 202호 (구의동)",서울 광진구 구의동 78-45,CDFI2262212024000027,2024-07-11,영업/정상(영업중),37.5497342136436,127.089566584803,2
아늑건대하우스,외국인관광도시민박업,"서울특별시 광진구 아차산로26길 17-6, 302호 (자양동, 트윈빌)",서울 광진구 자양동 10-44,CDFI2262212024000035,2024-09-04,영업/정상(영업중),37.540284136665,127.066277411627,2
모나크(MONARCH),외국인관광도시민박업,"서울특별시 광진구 뚝섬로51길 38-8, b01호 (자양동)",서울 광진구 자양동 623-41,CDFI2262212024000025,2024-07-05,영업/정상(영업중),37.533760119786,127.080830111818,4
Seoul's Fresh Rental House2,외국인관광도시민박업,"서울특별시 구로구 구로동로47길 7, 301호 (구로동)",서울 구로구 구로동 476-65,CDFI2262212024000018,2024-12-20,영업/정상(영업중),37.4978993570905,126.882001318958,2
휴스테이 개봉,외국인관광도시민박업,"서울특별시 구로구 개봉로11길 45-3, 301호 (개봉동, 고듬하우스)",서울 구로구 개봉동 352-24,CDFI2262212025000009,2025-04-18,영업/정상(영업중),37.4878163635553,126.853572996172,5
능동스테이,외국인관광도시민박업,"서울특별시 광진구 능동로32길 130-8, 3층 (능동)",서울 광진구 능동 250-18,CDFI2262212024000038,2024-09-09,영업/정상(영업중),37.5524831365702,127.084963789331,2
봉봉스테이,외국인관광도시민박업,"서울특별시 구로구 개봉로17나길 61-21, 501호 (개봉동)",서울 구로구 개봉동 320-12,CDFI2262212024000019,2024-12-26,영업/정상(영업중),37.4924519589091,126.852130342386,3
스테이 남현,외국인관광도시민박업,"서울특별시 관악구 남부순환로260길 31, 302호 (남현동)",서울 관악구 남현동 1071-27,CDFI2262212025000022,2025-02-07,영업/정상(영업중),37.4746694868639,126.972737305548,2
DDo stay,외국인관광도시민박업,"서울특별시 관악구 은천로9길 14, 402호 (봉천동)",서울 관악구 봉천동 938-1,CDFI2262212024000148,2024-12-02,영업/정상(영업중),37.4867629601055,126.940825559131,3
stay dudu,외국인관광도시민박업,"서울특별시 관악구 봉천로6길 55, 202호 (신림동)",서울 관악구 신림동 1439-22,CDFI2262212024000046,2024-05-28,영업/정상(영업중),37.4873231815347,126.926065574046,3
G9 Stay,외국인관광도시민박업,"서울특별시 구로구 구로동로7길 83, 304호 (가리봉동, 그린파크)",서울 구로구 가리봉동 2-172,CDFI2262212025000007,2025-03-18,영업/정상(영업중),37.4860242040422,126.882209162483,2
Stay pray,외국인관광도시민박업,"서울특별시 관악구 봉천로21라길 29, 지하1층 (봉천동)",서울 관악구 봉천동 661-26,CDFI2262212025000019,2025-02-04,영업/정상(영업중),37.4884353010968,126.933025200337,2
Moon stay,외국인관광도시민박업,"서울특별시 관악구 신림로58가길 61-5, 202호 (신림동)",서울 관악구 신림동 87-64,CDFI2262212024000173,2024-12-24,영업/정상(영업중),37.481422265291,126.933117274164,2
with Alpaca,외국인관광도시민박업,"서울특별시 관악구 봉천로21라길 29, 1층 (봉천동)",서울 관악구 봉천동 661-26,CDFI2262212025000031,2025-03-12,영업/정상(영업중),37.4884353010968,126.933025200337,2
별을 담다,외국인관광도시민박업,"서울특별시 관악구 국회단지2길 28, 101호 (봉천동)",서울 관악구 봉천동 937-4,CDFI2262212025000032,2025-03-17,영업/정상(영업중),37.4865437739724,126.941064082139,3
코지시에나,외국인관광도시민박업,"서울특별시 관악구 쑥고개로 86, 조광빌딩 403호 (봉천동)",서울 관악구 봉천동 1575-1,CDFI2262212025000028,2025-02-28,영업/정상(영업중),37.4791573451475,126.946051566679,4
스테이숨,외국인관광도시민박업,"서울특별시 관악구 남부순환로180길 39, 302호 (신림동)",서울 관악구 신림동 75-55,CDFI2262212025000041,2025-04-18,영업/정상(영업중),37.4827623778323,126.931306496477,4
스테이 한칸,외국인관광도시민박업,"서울특별시 구로구 구로동로7길 83, 303호 (가리봉동, 그린파크)",서울 구로구 가리봉동 2-172,CDFI2262212025000003,2025-02-07,영업/정상(영업중),37.4860242040422,126.882209162483,2
포켓스테이,외국인관광도시민박업,"서울특별시 강동구 양재대로91나길 74-1, 지하층 2호 (성내동)",서울 강동구 성내동 436-17,CDFI2262212025000039,2025-05-07,영업/정상(영업중),37.5255819773868,127.130911162855,2
온하우스,외국인관광도시민박업,"서울특별시 관악구 관악로14가길 80, B02호 (봉천동)",서울 관악구 봉천동 1616-17,CDFI2262212025000007,2025-01-09,영업/정상(영업중),37.4750473384863,126.954726853151,2
보타닉 바이브(Botanic Vibe),외국인관광도시민박업,"서울특별시 관악구 신림동5나길 7, 202호 (신림동)",서울 관악구 신림동 1435-10,CDFI2262212025000035,2025-03-21,영업/정상(영업중),37.4856776041048,126.927118615109,2
슬로우 개봉,외국인관광도시민박업,"서울특별시 구로구 개봉로11길 45-3, 601호 (개봉동, 고듬하우스)",서울 구로구 개봉동 352-24,CDFI2262212025000004,2025-02-12,영업/정상(영업중),37.4878163635553,126.853572996172,5
쥬아(juin),외국인관광도시민박업,"서울특별시 구로구 구로동로47길 10-8, 102호 (구로동)",서울 구로구 구로동 496-107,CDFI2262212023000002,2023-08-01,영업/정상(영업중),37.4983903438579,126.881849688153,2
레드레터데이,외국인관광도시민박업,"서울특별시 성동구 왕십리로33길 14, 1층 101호 (하왕십리동)",서울 성동구 하왕십리동 888-87,CDFI2262212024000046,2024-10-15,영업/정상(영업중),37.5636992648661,127.026722271281,2
성수하임,외국인관광도시민박업,"서울특별시 성동구 연무장1길 8-13, 지하층 101호 (성수동2가)",서울 성동구 성수동2가 301-27,CDFI2262212024000063,2024-11-18,영업/정상(영업중),37.5444511357723,127.050701230813,2
cozy house,외국인관광도시민박업,"서울특별시 성동구 성덕정3가길 17, 2층 (성수동1가)",서울 성동구 성수동1가 76-3,CDFI2262212024000053,2024-10-23,영업/정상(영업중),37.539623917461,127.048612844403,2
Elegance House,외국인관광도시민박업,"서울특별시 마포구 월드컵로3길 75, B동 1층 102호 (합정동, 평안주택)",서울 마포구 합정동 396-16,CDFI2262212025000186,2025-04-09,영업/정상(영업중),37.5490381247306,126.909282468681,2
노엘의 휴일,외국인관광도시민박업,"서울특별시 성동구 고산자로 179, 4층 (행당동)",서울 성동구 행당동 322-175,CDFI2262212024000009,2024-04-22,영업/정상(영업중),37.5561725577919,127.033929022256,2
노아 게스트하우스,외국인관광도시민박업,"서울특별시 마포구 동교로41길 12, 지층 B01호 (연남동)",서울 마포구 연남동 229-47,CDFI2262212025000185,2025-04-09,영업/정상(영업중),37.5629779139299,126.924109291658,6
Jenny House #3,외국인관광도시민박업,"서울특별시 마포구 신촌로4길 5-11, B02호 (동교동, 한인빌리지)",서울 마포구 동교동 179-22,CDFI2262212025000171,2025-03-24,영업/정상(영업중),37.5574477660515,126.929168111854,2
다호미 스테이,외국인관광도시민박업,"서울특별시 성동구 고산자로 179, 3층 (행당동)",서울 성동구 행당동 322-175,CDFI2262212024000010,2024-04-22,영업/정상(영업중),37.5561725577919,127.033929022256,2
Sun Stay,외국인관광도시민박업,"서울특별시 마포구 와우산로33길 49, B01호 (서교동)",서울 마포구 서교동 328-1,CDFI2262212025000169,2025-03-21,영업/정상(영업중),37.5560900003152,126.927889848305,4
아늑한 집(꼬모도까사),외국인관광도시민박업,"서울특별시 광진구 능동로13길 78-4, 202호 (화양동)",서울 광진구 화양동 16-31,CDFI2262212024000022,2024-06-17,영업/정상(영업중),37.5451263583085,127.06914006262,4
ZeZe House,외국인관광도시민박업,"서울특별시 광진구 자양번영로11길 15-3, B01호 (자양동)",서울 광진구 자양동 227-155,CDFI2262212024000048,2024-11-25,영업/정상(영업중),37.5369320539001,127.075862607886,2
휴스테이,외국인관광도시민박업,"서울특별시 광진구 자양번영로11길 15-3, B02호 (자양동)",서울 광진구 자양동 227-155,CDFI2262212024000036,2024-09-05,영업/정상(영업중),37.5369320539001,127.075862607886,2
베르사크룸 스테이,외국인관광도시민박업,"서울특별시 광진구 뚝섬로51길 20, B102호 (자양동)",서울 광진구 자양동 617-14,CDFI2262212025000020,2025-03-26,영업/정상(영업중),37.5333854122789,127.080008763692,3
스테이 다온,외국인관광도시민박업,"서울특별시 광진구 광나루로38길 32, B02호 (구의동)",서울 광진구 구의동 232-16,CDFI2262212024000060,2024-12-26,영업/정상(영업중),37.5434320360363,127.08783659698,2
더 쉼,외국인관광도시민박업,"서울특별시 광진구 아차산로24길 21, 201호 (자양동)",서울 광진구 자양동 13-25,CDFI2262212024000031,2024-08-05,영업/정상(영업중),37.5401302168759,127.06486934764,2
스위치온 하우스,외국인관광도시민박업,"서울특별시 광진구 아차산로22길 36, 201호 (자양동)",서울 광진구 자양동 24-27,CDFI2262212024000014,2024-04-11,영업/정상(영업중),37.5404263154772,127.063822055609,2
선스테이,외국인관광도시민박업,"서울특별시 관악구 신림로54길 8, 203호 (신림동)",서울 관악구 신림동 1641-57,CDFI2262212025000040,2025-04-07,영업/정상(영업중),37.4805491594939,126.930722757286,2
더 느루(the Neuru),외국인관광도시민박업,"서울특별시 관악구 신림로30길 17-8, 102호 (신림동)",서울 관악구 신림동 108-20,CDFI2262212025000036,2025-03-25,영업/정상(영업중),37.4730234128272,126.936041534623,4
서울역리가 스카이 홈스테이,외국인관광도시민박업,"서울특별시 중구 만리재로33길 21, 103동 1304호 (만리동1가, LIG서울역리가)",서울 중구 만리동1가 231,CDFI2262212016000017,2016-09-23,영업/정상(영업중),37.5562729792512,126.966882959987,4
제이하우스,외국인관광도시민박업,"서울특별시 광진구 아차산로29길 35-3, 지층 101호 (화양동)",서울 광진구 화양동 47-59,CDFI2262212024000040,2024-09-19,영업/정상(영업중),37.54239812164,127.068540544686,2
능동파크 스테이,외국인관광도시민박업,"서울특별시 광진구 능동로32길 130-8, 201호 (능동)",서울 광진구 능동 250-18,CDFI2262212024000042,2024-10-07,영업/정상(영업중),37.5524831365702,127.084963789331,2
드림하우스2,외국인관광도시민박업,"[100806] 서울특별시 중구 퇴계로6길 22-1, 3층 (남창동)",서울 중구 남창동 190-14,CDFI2262212015000004,2015-01-30,영업/정상(영업중),37.5571810680218,126.97844280516,6
남산인2,외국인관광도시민박업,"서울특별시 중구 소공로6가길 24, 2층 1호 (회현동2가)",서울 중구 회현동2가 48-1,CDFI2262212024000017,2024-04-04,영업/정상(영업중),37.5574760514544,126.984104031338,5
남산 마이,외국인관광도시민박업,"서울특별시 중구 퇴계로18길 79-4, 1층 (남산동2가)",서울 중구 남산동2가 50-6,CDFI2262212016000015,2016-07-28,영업/정상(영업중),37.5574263222969,126.984833803012,3
엣서울(At Seoul),외국인관광도시민박업,서울특별시 중구 퇴계로20길 47-4 (남산동2가),서울 중구 남산동2가 25-5,CDFI2262212017000018,2017-06-30,영업/정상(영업중),37.5581853749715,126.986769437111,2
레드2,외국인관광도시민박업,"서울특별시 중구 소공로6길 32, 1층 (남산동2가)",서울 중구 남산동2가 43-3,CDFI2262212015000026,2015-11-25,영업/정상(영업중),37.5584165130322,126.984792971473,5
해피가든,외국인관광도시민박업,"서울특별시 중구 퇴계로20길 50-10, 1~3층 (남산동2가)",서울 중구 남산동2가 26-12,CDFI2262212016000010,2016-03-21,영업/정상(영업중),37.5580329163647,126.9859054688,2
서울 타이완 게스트하우스2,외국인관광도시민박업,"서울특별시 중구 퇴계로10길 20-14, 전층 (회현동1가)",서울 중구 회현동1가 88-3,CDFI2262212015000023,2015-10-13,영업/정상(영업중),37.5581699356288,126.980114491114,3
포레스트스테이,외국인관광도시민박업,"서울특별시 성동구 서울숲7길 11, 602호 (성수동1가, 포레스트사이드)",서울 성동구 성수동1가 685-296,CDFI2262212025000012,2025-03-25,영업/정상(영업중),37.5482849728926,127.042988180562,4
리틀 포레스트 뚝섬,외국인관광도시민박업,"서울특별시 성동구 왕십리로8길 19-5, 102호 (성수동1가)",서울 성동구 성수동1가 656-986,CDFI2262212025000015,2025-04-25,영업/정상(영업중),37.5463172658695,127.046820330198,4
STAY PAGE,외국인관광도시민박업,"서울특별시 성동구 연무장7길 4, 해피드림 601호 (성수동2가)",서울 성동구 성수동2가 315-54,CDFI2262212025000011,2025-03-24,영업/정상(영업중),37.5429998666542,127.054606568619,2
Wooseung Stay,외국인관광도시민박업,"서울특별시 성동구 연무장1길 8-13, 지하1층 102호 (성수동2가)",서울 성동구 성수동2가 301-27,CDFI2262212024000076,2024-12-17,영업/정상(영업중),37.5444511357723,127.050701230813,2
또와하우스,외국인관광도시민박업,서울특별시 중구 소공로6길 32-3 (남산동2가),서울 중구 남산동2가 43-9,CDFI2262212017000013,2017-06-01,영업/정상(영업중),37.5583312137571,126.984989578507,2
스테이한,외국인관광도시민박업,"서울특별시 성동구 아차산로7길 17-9, 세우빌라 4층 401호 (성수동2가)",서울 성동구 성수동2가 289-77,CDFI2262212024000077,2024-12-27,영업/정상(영업중),37.5468165480138,127.054500605569,2
성동브리즈스테이,외국인관광도시민박업,"서울특별시 성동구 독서당로59가길 27-5, 지층 나호 (응봉동)",서울 성동구 응봉동 265-95,CDFI2262212024000071,2024-12-09,영업/정상(영업중),37.5522558181333,127.029978683487,2
모던 한스테이2,외국인관광도시민박업,"서울특별시 성동구 송정12다길 9, 1층 (송정동)",서울 성동구 송정동 73-730,CDFI2262212024000075,2024-12-12,영업/정상(영업중),37.5500688499844,127.066520100364,2
캄스테이 응봉,외국인관광도시민박업,"서울특별시 성동구 독서당로59가길 27-5, 지층 가호 (응봉동)",서울 성동구 응봉동 265-95,CDFI2262212024000070,2024-12-09,영업/정상(영업중),37.5522558181333,127.029978683487,2
드림하우스3,외국인관광도시민박업,"[100806] 서울특별시 중구 퇴계로6길 22-1, 4층 (남창동)",서울 중구 남창동 190-14,CDFI2262212015000005,2015-01-30,영업/정상(영업중),37.5571810680218,126.97844280516,6
드림하우스1,외국인관광도시민박업,"[100806] 서울특별시 중구 퇴계로6길 22-1, 2층 (남창동)",서울 중구 남창동 190-14,CDFI2262212015000003,2015-01-30,영업/정상(영업중),37.5571810680218,126.97844280516,6
제이덥하우스,외국인관광도시민박업,"서울특별시 중구 칠패로 27, B동 1007호 (순화동, 순화동 the# 주상복합)",서울 중구 순화동 151,CDFI2262212016000001,2016-01-05,영업/정상(영업중),37.5602669008102,126.972035325682,2
게스트하우스 더힐2,외국인관광도시민박업,서울특별시 중구 퇴계로20나길 27 (예장동),서울 중구 예장동 8-67,CDFI2262212015000018,2015-09-02,영업/정상(영업중),37.5578554486175,126.9854002801,2
사랑게스트하우스,외국인관광도시민박업,"[100400] 서울특별시 중구 퇴계로52길 5-3, 1~2층 (쌍림동)",서울 중구 쌍림동 151-52,CDFI2262212015000013,2015-05-22,영업/정상(영업중),37.5631008057897,127.004009802706,2
펠리스 까사,외국인관광도시민박업,"서울특별시 중구 퇴계로50길 12-5, 전층 (묵정동)",서울 중구 묵정동 28-6,CDFI2262212016000012,2016-05-19,영업/정상(영업중),37.562056796372,127.000798848127,2
웰 프러스 비앤비 게스트하우스,외국인관광도시민박업,"[100042] 서울특별시 중구 퇴계로20나길 9, 3층 (남산동2가)",서울 중구 남산동2가 27-2,CDFI2262212014000030,2014-12-19,영업/정상(영업중),37.5585680837567,126.985698025757,2
마마 게스트하우스1,외국인관광도시민박업,"서울특별시 중구 소파로4길 34-1, 1층 (예장동)",서울 중구 예장동 8-44,CDFI2262212013000011,2013-07-22,영업/정상(영업중),37.5584912531586,126.98838352712,4
제이가든,외국인관광도시민박업,서울특별시 중구 퇴계로20길 25-30 (남산동2가),서울 중구 남산동2가 18-12,CDFI2262212013000016,2013-08-30,영업/정상(영업중),37.5590716617657,126.986556051467,2
88 게스트하우스,외국인관광도시민박업,[100053] 서울특별시 중구 퇴계로16길 14-10 (회현동3가),서울 중구 회현동3가 4-3,CDFI2262212015000002,2015-01-28,영업/정상(영업중),37.5601735364349,126.984027740521,2
무지개 게스트하우스,외국인관광도시민박업,"[100013] 서울특별시 중구 퇴계로31길 29 (충무로3가, 옥탑층)",서울 중구 충무로3가 57-3,CDFI2262212014000027,2014-10-22,영업/정상(영업중),37.5625117192277,126.992114580829,2
스테이션2,외국인관광도시민박업,"서울특별시 종로구 종로63가길 61, 202호 (숭인동)",서울 종로구 숭인동 179-14,CDFI2262212025000033,2025-02-20,영업/정상(영업중),37.5768756779734,127.018856347422,4
올리브호스텔 더블유,외국인관광도시민박업,"[100876] 서울특별시 중구 소공로6나길 1, 1층 (회현동2가)",서울 중구 회현동2가 42-1,CDFI2262212013000019,2013-10-25,영업/정상(영업중),37.5582087075912,126.983847302229,5
에이비팰리스,외국인관광도시민박업,"서울특별시 중구 소공로6나길 2-1, 201호 (회현동2가)",서울 중구 회현동2가 33-3,CDFI2262212024000013,2024-03-22,영업/정상(영업중),37.5583313168804,126.983727646913,2
그린하우스,외국인관광도시민박업,"서울특별시 종로구 종로63가길 61, 301호 (숭인동)",서울 종로구 숭인동 179-14,CDFI2262212025000049,2025-03-20,영업/정상(영업중),37.5768756779734,127.018856347422,4
밀키하우스,외국인관광도시민박업,"서울특별시 마포구 독막로21길 15-5, 2층 201호 (창전동)",서울 마포구 창전동 42-2,CDFI2262212025000203,2025-04-29,영업/정상(영업중),37.5487636739552,126.928561967008,3
핑키하우스,외국인관광도시민박업,"서울특별시 마포구 독막로21길 15-5, 2층 202호 (창전동)",서울 마포구 창전동 42-2,CDFI2262212025000201,2025-04-29,영업/정상(영업중),37.5487636739552,126.928561967008,3
HSK 스테이,외국인관광도시민박업,"서울특별시 마포구 신촌로2안길 8, 101호 (동교동)",서울 마포구 동교동 176-15,CDFI2262212024000490,2024-12-29,영업/정상(영업중),37.5574729218382,126.92756415211,6
홍대 르엘,외국인관광도시민박업,"서울특별시 마포구 신촌로24길 14, 302호 (노고산동)",서울 마포구 노고산동 19-2,CDFI2262212025000174,2025-03-27,영업/정상(영업중),37.5557531340248,126.941252490556,3
Moon 스테이,외국인관광도시민박업,"서울특별시 마포구 월드컵로23길 15, 지하층 102호 (망원동)",서울 마포구 망원동 57-370,CDFI2262212024000074,2024-04-18,영업/정상(영업중),37.5570613668419,126.908049878902,3
오마이갓 슬라이딩,외국인관광도시민박업,"서울특별시 마포구 고산5길 6-4, 102호 (노고산동)",서울 마포구 노고산동 19-149,CDFI2262212025000175,2025-03-27,영업/정상(영업중),37.5547350537932,126.940447050536,2
대우게스트하우스,외국인관광도시민박업,"서울특별시 중구 퇴계로18길 74, 3, 4층 (남산동1가)",서울 중구 남산동1가 22-2,CDFI2262212017000005,2017-02-20,영업/정상(영업중),37.5577806316987,126.984427878886,3
레몬하우스,외국인관광도시민박업,"서울특별시 마포구 와우산로29길 48-24, 4층 501호 (서교동)",서울 마포구 서교동 329-1,CDFI2262212025000172,2025-03-26,영업/정상(영업중),37.5563066295401,126.928085884376,6
Danjam Pause,외국인관광도시민박업,"서울특별시 마포구 성암로13길 36, 3층 (상암동)",서울 마포구 상암동 1484,CDFI2262212025000183,2025-04-04,영업/정상(영업중),37.5765661997138,126.897119251722,3
Crib49게스트하우스,외국인관광도시민박업,[100042] 서울특별시 중구 퇴계로20나길 49 (남산동2가),서울 중구 남산동2가 49-28,CDFI2262212014000007,2014-03-12,영업/정상(영업중),37.5570929670334,126.985665147168,2
오아시스 연남1,외국인관광도시민박업,"서울특별시 마포구 동교로39길 9, 202호 (연남동)",서울 마포구 연남동 258-10,CDFI2262212022000006,2022-02-15,영업/정상(영업중),37.5620242723214,126.923927241622,3
오아시스 연남2,외국인관광도시민박업,"[121865] 서울특별시 마포구 동교로39길 9, 3~4층 (연남동)",서울 마포구 연남동 258-10,CDFI2262212015000068,2015-04-24,영업/정상(영업중),37.5620242723214,126.923927241622,3
DA953,외국인관광도시민박업,"서울특별시 중구 을지로 157, 953호 (산림동, 대림상가)",서울 중구 산림동 207-2,CDFI2262212016000009,2016-03-10,영업/정상(영업중),37.5671458986322,126.995451191045,5
소담스테이,외국인관광도시민박업,"서울특별시 중구 퇴계로20나길 42, 2~3층 (남산동2가)",서울 중구 남산동2가 49-14,CDFI2262212020000011,2020-12-08,영업/정상(영업중),37.5573451887863,126.985199039144,3
가든하우스,외국인관광도시민박업,"서울특별시 마포구 신촌로24길 14, 2층 202호 (노고산동)",서울 마포구 노고산동 19-2,CDFI2262212025000188,2025-04-14,영업/정상(영업중),37.5557531340248,126.941252490556,3
욜로게스트하우스2,외국인관광도시민박업,"서울특별시 중구 퇴계로20나길 2-8, 2층 (남산동2가)",서울 중구 남산동2가 32-3,CDFI2262212022000001,2022-02-09,영업/정상(영업중),37.5590404539639,126.985512774966,2
ShortHome,외국인관광도시민박업,"서울특별시 양천구 중앙로36길 43, 301호 (신정동)",서울 양천구 신정동 1023-19,CDFI2262212025000021,2025-04-28,영업/정상(영업중),37.5199815506604,126.858934478791,2
러블리 데이지,외국인관광도시민박업,"서울특별시 중구 퇴계로18길 67-11, B102호 (남산동2가)",서울 중구 남산동2가 45-8,CDFI2262212022000006,2022-05-30,영업/정상(영업중),37.5579879939514,126.984755710083,3
욜로게스트하우스(YOLO GUESTHOUSE),외국인관광도시민박업,"서울특별시 중구 퇴계로20나길 2-8, 3~4층 (남산동2가)",서울 중구 남산동2가 32-3,CDFI2262212021000008,2021-12-14,영업/정상(영업중),37.5590404539639,126.985512774966,2
영게스트하우스2,외국인관광도시민박업,"서울특별시 중구 소공로6길 22, 302호 (남산동1가)",서울 중구 남산동1가 18-2,CDFI2262212021000006,2021-08-05,영업/정상(영업중),37.5583058780157,126.98416417876,9
스테이 포근,외국인관광도시민박업,"서울특별시 중구 퇴계로18길 79-4, 1층 (남산동2가)",서울 중구 남산동2가 50-6,CDFI2262212022000005,2022-05-18,영업/정상(영업중),37.5574263222969,126.984833803012,3
영게스트하우스5,외국인관광도시민박업,"서울특별시 중구 소공로6길 22, 103호 (남산동1가)",서울 중구 남산동1가 18-2,CDFI2262212021000004,2021-08-05,영업/정상(영업중),37.5583058780157,126.98416417876,9
Logan,외국인관광도시민박업,"서울특별시 중구 퇴계로18길 67-11, B101호 (남산동2가)",서울 중구 남산동2가 45-8,CDFI2262212022000004,2022-04-20,영업/정상(영업중),37.5579879939514,126.984755710083,3
스테이 현301,외국인관광도시민박업,"서울특별시 서초구 반포대로21길 51, 301호 (서초동)",서울 서초구 서초동 1523-15,CDFI2262212025000009,2025-04-15,영업/정상(영업중),37.4864060158227,127.008097219359,10
서초마루,외국인관광도시민박업,"서울특별시 서초구 반포대로21길 51, 502호 (서초동)",서울 서초구 서초동 1523-15,CDFI2262212025000007,2025-03-28,영업/정상(영업중),37.4864060158227,127.008097219359,10
레이지룸,외국인관광도시민박업,"서울특별시 중구 퇴계로20나길 41, B01호 (남산동2가)",서울 중구 남산동2가 49-48,CDFI2262212024000048,2024-08-09,영업/정상(영업중),37.5573125083507,126.985406044839,2
"오롯, 쉼 in 서초",외국인관광도시민박업,"서울특별시 서초구 반포대로21길 51, 202호 (서초동)",서울 서초구 서초동 1523-15,CDFI2262212025000003,2025-03-28,영업/정상(영업중),37.4864060158227,127.008097219359,10
메종 드 나리 서초,외국인관광도시민박업,"서울특별시 서초구 반포대로21길 51, 201호 (서초동)",서울 서초구 서초동 1523-15,CDFI2262212025000004,2025-03-28,영업/정상(영업중),37.4864060158227,127.008097219359,10
서초 소울스테이,외국인관광도시민박업,"서울특별시 서초구 반포대로21길 51, 403호 (서초동)",서울 서초구 서초동 1523-15,CDFI2262212025000006,2025-03-28,영업/정상(영업중),37.4864060158227,127.008097219359,10
뉴코지스테이강남,외국인관광도시민박업,"서울특별시 서초구 반포대로21길 51, 401호 (서초동)",서울 서초구 서초동 1523-15,CDFI2262212025000008,2025-04-14,영업/정상(영업중),37.4864060158227,127.008097219359,10
24 게스트하우스 남산가든 2,외국인관광도시민박업,"서울특별시 중구 퇴계로20나길 2-23, 1층 (남산동2가)",서울 중구 남산동2가 37-1,CDFI2262212018000001,2018-03-22,영업/정상(영업중),37.5588621930277,126.985160824274,2
서래마을 아트존:몽마르뜨 공원 인근 도심 속 숲여행,외국인관광도시민박업,"서울특별시 서초구 동광로42길 14-2, 파크뷰 201호 (반포동)",서울 서초구 반포동 577-13,CDFI2262212025000001,2025-02-17,영업/정상(영업중),37.494315337295,126.999590872764,2
송스게스트하우스,외국인관광도시민박업,"서울특별시 중구 퇴계로20길 41-6, 2, 3층 (남산동2가)",서울 중구 남산동2가 19-2,CDFI2262212017000009,2017-04-21,영업/정상(영업중),37.5584942216738,126.986635040257,4
하하홈스테이,외국인관광도시민박업,"서울특별시 중구 만리재로33길 21, 101동 801호 (만리동1가, LIG서울역리가)",서울 중구 만리동1가 231,CDFI2262212017000006,2017-02-20,영업/정상(영업중),37.5562729792512,126.966882959987,4
서울N하우스,외국인관광도시민박업,"서울특별시 중구 장충단로8길 45-4, 201호 (장충동1가)",서울 중구 장충동1가 38-65,CDFI2262212016000020,2016-12-02,영업/정상(영업중),37.562338183738,127.00918112881,3
햇살가득한집,외국인관광도시민박업,"서울특별시 마포구 와우산로29길 26, 우림빌딩 6층 601호 (서교동)",서울 마포구 서교동 328-18,CDFI2262212025000204,2025-05-01,영업/정상(영업중),37.5552687128652,126.928584503751,3
달콤한 하루 스테이,외국인관광도시민박업,"서울특별시 종로구 창경궁로33길 11, 2동 401호 (명륜2가)",서울 종로구 명륜2가 160-3,CDFI2262212025000058,2025-05-01,영업/정상(영업중),37.5842846096871,126.998946629027,3
창경곰재,외국인관광도시민박업,"서울특별시 종로구 성균관로5길 33, 102호 (명륜3가)",서울 종로구 명륜3가 72-4,CDFI2262212025000057,2025-05-01,영업/정상(영업중),37.5846374463617,126.995466317032,2
봉천블리스(Bongcheon Bliss),외국인관광도시민박업,"서울특별시 관악구 쑥고개로 86, 조광빌딩 503호 (봉천동)",서울 관악구 봉천동 1575-1,CDFI2262212025000044,2025-04-30,영업/정상(영업중),37.4791573451475,126.946051566679,4
포도 스테이,외국인관광도시민박업,"서울특별시 관악구 신림로54길 8, 103호 (신림동)",서울 관악구 신림동 1641-57,CDFI2262212025000043,2025-04-30,영업/정상(영업중),37.4805491594939,126.930722757286,2
리리하우스(LI LI HOUSE),외국인관광도시민박업,서울특별시 종로구 율곡로13가길 18-4 (연건동),서울 종로구 연건동 271-13,CDFI2262212013000012,2013-12-02,영업/정상(영업중),37.5765443565544,127.000136072747,2
지니 홈,외국인관광도시민박업,"서울특별시 강남구 봉은사로18길 62, 201호 (역삼동)",서울 강남구 역삼동 618-19,CDFI2262212023000008,2023-07-19,영업/정상(영업중),37.5025991826254,127.028097750832,2
카사 자밀라(Casa Jamila),외국인관광도시민박업,서울특별시 종로구 사직로9길 6 (필운동),서울 종로구 필운동 137-3,CDFI2262212014000003,2014-03-05,영업/정상(영업중),37.5765117572531,126.968781280591,2
한강,외국인관광도시민박업,"서울특별시 강남구 도산대로89길 49, 102동 1805호 (청담동, 건영아파트)",서울 강남구 청담동 108,CDFI2262212013000009,2013-08-30,영업/정상(영업중),37.5275736339667,127.052262895257,3
배화하우스,외국인관광도시민박업,"서울특별시 종로구 필운대로1길 43-3, 202호 (필운동, 경희궁빌라)",서울 종로구 필운동 28,CDFI2262212017000015,2017-06-14,영업/정상(영업중),37.5776735454911,126.966964615883,4
코엑스 민박,외국인관광도시민박업,"서울특별시 강남구 봉은사로82길 24, 103호 (삼성동, 아셈아파트)",서울 강남구 삼성동 150-5,CDFI2262212024000005,2024-05-24,영업/정상(영업중),37.5116340906519,127.055016005052,3
청담 게스트하우스,외국인관광도시민박업,"서울특별시 강남구 도산대로87길 16, 1층 (청담동)",서울 강남구 청담동 123-42,CDFI2262212013000012,2013-12-06,영업/정상(영업중),37.5257095621919,127.050159216484,2
모던하우스,외국인관광도시민박업,"서울특별시 강남구 삼성로107길 33, 401호 (삼성동)",서울 강남구 삼성동 123-3,CDFI2262212023000002,2023-01-09,영업/정상(영업중),37.5107043283366,127.051452830614,2
썬시티 게스트하우스,외국인관광도시민박업,"[135-811] 서울특별시 강남구 강남대로146길 7-12, 6층 (논현동, 제이 빌)",서울 강남구 논현동 16-5,CDFI2262212013000010,2013-10-29,영업/정상(영업중),37.5156230000533,127.020824025456,2
318 STAY 1,외국인관광도시민박업,"서울특별시 중구 퇴계로20가길 26, 지하1층 (남산동2가)",서울 중구 남산동2가 18-1,CDFI2262212023000009,2023-03-09,영업/정상(영업중),37.5591060895396,126.986641382166,3
성모의 집,외국인관광도시민박업,"서울특별시 강남구 봉은사로43길 21-1, 402호 (논현동, 청비 빌라트)",서울 강남구 논현동 273-10,CDFI2262212014000020,2014-11-27,영업/정상(영업중),37.510533338208,127.039188005024,2
남산인,외국인관광도시민박업,"서울특별시 중구 소공로6가길 24, 401호 (회현동2가)",서울 중구 회현동2가 48-1,CDFI2262212022000014,2022-12-16,영업/정상(영업중),37.5574760514544,126.984104031338,5
남산테라스,외국인관광도시민박업,"서울특별시 중구 퇴계로4길 52-20, 2층 (회현동1가)",서울 중구 회현동1가 82-14,CDFI2262212024000024,2024-05-07,영업/정상(영업중),37.5576616084046,126.980751245171,2
318 스테이 2,외국인관광도시민박업,"서울특별시 중구 퇴계로20가길 26, 1층 (남산동2가)",서울 중구 남산동2가 18-1,CDFI2262212023000011,2023-04-03,영업/정상(영업중),37.5591060895396,126.986641382166,3
소다하우스3,외국인관광도시민박업,"서울특별시 중구 소공로6길 22, 303호 (남산동1가)",서울 중구 남산동1가 18-2,CDFI2262212021000005,2021-08-05,영업/정상(영업중),37.5583058780157,126.98416417876,9
Young's BNB,외국인관광도시민박업,"서울특별시 중구 퇴계로20길 41-9, 102호 (남산동2가)",서울 중구 남산동2가 20-2,CDFI2262212023000006,2023-02-24,영업/정상(영업중),37.5587283915085,126.986640996883,4
디어스,외국인관광도시민박업,"서울특별시 중구 청구로3길 79, 201호 (신당동)",서울 중구 신당동 340-1,CDFI2262212024000041,2024-07-22,영업/정상(영업중),37.5561528026591,127.014115114351,2
원즈빌,외국인관광도시민박업,"서울특별시 중구 퇴계로 162-3, 6층 (주자동)",서울 중구 주자동 42-2,CDFI2262212014000013,2014-04-22,영업/정상(영업중),37.5608843509327,126.98990465559,2
더힐,외국인관광도시민박업,"서울특별시 중구 퇴계로20나길 31, 1~3층 (예장동)",서울 중구 예장동 8-80,CDFI2262212014000008,2014-03-12,영업/정상(영업중),37.5577692266895,126.985428704316,2
마리,외국인관광도시민박업,"서울특별시 중구 장충단로4길 41, 102호 (장충동1가)",서울 중구 장충동1가 48-34,CDFI2262212024000038,2024-07-12,영업/정상(영업중),37.5606467273865,127.00816149798,3
라온,외국인관광도시민박업,"서울특별시 중구 소공로6나길 9-4, 2층 (회현동2가)",서울 중구 회현동2가 42-24,CDFI2262212019000008,2019-04-16,영업/정상(영업중),37.5578130929732,126.983944606615,2
엔드 서울 2,외국인관광도시민박업,"서울특별시 중구 퇴계로20나길 36, 2층 (남산동2가)",서울 중구 남산동2가 49-3,CDFI2262212019000014,2019-06-14,영업/정상(영업중),37.5576519677676,126.985114661829,3
엔드 서울,외국인관광도시민박업,"서울특별시 중구 퇴계로20나길 36, 1층 (남산동2가)",서울 중구 남산동2가 49-3,CDFI2262212019000007,2019-04-12,영업/정상(영업중),37.5576519677676,126.985114661829,3
그린네이비 게스트하우스,외국인관광도시민박업,"서울특별시 중구 퇴계로20길 41-9, 201호 (남산동2가)",서울 중구 남산동2가 20-2,CDFI2262212019000029,2019-11-18,영업/정상(영업중),37.5587283915085,126.986640996883,4
남산 아트몬 스테이,외국인관광도시민박업,"서울특별시 중구 퇴계로20나길 42, 3~4층 (남산동2가)",서울 중구 남산동2가 49-14,CDFI2262212019000032,2019-12-11,영업/정상(영업중),37.5573451887863,126.985199039144,3
러브리 하우스,외국인관광도시민박업,"서울특별시 중구 퇴계로16길 25, 2층 (남산동1가)",서울 중구 남산동1가 13-17,CDFI2262212019000016,2019-07-08,영업/정상(영업중),37.5595925498608,126.98452608126,2
Juny's Cozy Home,외국인관광도시민박업,"서울특별시 중구 퇴계로20길 41-14, 1층 (남산동2가)",서울 중구 남산동2가 21-3,CDFI2262212023000013,2023-04-24,영업/정상(영업중),37.5585619929564,126.986779782902,4
브레드앤버터,외국인관광도시민박업,"서울특별시 중구 장충단로10길 27-4, 202호 (광희동2가)",서울 중구 광희동2가 208-1,CDFI2262212024000029,2024-06-21,영업/정상(영업중),37.5637033135639,127.008786164547,5
제이오너게스트하우스,외국인관광도시민박업,"서울특별시 중구 소공로6나길 8, 3층 (회현동2가)",서울 중구 회현동2가 42-10,CDFI2262212021000009,2021-12-14,영업/정상(영업중),37.5580447864609,126.983631395352,6
남대문 하우스,외국인관광도시민박업,"서울특별시 중구 퇴계로10길 20-36, 1~2층 (회현동1가)",서울 중구 회현동1가 82-10,CDFI2262212021000001,2021-03-30,영업/정상(영업중),37.5578423284885,126.980087528877,2
도로시 빌라,외국인관광도시민박업,"서울특별시 중구 퇴계로20나길 2-15, 103호 (남산동2가, 능마루빌라)",서울 중구 남산동2가 39-5,CDFI2262212024000031,2024-06-21,영업/정상(영업중),37.5588061724479,126.985332413896,11
광희 에세이,외국인관광도시민박업,"서울특별시 중구 장충단로10길 27-4, 201호 (광희동2가)",서울 중구 광희동2가 208-1,CDFI2262212024000034,2024-07-02,영업/정상(영업중),37.5637033135639,127.008786164547,5
딜라이트 티하우스,외국인관광도시민박업,"서울특별시 중구 장충단로10길 27-4, 301호 (광희동2가)",서울 중구 광희동2가 208-1,CDFI2262212024000030,2024-06-21,영업/정상(영업중),37.5637033135639,127.008786164547,5
엘바하우스,외국인관광도시민박업,"서울특별시 중구 소공로6길 22, 101호 (남산동1가)",서울 중구 남산동1가 18-2,CDFI2262212019000021,2019-08-05,영업/정상(영업중),37.5583058780157,126.98416417876,9
한소레지던스 서울,외국인관광도시민박업,"서울특별시 중구 만리재로35길 47-3, 2~4층 (중림동)",서울 중구 중림동 331-22,CDFI2262212017000016,2017-06-23,영업/정상(영업중),37.5572194788804,126.967538509404,2
킴스 하우스,외국인관광도시민박업,"서울특별시 중구 퇴계로20나길 15-22, 302호 (예장동)",서울 중구 예장동 8-88,CDFI2262212023000024,2023-09-21,영업/정상(영업중),37.5575691507048,126.9857193807,5
랜디모어,외국인관광도시민박업,"서울특별시 중구 동호로20길 85, 101호 (신당동)",서울 중구 신당동 399-33,CDFI2262212024000018,2024-04-16,영업/정상(영업중),37.5616396043194,127.009641809957,2
이화스테이,외국인관광도시민박업,"서울특별시 종로구 이화장1가길 4, 601호 (이화동)",서울 종로구 이화동 27-3,CDFI2262212025000054,2025-04-24,영업/정상(영업중),37.5770473649304,127.00502532941,3
"어느날, 이화",외국인관광도시민박업,"서울특별시 종로구 이화장1가길 4, 501호 (이화동)",서울 종로구 이화동 27-3,CDFI2262212025000053,2025-04-24,영업/정상(영업중),37.5770473649304,127.00502532941,3
스테이 코지,외국인관광도시민박업,"서울특별시 중구 퇴계로64길 2, 201호 (광희동2가)",서울 중구 광희동2가 247-1,CDFI2262212024000015,2024-04-01,영업/정상(영업중),37.564081314227,127.008335274249,4
메종 드 린,외국인관광도시민박업,"서울특별시 중구 퇴계로66길 17-4, 101호 (광희동2가)",서울 중구 광희동2가 141,CDFI2262212024000056,2024-09-09,영업/정상(영업중),37.5635201953945,127.009253486258,2
라벨라 하우스,외국인관광도시민박업,"서울특별시 서대문구 연희로2길 65, 라포레 804호 (창천동)",서울 서대문구 창천동 372,CDFI2262212025000036,2025-04-23,영업/정상(영업중),37.5588328214886,126.927899088867,5
제이지 하우스(JG House),외국인관광도시민박업,"서울특별시 강남구 도산대로15길 21, 202호 (신사동)",서울 강남구 신사동 542-8,CDFI2262212014000018,2014-11-07,영업/정상(영업중),37.5196630209373,127.023634352544,2
디디피 게스트하우스,외국인관광도시민박업,서울특별시 중구 퇴계로66길 17-19 (광희동2가),서울 중구 광희동2가 147-4,CDFI2262212024000003,2024-01-11,영업/정상(영업중),37.5635988196104,127.009662549061,2
안 게스트하우스 (An Guesthouse),외국인관광도시민박업,"서울특별시 강남구 압구정로34길 33, 22동 102호 (신사동, 현대맨션)",서울 강남구 신사동 607-9,CDFI2262212012000009,2012-09-06,영업/정상(영업중),37.5260687326346,127.030903098819,4
민기네 집,외국인관광도시민박업,"서울특별시 종로구 필운대로1길 43-3, 201호 (필운동, 경희궁빌라)",서울 종로구 필운동 28,CDFI2262212017000018,2017-06-15,영업/정상(영업중),37.5776735454911,126.966964615883,4
까사 드 다올,외국인관광도시민박업,"서울특별시 동대문구 답십리로23길 17, 2층 302호 (전농동)",서울 동대문구 전농동 499-3,CDFI2262212025000005,2025-04-07,영업/정상(영업중),37.5765776893182,127.048602556453,5
sun flower,외국인관광도시민박업,"[139-202] 서울특별시 노원구 상계로23길 60-3, 401호 (상계동, 우리아트빌)",서울 노원구 상계동 406-2,CDFI2262212014000003,2014-08-29,영업/정상(영업중),37.6604069117097,127.067069491139,2
soom stay,외국인관광도시민박업,"서울특별시 광진구 능동로21길 49-1, 301호 (군자동)",서울 광진구 군자동 90-35,CDFI2262212025000014,2025-03-07,영업/정상(영업중),37.5527883226002,127.074531622994,2
고즈넉,외국인관광도시민박업,"서울특별시 노원구 한글비석로44길 54, 202호 (상계동, 라포레스타)",서울 노원구 상계동 143-44,CDFI2262212025000003,2025-01-17,영업/정상(영업중),37.6647667289049,127.070970692462,3
준 스테이,외국인관광도시민박업,"서울특별시 성북구 삼선교로 46-9, 302호 (삼선동3가)",서울 성북구 삼선동3가 5-8,CDFI2262212024000031,2024-10-17,영업/정상(영업중),37.5881331116425,127.011338473799,2
코지스테이,외국인관광도시민박업,"서울특별시 노원구 한글비석로44길 54, 201호 (상계동, 라포레스타)",서울 노원구 상계동 143-44,CDFI2262212025000004,2025-01-17,영업/정상(영업중),37.6647667289049,127.070970692462,3
더 연남,외국인관광도시민박업,"서울특별시 마포구 성미산로17길 14, 3층 302호 (연남동, 연남동 482-14 공동주택)",서울 마포구 연남동 482-14,CDFI2262212025000199,2025-04-25,영업/정상(영업중),37.562224959766,126.918186139894,3
YN Stay,외국인관광도시민박업,"서울특별시 마포구 성미산로17길 14, 2층 202호 (연남동, 연남동 482-14 공동주택)",서울 마포구 연남동 482-14,CDFI2262212025000198,2025-04-25,영업/정상(영업중),37.562224959766,126.918186139894,3
팔레트 연남,외국인관광도시민박업,"서울특별시 마포구 성미산로23길 26-5, 지층 2호 (연남동)",서울 마포구 연남동 246-29,CDFI2262212025000197,2025-04-25,영업/정상(영업중),37.5647091888766,126.921236991234,2
스테이 로아,외국인관광도시민박업,"서울특별시 강동구 천호대로200길 22, 1층 101호 (둔촌동)",서울 강동구 둔촌동 602-5,CDFI2262212025000017,2025-02-03,영업/정상(영업중),37.5358825809103,127.149288881669,5
슬로우디,외국인관광도시민박업,"서울특별시 마포구 와우산로29길 26-33, 102호 (서교동)",서울 마포구 서교동 328-74,CDFI2262212025000187,2025-04-11,영업/정상(영업중),37.5555320036647,126.928765669556,4
더그린,외국인관광도시민박업,"서울특별시 종로구 지봉로12가길 22, 102호 (숭인동)",서울 종로구 숭인동 59-4,CDFI2262212024000041,2024-08-07,영업/정상(영업중),37.5761486139795,127.016812366791,2
봄 하우스(Pom House),외국인관광도시민박업,"서울특별시 종로구 자하문로5가길 37, 2층 (체부동)",서울 종로구 체부동 107,CDFI2262212014000024,2014-12-10,영업/정상(영업중),37.5787513922391,126.969952620766,2
우 게스트하우스(Woo Guesthouse),외국인관광도시민박업,"서울특별시 종로구 삼청로 22, 영정빌딩 4층, 5층 (사간동)",서울 종로구 사간동 66,CDFI2262212015000002,2015-04-13,영업/정상(영업중),37.5779186380994,126.979865731314,2
게스트하우스 더 김스(Guesthouse The Kims),외국인관광도시민박업,서울특별시 종로구 백석동1길 13 (부암동),서울 종로구 부암동 35,CDFI2262212015000005,2015-05-28,영업/정상(영업중),37.5951368835904,126.968705787731,2
서촌 168 B&B(CHANG YEUN HO),외국인관광도시민박업,"서울특별시 종로구 자하문로23길 6, 101호 (신교동)",서울 종로구 신교동 55,CDFI2262212015000003,2015-05-06,영업/정상(영업중),37.5834453745138,126.969895145342,2
케이게스트하우즈,외국인관광도시민박업,"서울특별시 종로구 종로48길 32-1 (창신동, 주1)",서울 종로구 창신동 459-36,CDFI2262212016000003,2016-01-08,영업/정상(영업중),37.5711737001081,127.012266269663,3
경희궁뒷집,외국인관광도시민박업,"서울특별시 종로구 필운대로1길 43-3, 101호 (필운동, 경희궁빌라)",서울 종로구 필운동 28,CDFI2262212017000017,2017-06-15,영업/정상(영업중),37.5776735454911,126.966964615883,4
삼형제 게스트하우스,외국인관광도시민박업,서울특별시 종로구 이화장1나길 28-1 (이화동),서울 종로구 이화동 9-539,CDFI2262212016000009,2016-03-30,영업/정상(영업중),37.5774871901672,127.007484208661,2
스테이온,외국인관광도시민박업,"서울특별시 종로구 청계천로 319, 동대문신발상가 405호 (창신동)",서울 종로구 창신동 436-65,CDFI2262212024000025,2024-06-14,영업/정상(영업중),37.5701020271196,127.013364882905,4
폴인혜화,외국인관광도시민박업,"서울특별시 종로구 동숭4라길 8, 조윤홈 201호 (동숭동)",서울 종로구 동숭동 5-1,CDFI2262212024000042,2024-08-08,영업/정상(영업중),37.5840003050037,127.005668640442,4
누상 스튜디오,외국인관광도시민박업,"서울특별시 종로구 옥인6가길 59-5, 302호 (누상동)",서울 종로구 누상동 166-89,CDFI2262212021000004,2021-08-10,영업/정상(영업중),37.5797802420497,126.965365949912,4
주성치가 올때까지,외국인관광도시민박업,"서울특별시 종로구 필운대로1길 43-3, 301호 (필운동, 경희궁빌라)",서울 종로구 필운동 28,CDFI2262212017000016,2017-06-15,영업/정상(영업중),37.5776735454911,126.966964615883,4
코지코너,외국인관광도시민박업,"서울특별시 종로구 종로44길 14, 동문상가 520호 (창신동)",서울 종로구 창신동 436-41,CDFI2262212024000121,2024-12-31,영업/정상(영업중),37.5705109506606,127.011127973709,2
루디아 공예 게스트하우스(Lydia craft Guesthouse),외국인관광도시민박업,서울특별시 종로구 사직로9가길 25-6 (필운동),서울 종로구 필운동 130-8,CDFI2262212014000019,2014-09-15,영업/정상(영업중),37.5769359523428,126.96813288669,2
슬로우스테이,외국인관광도시민박업,"서울특별시 종로구 삼청로 104-7, 1층 (삼청동)",서울 종로구 삼청동 61-2,CDFI2262212022000002,2022-01-12,영업/정상(영업중),37.5845792200835,126.982613309987,2
모나,외국인관광도시민박업,"서울특별시 종로구 옥인6가길 59-5, 202호 (누상동)",서울 종로구 누상동 166-89,CDFI2262212021000005,2021-08-10,영업/정상(영업중),37.5797802420497,126.965365949912,4
부엉이 게스트하우스(OWL Guesthouse),외국인관광도시민박업,"서울특별시 종로구 종로65길 20-6, 202호 (숭인동)",서울 종로구 숭인동 178-96,CDFI2262212014000023,2014-12-10,영업/정상(영업중),37.5753972027807,127.020149098677,2
프랜드인서울(Friend in Seoul),외국인관광도시민박업,"서울특별시 종로구 자하문로7길 28-5, 1층 (통인동)",서울 종로구 통인동 149-1,CDFI2262212015000008,2015-08-25,영업/정상(영업중),37.5791193897396,126.970796334076,2
구르미,외국인관광도시민박업,"서울특별시 종로구 옥인6가길 59-5, 102호 (누상동)",서울 종로구 누상동 166-89,CDFI2262212021000006,2021-08-10,영업/정상(영업중),37.5797802420497,126.965365949912,4
게스트하우스 필운,외국인관광도시민박업,서울특별시 종로구 사직로9가길 5-13 (필운동),서울 종로구 필운동 130-2,CDFI2262212015000011,2015-10-23,영업/정상(영업중),37.5769460909886,126.968309370343,2
우주하우스,외국인관광도시민박업,서울특별시 종로구 율곡로23길 7 (충신동),서울 종로구 충신동 12-4,CDFI2262212024000030,2024-07-04,영업/정상(영업중),37.5751624268673,127.006233307167,3
이화동273(Ihwa273),외국인관광도시민박업,"서울특별시 종로구 이화장1가길 4, 402호 (이화동)",서울 종로구 이화동 27-3,CDFI2262212020000001,2020-01-09,영업/정상(영업중),37.5770473649304,127.00502532941,3
코비게스트하우스,외국인관광도시민박업,서울특별시 종로구 종로53길 12-8 (창신동),서울 종로구 창신동 197-49,CDFI2262212016000010,2016-04-14,영업/정상(영업중),37.5731962284083,127.01410735002,2
봉하우스(Bong House),외국인관광도시민박업,서울특별시 종로구 성균관로4길 5 (명륜2가),서울 종로구 명륜2가 112,CDFI2262212012000001,2012-02-14,영업/정상(영업중),37.5846114734885,126.997761010807,2
경복궁 서촌 크리스천 홈(Christian Home),외국인관광도시민박업,"서울특별시 종로구 옥인6길 4, 인왕산그린빌라 103호 (누상동)",서울 종로구 누상동 166-175,CDFI2262212019000013,2019-08-26,영업/정상(영업중),37.581784707714,126.964240814208,6
코지드림,외국인관광도시민박업,"서울특별시 종로구 대학로5길 35, 아크로텔 202호 (연건동)",서울 종로구 연건동 110-1,CDFI2262212024000023,2024-06-12,영업/정상(영업중),37.5790079432642,127.000667819952,2
보눔 1957 한옥 앤 부티크,외국인관광도시민박업,서울특별시 종로구 북촌로 53 (가회동),서울 종로구 가회동 30-2,CDFI2262212016000014,2016-05-26,영업/정상(영업중),37.5817789378496,126.984597116934,2
골든폰드 게스트하우스(GoldenPond GuestHouse),외국인관광도시민박업,서울특별시 종로구 창경궁로 240-15 (명륜4가),서울 종로구 명륜4가 168-3,CDFI2262212012000003,2012-07-04,영업/정상(영업중),37.582297921315,126.999207841698,2
미유하우스,외국인관광도시민박업,"서울특별시 종로구 청계천로 307, 동대문신발상가 B동 513호 (창신동)",서울 종로구 창신동 436-78,CDFI2262212024000039,2024-08-06,영업/정상(영업중),37.57007091442,127.011948575482,5
Blue Summer,외국인관광도시민박업,"서울특별시 종로구 청계천로 319, 동대문신발상가 다동 539호 (창신동)",서울 종로구 창신동 436-65,CDFI2262212024000022,2024-05-30,영업/정상(영업중),37.5701020271196,127.013364882905,4
사유스테이,외국인관광도시민박업,"서울특별시 종로구 경희궁1길 33-14, 302호 (신문로2가)",서울 종로구 신문로2가 1-166,CDFI2262212025000011,2025-01-13,영업/정상(영업중),37.5729051966769,126.968898589496,7
세렌디피티 하우스,외국인관광도시민박업,"서울특별시 종로구 청계천로 319, 동대문신발상가 4층 7-431호 (창신동)",서울 종로구 창신동 436-65,CDFI2262212024000018,2024-05-10,영업/정상(영업중),37.5701020271196,127.013364882905,4
종로스테이션,외국인관광도시민박업,"서울특별시 종로구 낙산3길 27-1, 1층 (동숭동)",서울 종로구 동숭동 201-20,CDFI2262212023000020,2023-12-06,영업/정상(영업중),37.5793033870034,127.006414674286,2
슬로우스테이 혜화,외국인관광도시민박업,서울특별시 종로구 동숭3길 6-20 (동숭동),서울 종로구 동숭동 130-61,CDFI2262212024000014,2024-04-22,영업/정상(영업중),37.5811308381278,127.005298218902,2
나루,외국인관광도시민박업,"서울특별시 종로구 낙산길 314-8, 102호 (숭인동)",서울 종로구 숭인동 20-107,CDFI2262212025000013,2025-01-20,영업/정상(영업중),37.5802196790477,127.016720336063,2
강남 인 하우스,외국인관광도시민박업,"서울특별시 강남구 강남대로154길 22, 201호 (신사동)",서울 강남구 신사동 512-7,CDFI2262212024000010,2024-07-12,영업/정상(영업중),37.5178457581131,127.020924185672,4
프리시 하우스,외국인관광도시민박업,"서울특별시 강남구 도산대로4길 14, 401호 (논현동)",서울 강남구 논현동 16-11,CDFI2262212022000001,2022-02-10,영업/정상(영업중),37.5155486980293,127.021157801504,4
엠티티 도미토리,외국인관광도시민박업,"서울특별시 강남구 테헤란로22길 63-5, B101호 (역삼동)",서울 강남구 역삼동 750-13,CDFI2262212019000012,2019-03-05,영업/정상(영업중),37.4956915315617,127.035153471778,2
삼정,외국인관광도시민박업,"서울특별시 종로구 경희궁1길 33-14, 203호 (신문로2가)",서울 종로구 신문로2가 1-166,CDFI2262212025000036,2025-02-21,영업/정상(영업중),37.5729051966769,126.968898589496,7
강남 가로수,외국인관광도시민박업,"서울특별시 강남구 강남대로162길 41-22, 5층 (신사동, 오로라빌)",서울 강남구 신사동 524,CDFI2262212013000006,2013-07-04,영업/정상(영업중),37.522070626227,127.021066656001,2
백설공주,외국인관광도시민박업,"서울특별시 강남구 봉은사로18길 62, 301호 (역삼동)",서울 강남구 역삼동 618-19,CDFI2262212023000012,2023-10-24,영업/정상(영업중),37.5025991826254,127.028097750832,2
이상 하우스,외국인관광도시민박업,"서울특별시 강남구 봉은사로63길 29, 202호 (삼성동)",서울 강남구 삼성동 41-24,CDFI2262212019000014,2019-04-09,영업/정상(영업중),37.5131772418812,127.046408261406,4
현 stay,외국인관광도시민박업,"서울특별시 관악구 서림3길 16, 경민하이빌 B01호 (신림동)",서울 관악구 신림동 103-65,CDFI2262212025000025,2025-02-14,영업/정상(영업중),37.4733702306694,126.93949942235,2
강남 스테이,외국인관광도시민박업,"서울특별시 강남구 선릉로92길 37-4, 402호 (삼성동, 삼성동 한양립스 아파트)",서울 강남구 삼성동 142-16,CDFI2262212025000005,2025-04-11,영업/정상(영업중),37.506302593768,127.051787523413,3
제니스하우스,외국인관광도시민박업,"서울특별시 종로구 경희궁1길 33-14, 301호 (신문로2가)",서울 종로구 신문로2가 1-166,CDFI2262212025000012,2025-01-15,영업/정상(영업중),37.5729051966769,126.968898589496,7
우드 브릿지,외국인관광도시민박업,"서울특별시 종로구 낙산길 314-8, 101호 (숭인동)",서울 종로구 숭인동 20-107,CDFI2262212025000002,2025-01-03,영업/정상(영업중),37.5802196790477,127.016720336063,2
올리브 호스텔 R1,외국인관광도시민박업,"서울특별시 중구 퇴계로18길 74, 3층 (남산동1가)",서울 중구 남산동1가 22-2,CDFI2262212022000011,2022-11-14,영업/정상(영업중),37.5577806316987,126.984427878886,3
후 하우스,외국인관광도시민박업,"서울특별시 마포구 포은로 83, 301호 (망원동, 오체어스빌딩)",서울 마포구 망원동 399-57,CDFI2262212025000190,2025-04-14,영업/정상(영업중),37.5544106635731,126.905239912374,2
스테이 201,외국인관광도시민박업,"서울특별시 중구 동호로20길 85, 201호 (신당동)",서울 중구 신당동 399-33,CDFI2262212024000022,2024-05-02,영업/정상(영업중),37.5616396043194,127.009641809957,2
그린 올리브 스테이,외국인관광도시민박업,"서울특별시 마포구 월드컵북로12길 82, 2층 201호 (성산동)",서울 마포구 성산동 21-16,CDFI2262212025000189,2025-04-14,영업/정상(영업중),37.5647103400384,126.915223799364,2
본초,외국인관광도시민박업,"서울특별시 중구 장충단로10길 27-4, 101호 (광희동2가)",서울 중구 광희동2가 208-1,CDFI2262212025000019,2025-04-16,영업/정상(영업중),37.5637033135639,127.008786164547,5
엠마 하우스,외국인관광도시민박업,"서울특별시 중구 퇴계로16길 25, 1층 (남산동1가)",서울 중구 남산동1가 13-17,CDFI2262212022000013,2022-11-24,영업/정상(영업중),37.5595925498608,126.98452608126,2
318 스테이,외국인관광도시민박업,"서울특별시 중구 퇴계로20가길 26, 2층 (남산동2가)",서울 중구 남산동2가 18-1,CDFI2262212023000004,2023-01-26,영업/정상(영업중),37.5591060895396,126.986641382166,3
뉼리 스페이스,외국인관광도시민박업,"서울특별시 마포구 성암로13길 36, 4층 (상암동)",서울 마포구 상암동 1484,CDFI2262212025000181,2025-04-02,영업/정상(영업중),37.5765661997138,126.897119251722,3
올리브 호스텔 R2,외국인관광도시민박업,"서울특별시 중구 퇴계로18길 74, 4층 (남산동1가)",서울 중구 남산동1가 22-2,CDFI2262212022000012,2022-11-14,영업/정상(영업중),37.5577806316987,126.984427878886,3
힙피어 경복궁록,외국인관광도시민박업,"서울특별시 종로구 옥인2길 14-7, 401호 (누상동)",서울 종로구 누상동 97-7,CDFI2262212025000028,2025-02-12,영업/정상(영업중),37.5804169299313,126.966460067063,2
효키 스테이,외국인관광도시민박업,"서울특별시 종로구 동숭4가길 24, 501호 (동숭동)",서울 종로구 동숭동 2-4,CDFI2262212025000042,2025-03-06,영업/정상(영업중),37.5841028691202,127.004979498013,3
Stay forest,외국인관광도시민박업,"서울특별시 종로구 낙산3길 27, 2층 (동숭동)",서울 종로구 동숭동 201-33,CDFI2262212025000035,2025-02-21,영업/정상(영업중),37.5793810516127,127.006434379415,2
성주,외국인관광도시민박업,"서울특별시 종로구 경희궁1길 33-14, 501호 (신문로2가)",서울 종로구 신문로2가 1-166,CDFI2262212025000037,2025-02-21,영업/정상(영업중),37.5729051966769,126.968898589496,7
은평 코지스테이,외국인관광도시민박업,"서울특별시 은평구 통일로78길 26-9, 302호 (불광동, 불광트레비앙)",서울 은평구 불광동 329-29,CDFI2262212025000005,2025-04-14,영업/정상(영업중),37.6187307966821,126.925296807679,5
경복 02,외국인관광도시민박업,"서울특별시 종로구 자하문로19길 3, 302호 (옥인동, 홀로세 다세대주택)",서울 종로구 옥인동 14,CDFI2262212025000027,2025-02-12,영업/정상(영업중),37.5823355870354,126.970116359616,6
Hong Stay,외국인관광도시민박업,"서울특별시 마포구 성미산로17길 14, 2층 201호 (연남동, 연남동 482-14 공동주택)",서울 마포구 연남동 482-14,CDFI2262212025000191,2025-04-14,영업/정상(영업중),37.562224959766,126.918186139894,3
경복 03,외국인관광도시민박업,"서울특별시 종로구 자하문로19길 3, 303호 (옥인동, 홀로세 다세대주택)",서울 종로구 옥인동 14,CDFI2262212025000026,2025-02-12,영업/정상(영업중),37.5823355870354,126.970116359616,6
명길 하우스,외국인관광도시민박업,"서울특별시 마포구 동교로47길 7, 2층 301호 (연남동)",서울 마포구 연남동 229-29,CDFI2262212025000192,2025-04-14,영업/정상(영업중),37.563295417825,126.924802115778,2
그린이 스테이,외국인관광도시민박업,"서울특별시 강동구 풍성로56길 12-19, 지하층 103호 (성내동)",서울 강동구 성내동 417-13,CDFI2262212024000043,2024-11-18,영업/정상(영업중),37.5286736837449,127.134272650831,3
영인 하우스,외국인관광도시민박업,"서울특별시 강동구 진황도로29길 35-9, 402호 (천호동)",서울 강동구 천호동 167-28,CDFI2262212025000035,2025-04-03,영업/정상(영업중),37.5395404938644,127.133534487582,2
유영 스테이,외국인관광도시민박업,"서울특별시 강동구 양재대로91가길 59, 지층 102호 (성내동)",서울 강동구 성내동 438-23,CDFI2262212025000030,2025-03-20,영업/정상(영업중),37.5255863459597,127.133288671802,2
라라스테이,외국인관광도시민박업,"서울특별시 서초구 반포대로21길 51, 203호 (서초동)",서울 서초구 서초동 1523-15,CDFI2262212025000011,2025-04-17,영업/정상(영업중),37.4864060158227,127.008097219359,10
뉴코지가든강남,외국인관광도시민박업,"서울특별시 서초구 반포대로21길 51, 402호 (서초동)",서울 서초구 서초동 1523-15,CDFI2262212025000010,2025-04-17,영업/정상(영업중),37.4864060158227,127.008097219359,10
슬로우밀레 483,외국인관광도시민박업,"서울특별시 마포구 월드컵로8길 37-12, 2층 203호 (서교동)",서울 마포구 서교동 483-33,CDFI2262212025000194,2025-04-16,영업/정상(영업중),37.5538573540623,126.914434165665,6
서울 세레니티 2nd,외국인관광도시민박업,"서울특별시 중구 서애로 19-6, 2층 (필동3가)",서울 중구 필동3가 21-36,CDFI2262212025000015,2025-03-11,영업/정상(영업중),37.560306137599,126.997582233721,2
Seoul-sup Soyo Stay(서울숲 소요 스테이),외국인관광도시민박업,"서울특별시 성동구 왕십리로6길 11, 태광빌딩 301호 (성수동1가)",서울 성동구 성수동1가 656-1083,CDFI2262212025000014,2025-04-16,영업/정상(영업중),37.5460064390659,127.046087883422,2
플레이스 422,외국인관광도시민박업,"서울특별시 서대문구 연세로2라길 55, 104호 (창천동)",서울 서대문구 창천동 4-22,CDFI2262212025000033,2025-04-16,영업/정상(영업중),37.5582934052741,126.941251514838,9
테라스 422,외국인관광도시민박업,"서울특별시 서대문구 연세로2라길 55, 103호 (창천동)",서울 서대문구 창천동 4-22,CDFI2262212025000032,2025-04-16,영업/정상(영업중),37.5582934052741,126.941251514838,9
더 네스트 401,외국인관광도시민박업,"서울특별시 중구 동호로25길 25, 4~5층 (장충동2가)",서울 중구 장충동2가 193-117,CDFI2262212025000013,2025-03-10,영업/정상(영업중),37.5588212195934,127.001504028577,2
주원 스테이,외국인관광도시민박업,"서울특별시 동대문구 고산자로 516-1, 601호 (제기동)",서울 동대문구 제기동 695,CDFI2262212024000020,2024-08-05,영업/정상(영업중),37.5857392960756,127.038775425346,10
피치플라워,외국인관광도시민박업,"서울특별시 마포구 새창로6나길 22, 3층 302호 (도화동)",서울 마포구 도화동 2-8,CDFI2262212025000152,2025-03-06,영업/정상(영업중),37.5409711878162,126.953870860745,3
스테이 신당,외국인관광도시민박업,"서울특별시 중구 동호로17길 65-3, 1층 (신당동)",서울 중구 신당동 823-11,CDFI2262212024000052,2024-08-26,영업/정상(영업중),37.55545960667,127.00654594815,2
골드 게스트하우스,외국인관광도시민박업,"서울특별시 마포구 양화로16길 14-14, 1층 102호 (서교동)",서울 마포구 서교동 370-10,CDFI2262212025000161,2025-03-12,영업/정상(영업중),37.5528699591273,126.920104290842,3
땡스땡스,외국인관광도시민박업,"서울특별시 마포구 와우산로38길 19, 2층 301호 (동교동)",서울 마포구 동교동 187-6,CDFI2262212025000163,2025-03-13,영업/정상(영업중),37.5553331294681,126.931776265034,3
가로수길홈스테이,외국인관광도시민박업,"서울특별시 강남구 압구정로18길 14-12, 702호 (신사동, 우찬아파트)",서울 강남구 신사동 550-20,CDFI2262212015000013,2015-05-11,영업/정상(영업중),37.5236915419064,127.023846828365,2
MTT 게스트하우스,외국인관광도시민박업,"서울특별시 강남구 테헤란로22길 63-5, 지하1층 102호 (역삼동)",서울 강남구 역삼동 750-13,CDFI2262212017000004,2017-05-30,영업/정상(영업중),37.4956915315617,127.035153471778,2
서울 몽샹,외국인관광도시민박업,"서울특별시 강남구 도산대로85길 40, 1층 2호 (청담동)",서울 강남구 청담동 111-9,CDFI2262212023000004,2023-03-20,영업/정상(영업중),37.5271144652491,127.049802777807,3
도리 하우스,외국인관광도시민박업,"서울특별시 강남구 강남대로154길 22, B01호 (신사동)",서울 강남구 신사동 512-7,CDFI2262212024000012,2024-07-16,영업/정상(영업중),37.5178457581131,127.020924185672,4
무아게스트하우스(Mu:a Guest House),외국인관광도시민박업,"서울특별시 강남구 도산대로85길 40, 1층 1호 (청담동)",서울 강남구 청담동 111-9,CDFI2262212015000007,2015-02-03,영업/정상(영업중),37.5271144652491,127.049802777807,3
하루게스트하우스(Haru Guest House),외국인관광도시민박업,"서울특별시 강남구 테헤란로21길 14, 301호 (역삼동)",서울 강남구 역삼동 644-13,CDFI2262212015000005,2015-01-29,영업/정상(영업중),37.5012363288468,127.034527508682,2
제이제이 하우스,외국인관광도시민박업,"서울특별시 강남구 도산대로4길 14, 201호 (논현동)",서울 강남구 논현동 16-11,CDFI2262212023000003,2023-02-14,영업/정상(영업중),37.5155486980293,127.021157801504,4
제니 하우스,외국인관광도시민박업,"서울특별시 강남구 강남대로154길 22, 102호 (신사동)",서울 강남구 신사동 512-7,CDFI2262212024000003,2024-05-07,영업/정상(영업중),37.5178457581131,127.020924185672,4
홈스테이니어강남코엑스,외국인관광도시민박업,"서울특별시 강남구 봉은사로82길 24, 301호 (삼성동, 아셈아파트)",서울 강남구 삼성동 150-5,CDFI2262212015000021,2015-08-04,영업/정상(영업중),37.5116340906519,127.055016005052,3
24게스트하우스 강남센터,외국인관광도시민박업,서울특별시 강남구 봉은사로20길 52 (역삼동),서울 강남구 역삼동 626-29,CDFI2262212014000010,2014-04-29,영업/정상(영업중),37.5039094079839,127.03335865347,2
그린빌라트,외국인관광도시민박업,"서울특별시 강남구 논현로159길 39, 402호 (신사동)",서울 강남구 신사동 553-5,CDFI2262212015000029,2015-12-09,영업/정상(영업중),37.5222131721199,127.025172161007,2
AK게스트하우스,외국인관광도시민박업,"서울특별시 강남구 테헤란로43길 19, 3층 (역삼동)",서울 강남구 역삼동 700-31,CDFI2262212016000002,2016-01-27,영업/정상(영업중),37.5046061090683,127.043719287128,4
청노루,외국인관광도시민박업,"서울특별시 종로구 성균관로5길 33, 202호 (명륜3가)",서울 종로구 명륜3가 72-4,CDFI2262212025000045,2025-03-17,영업/정상(영업중),37.5846374463617,126.995466317032,2
스테이 한가람(Stay Hangaram),외국인관광도시민박업,"서울특별시 서대문구 신촌로11길 11-7, 904호 (창천동)",서울 서대문구 창천동 112-19,CDFI2262212024000079,2024-12-13,영업/정상(영업중),37.5572172343954,126.932454169288,8
혜화 헤이든 힐즈,외국인관광도시민박업,"서울특별시 종로구 동숭4가길 24, 402호 (동숭동)",서울 종로구 동숭동 2-4,CDFI2262212025000051,2025-04-10,영업/정상(영업중),37.5841028691202,127.004979498013,3
아리하우스(Ari House),외국인관광도시민박업,"서울특별시 서대문구 신촌로1길 90-6, 2층 301호 (창천동)",서울 서대문구 창천동 324,CDFI2262212024000075,2024-12-09,영업/정상(영업중),37.5605371729056,126.929735280163,2
다시오다,외국인관광도시민박업,"서울특별시 중구 퇴계로 336-7, 202호 (광희동2가)",서울 중구 광희동2가 188,CDFI2262212024000046,2024-08-02,영업/정상(영업중),37.5640344999,127.009049927632,3
굿초이스,외국인관광도시민박업,"서울특별시 중구 동호로17길 65-3, 102호 (신당동)",서울 중구 신당동 823-11,CDFI2262212024000051,2024-08-20,영업/정상(영업중),37.55545960667,127.00654594815,2
남산맨션,외국인관광도시민박업,"서울특별시 중구 장충단로7길 21-13, 1층 (장충동2가)",서울 중구 장충동2가 112-6,CDFI2262212024000021,2024-04-30,영업/정상(영업중),37.5619034270143,127.005154812198,3
오유 하우스,외국인관광도시민박업,"서울특별시 강남구 강남대로154길 22, B02호 (신사동)",서울 강남구 신사동 512-7,CDFI2262212024000017,2024-08-20,영업/정상(영업중),37.5178457581131,127.020924185672,4
"슬로우, 디디피",외국인관광도시민박업,"서울특별시 중구 장충단로4길 41, 201호 (장충동1가)",서울 중구 장충동1가 48-34,CDFI2262212024000047,2024-08-08,영업/정상(영업중),37.5606467273865,127.00816149798,3
휴 공간(Hue house),외국인관광도시민박업,"서울특별시 서대문구 신촌로1길 90-6, 지층 102호 (창천동)",서울 서대문구 창천동 324,CDFI2262212024000074,2024-12-09,영업/정상(영업중),37.5605371729056,126.929735280163,2
어퍼하우스(Upper house)#401,외국인관광도시민박업,"서울특별시 강남구 봉은사로63길 29, 401호 (삼성동)",서울 강남구 삼성동 41-24,CDFI2262212019000015,2019-04-09,영업/정상(영업중),37.5131772418812,127.046408261406,4
해피투게더,외국인관광도시민박업,"서울특별시 강남구 논현로65길 43, 102호 (역삼동, 보람아트빌)",서울 강남구 역삼동 793-30,CDFI2262212016000007,2016-03-11,영업/정상(영업중),37.4924757631116,127.036875729729,2
힐링스테이 인 역삼,외국인관광도시민박업,"서울특별시 강남구 언주로67길 13, 101호 (역삼동)",서울 강남구 역삼동 780-22,CDFI2262212024000015,2024-08-08,영업/정상(영업중),37.4957176143763,127.044629852512,2
세계여행자의집,외국인관광도시민박업,"서울특별시 강남구 압구정로2길 46, 707호 (신사동, 강남상가아파트)",서울 강남구 신사동 510-11,CDFI2262212016000006,2016-03-09,영업/정상(영업중),37.5187672551656,127.020691646267,3
제나스위트 강남,외국인관광도시민박업,"서울특별시 강남구 논현로175길 59-4, 의봉빌딩 4~5층 (신사동)",서울 강남구 신사동 550-12,CDFI2262212015000026,2015-10-20,영업/정상(영업중),37.5240673844896,127.024120825888,2
강남게스트하우스 마루,외국인관광도시민박업,"서울특별시 강남구 봉은사로30길 67, 2층 (역삼동)",서울 강남구 역삼동 669-6,CDFI2262212015000023,2015-10-02,영업/정상(영업중),37.5033171248934,127.036868394544,2
서린,외국인관광도시민박업,"서울특별시 강동구 천중로 81-11, B02호 (천호동)",서울 강동구 천호동 301-28,CDFI2262212025000033,2025-04-02,영업/정상(영업중),37.5452650992642,127.131106145557,2
스테이 우드 602,외국인관광도시민박업,"서울특별시 강동구 천호대로200길 22, 201호 (둔촌동)",서울 강동구 둔촌동 602-5,CDFI2262212024000048,2024-12-03,영업/정상(영업중),37.5358825809103,127.149288881669,5
린앤힐,외국인관광도시민박업,"서울특별시 중구 서애로 19-6, 1층 (필동3가)",서울 중구 필동3가 21-36,CDFI2262212025000011,2025-02-28,영업/정상(영업중),37.560306137599,126.997582233721,2
명동스테이,외국인관광도시민박업,"서울특별시 중구 소공로3길 34, 건영공사 1층 (회현동1가)",서울 중구 회현동1가 142-16,CDFI2262212022000010,2022-11-08,영업/정상(영업중),37.5567740420438,126.982529005744,3
YL게스트하우스,외국인관광도시민박업,"서울특별시 중구 소공로6나길 11, 2층 (회현동2가)",서울 중구 회현동2가 42-7,CDFI2262212014000010,2014-04-02,영업/정상(영업중),37.5577988233617,126.983697544473,2
먕스테이,외국인관광도시민박업,"서울특별시 중구 동호로25길 25, 3층 (장충동2가)",서울 중구 장충동2가 193-117,CDFI2262212025000012,2025-03-10,영업/정상(영업중),37.5588212195934,127.001504028577,2
모모스테이(MOMO STAY),외국인관광도시민박업,"서울특별시 서대문구 독립문로6길 18-5, 1층 102호 (옥천동)",서울 서대문구 옥천동 126-127,CDFI2262212025000006,2025-01-02,영업/정상(영업중),37.5692290437207,126.960190503412,2
블랙니트하우스(Blackneat House),외국인관광도시민박업,"서울특별시 서대문구 수색로8가길 22-6, 2층 301호 (북가좌동)",서울 서대문구 북가좌동 381-3,CDFI2262212024000068,2024-11-26,영업/정상(영업중),37.5766305890962,126.905825335144,2
Moon Stay,외국인관광도시민박업,"서울특별시 서대문구 신촌로1길 32-4, 지층 101호 (창천동)",서울 서대문구 창천동 506-7,CDFI2262212024000083,2024-12-19,영업/정상(영업중),37.5591254330658,126.92933606575,3
호호스테이,외국인관광도시민박업,"서울특별시 중구 장충단로4길 41, 101호 (장충동1가)",서울 중구 장충동1가 48-34,CDFI2262212024000053,2024-09-03,영업/정상(영업중),37.5606467273865,127.00816149798,3
Seoul Archive,외국인관광도시민박업,"서울특별시 서대문구 경기대로5길 30, 202호 (충정로3가)",서울 서대문구 충정로3가 3-52,CDFI2262212025000030,2025-04-14,영업/정상(영업중),37.5629655327437,126.96055648035,2
소이 하우스1,외국인관광도시민박업,"서울특별시 마포구 독막로6길 34, 지하1,1,2층 (합정동)",서울 마포구 합정동 361-38,CDFI2262212019000127,2019-10-21,영업/정상(영업중),37.5465822199919,126.916795755739,2
온더하우스,외국인관광도시민박업,"서울특별시 강서구 허준로 234, 908동 4층 406호 (가양동, 가양9단지아파트)",서울 강서구 가양동 1490,CDFI2262212019000004,2019-04-26,영업/정상(영업중),37.5585550447206,126.863376121004,2
우디하우스,외국인관광도시민박업,"서울특별시 마포구 와우산로29라길 7-1, 2층 201호 (서교동)",서울 마포구 서교동 334-24,CDFI2262212025000159,2025-03-11,영업/정상(영업중),37.5553531208893,126.927524103553,2
Dreamer Nest,외국인관광도시민박업,"서울특별시 종로구 동숭4라길 8, 조윤홈 101호 (동숭동)",서울 종로구 동숭동 5-1,CDFI2262212025000038,2025-02-25,영업/정상(영업중),37.5840003050037,127.005668640442,4
숨2nd,외국인관광도시민박업,"서울특별시 중구 퇴계로20길 47-4, 2층 (남산동2가)",서울 중구 남산동2가 25-5,CDFI2262212023000020,2023-08-03,영업/정상(영업중),37.5581853749715,126.986769437111,2
라라하우스,외국인관광도시민박업,"서울특별시 중구 소공로6나길 9-4, 1층 (회현동2가)",서울 중구 회현동2가 42-24,CDFI2262212023000018,2023-06-27,영업/정상(영업중),37.5578130929732,126.983944606615,2
존,외국인관광도시민박업,"서울특별시 중구 퇴계로18길 67-11, 1층 (남산동2가)",서울 중구 남산동2가 45-8,CDFI2262212023000022,2023-08-21,영업/정상(영업중),37.5579879939514,126.984755710083,3
어반아트스테이,외국인관광도시민박업,"서울특별시 중구 마장로9길 49-19, 4~5층 (황학동)",서울 중구 황학동 17,CDFI2262212014000029,2014-12-11,영업/정상(영업중),37.5701689256124,127.018392139147,2
ANNA HOUSE,외국인관광도시민박업,"서울특별시 중구 퇴계로20길 41-14, 지하1층 (남산동2가)",서울 중구 남산동2가 21-3,CDFI2262212018000014,2018-12-17,영업/정상(영업중),37.5585619929564,126.986779782902,4
명동 루프탑호스텔 1,외국인관광도시민박업,"서울특별시 중구 퇴계로20길 47, 2층 (남산동2가)",서울 중구 남산동2가 19-12,CDFI2262212018000005,2018-05-30,영업/정상(영업중),37.5582586943492,126.986576343145,2
슬로우 바이브,외국인관광도시민박업,"서울특별시 중구 소공로6길 32, 2층 (남산동2가)",서울 중구 남산동2가 43-3,CDFI2262212014000016,2014-06-11,영업/정상(영업중),37.5584165130322,126.984792971473,5
명동 루프탑호스텔 2,외국인관광도시민박업,"서울특별시 중구 퇴계로20길 47, 3층 (남산동2가)",서울 중구 남산동2가 19-12,CDFI2262212018000004,2018-05-30,영업/정상(영업중),37.5582586943492,126.986576343145,2
남산 포레스트,외국인관광도시민박업,"서울특별시 중구 퇴계로14길 29, 그랜드 필드 503,504호 (남산동1가)",서울 중구 남산동1가 16-6,CDFI2262212014000018,2014-07-02,영업/정상(영업중),37.5591939658366,126.983978490389,5
영게스트하우스,외국인관광도시민박업,"서울특별시 중구 소공로6길 22, 301호 (남산동1가)",서울 중구 남산동1가 18-2,CDFI2262212019000020,2019-07-26,영업/정상(영업중),37.5583058780157,126.98416417876,9
메종 드 마담 하라,외국인관광도시민박업,"서울특별시 중구 소공로6길 22, 203호 (남산동1가)",서울 중구 남산동1가 18-2,CDFI2262212019000015,2019-06-14,영업/정상(영업중),37.5583058780157,126.98416417876,9
닐라하우스,외국인관광도시민박업,"서울특별시 중구 소공로6길 22, 102호 (남산동1가)",서울 중구 남산동1가 18-2,CDFI2262212019000023,2019-08-06,영업/정상(영업중),37.5583058780157,126.98416417876,9
두두하우스,외국인관광도시민박업,"서울특별시 중구 소공로6길 22, 202호 (남산동1가)",서울 중구 남산동1가 18-2,CDFI2262212019000002,2019-01-21,영업/정상(영업중),37.5583058780157,126.98416417876,9
포레스트 그린,외국인관광도시민박업,"서울특별시 마포구 성미산로 126-7, 202호 (연남동)",서울 마포구 연남동 509-10,CDFI2262212024000379,2024-11-11,영업/정상(영업중),37.562636182204,126.921244946052,3
아띠연남,외국인관광도시민박업,"서울특별시 마포구 성미산로 116-7, 2층 (연남동)",서울 마포구 연남동 504-9,CDFI2262212024000397,2024-11-20,영업/정상(영업중),37.5621409981789,126.920310345593,2
JUNG STAY,외국인관광도시민박업,"서울특별시 양천구 목동중앙북로22길 3-14, 101호 (목동)",서울 양천구 목동 521-23,CDFI2262212025000007,2025-02-17,영업/정상(영업중),37.5460943152502,126.877302842554,3
퀸즈네스트,외국인관광도시민박업,"서울특별시 송파구 백제고분로28길 6-17, 102호 (삼전동)",서울 송파구 삼전동 61-6,CDFI2262212024000001,2024-01-12,영업/정상(영업중),37.5027867185269,127.091194665503,3
마중물,외국인관광도시민박업,"서울특별시 송파구 백제고분로11길 8-24, 303호 (잠실동)",서울 송파구 잠실동 223-7,CDFI2262212024000038,2024-11-15,영업/정상(영업중),37.5070877898178,127.081144151538,7
Good People ⅱ,외국인관광도시민박업,"서울특별시 송파구 백제고분로13길 5-1, 401호 (잠실동)",서울 송파구 잠실동 225-6,CDFI2262212024000042,2024-12-03,영업/정상(영업중),37.5071947732605,127.081878063019,3
잠실스테이 위드 월드타워,외국인관광도시민박업,"서울특별시 송파구 백제고분로11길 8-24, 202호 (잠실동)",서울 송파구 잠실동 223-7,CDFI2262212024000040,2024-11-27,영업/정상(영업중),37.5070877898178,127.081144151538,7
57 Space,외국인관광도시민박업,"서울특별시 마포구 새창로6가길 18, 지층 101호 (도화동)",서울 마포구 도화동 4-78,CDFI2262212024000103,2024-05-17,영업/정상(영업중),37.5412414086084,126.953668718172,4
Mark's Guest House 1,외국인관광도시민박업,"서울특별시 마포구 동교로 153-6, 1층 (서교동)",서울 마포구 서교동 446-7,CDFI2262212017000045,2017-05-31,영업/정상(영업중),37.5558741144524,126.918986433128,4
조이플시티,외국인관광도시민박업,"서울특별시 송파구 백제고분로11길 8-24, 1층 203호 (잠실동)",서울 송파구 잠실동 223-7,CDFI2262212024000037,2024-11-15,영업/정상(영업중),37.5070877898178,127.081144151538,7
더 퍼플 스테이 홍대,외국인관광도시민박업,"[121818] 서울특별시 마포구 신촌로8길 18, 2층 201호 (동교동)",서울 마포구 동교동 181-2,CDFI2262212015000079,2015-03-03,영업/정상(영업중),37.5563904800598,126.930438141243,2
Puerto Varas,외국인관광도시민박업,"서울특별시 송파구 삼전로7길 17, 101호 (잠실동)",서울 송파구 잠실동 235-4,CDFI2262212024000024,2024-07-22,영업/정상(영업중),37.5055905232467,127.086445810315,2
두드림(do!dream),외국인관광도시민박업,"서울특별시 광진구 자양로25길 14-4, B01호 (구의동)",서울 광진구 구의동 254-63,CDFI2262212025000018,2025-03-20,영업/정상(영업중),37.5418476266683,127.083237114994,2
Groove City guest house,외국인관광도시민박업,"서울특별시 송파구 풍성로25나길 16-1, 101동 301호 (풍납동, 금강캐스빌아파트)",서울 송파구 풍납동 513,CDFI2262212012000008,2012-09-26,영업/정상(영업중),37.535698985326,127.118959514871,2
Mark's Guest House,외국인관광도시민박업,"서울특별시 마포구 동교로 153-6, 지하1층 (서교동)",서울 마포구 서교동 446-7,CDFI2262212017000044,2017-05-31,영업/정상(영업중),37.5558741144524,126.918986433128,4
serenity house,외국인관광도시민박업,"서울특별시 송파구 마천로7가길 3-1, 광창빌딩 402호 (오금동)",서울 송파구 오금동 18-18,CDFI2262212024000028,2024-08-08,영업/정상(영업중),37.5087084777738,127.127588139818,3
번영 101호,외국인관광도시민박업,"서울특별시 송파구 삼학사로6길 24, 번영주택 101호 (석촌동)",서울 송파구 석촌동 228-10,CDFI2262212024000023,2024-07-17,영업/정상(영업중),37.4997101733557,127.099423248042,6
마음이 머무는 김여사의 사랑채,외국인관광도시민박업,[138-220] 서울특별시 송파구 백제고분로19길 4-7 (잠실동),서울 송파구 잠실동 249-8,CDFI2262212015000006,2015-04-06,영업/정상(영업중),37.5052505251328,127.087125586688,2
솔 (SOL),외국인관광도시민박업,"서울특별시 송파구 마천로7가길 3-1, 광창빌딩 302호 (오금동)",서울 송파구 오금동 18-18,CDFI2262212024000027,2024-08-08,영업/정상(영업중),37.5087084777738,127.127588139818,3
하니하우스,외국인관광도시민박업,"서울특별시 송파구 석촌호수로20길 5, 202호 (석촌동, 레이크빌)",서울 송파구 석촌동 159-10,CDFI2262212018000004,2018-05-24,영업/정상(영업중),37.5068199824701,127.101987263044,3
코지하우스4,외국인관광도시민박업,"서울특별시 중구 소공로6길 22, 201호 (남산동1가)",서울 중구 남산동1가 18-2,CDFI2262212021000003,2021-08-05,영업/정상(영업중),37.5583058780157,126.98416417876,9
마루지 게스트하우스,외국인관광도시민박업,"서울특별시 마포구 연남로5길 30-4, B1,1,2층 (연남동)",서울 마포구 연남동 504-16,CDFI2262212012000005,2012-12-10,영업/정상(영업중),37.561734885605,126.920260751333,2
케이브 명동,외국인관광도시민박업,"서울특별시 중구 소공로6길 34, 2~3층 (남산동2가)",서울 중구 남산동2가 43-8,CDFI2262212021000007,2021-11-23,영업/정상(영업중),37.5584361809914,126.984997932613,2
아린 하우스,외국인관광도시민박업,"서울특별시 마포구 동교로27길 27-10, 102호 (동교동)",서울 마포구 동교동 204-7,CDFI2262212024000214,2024-08-13,영업/정상(영업중),37.5590788798606,126.921669941898,4
멜로우 스테이 2호점,외국인관광도시민박업,"서울특별시 마포구 백범로1길 12-11, 1층 202호 (노고산동)",서울 마포구 노고산동 31-43,CDFI2262212025000162,2025-03-12,영업/정상(영업중),37.554159418883,126.938192229044,2
모노홈1,외국인관광도시민박업,"서울특별시 마포구 신촌로6길 17-8, 102호 (동교동)",서울 마포구 동교동 181-10,CDFI2262212024000341,2024-10-22,영업/정상(영업중),37.5565413154671,126.930299701191,3
멜로우 스테이,외국인관광도시민박업,"서울특별시 마포구 백범로1길 12-11, 102호 (노고산동)",서울 마포구 노고산동 31-43,CDFI2262212024000474,2024-12-20,영업/정상(영업중),37.554159418883,126.938192229044,2
블루브릭스 연남,외국인관광도시민박업,"서울특별시 마포구 동교로29길 42, 4층 (연남동)",서울 마포구 연남동 257-19,CDFI2262212025000149,2025-03-05,영업/정상(영업중),37.5624095708286,126.922866317056,2
인 스테이,외국인관광도시민박업,"서울특별시 마포구 포은로 83, 401호 (망원동, 오체어스빌딩)",서울 마포구 망원동 399-57,CDFI2262212025000153,2025-03-07,영업/정상(영업중),37.5544106635731,126.905239912374,2
Paul's 하우스,외국인관광도시민박업,"서울특별시 마포구 와우산로3안길 30, 지층 101호 (상수동)",서울 마포구 상수동 335-21,CDFI2262212025000094,2025-02-12,영업/정상(영업중),37.5463913855537,126.921258870782,3
신촌 블랑,외국인관광도시민박업,"서울특별시 마포구 와우산로38길 29, 지1층 (동교동)",서울 마포구 동교동 190-37,CDFI2262212025000165,2025-03-18,영업/정상(영업중),37.5549142519885,126.932239183037,2
헤이즐 하우스,외국인관광도시민박업,"서울특별시 마포구 동교로34길 20, 1층 201호 (연남동)",서울 마포구 연남동 381-11,CDFI2262212025000164,2025-03-14,영업/정상(영업중),37.5607677491809,126.925349171874,3
Susan's 하우스,외국인관광도시민박업,"서울특별시 마포구 와우산로3안길 30, 3층 (상수동)",서울 마포구 상수동 335-21,CDFI2262212025000096,2025-02-12,영업/정상(영업중),37.5463913855537,126.921258870782,3
수리 스테이,외국인관광도시민박업,"서울특별시 마포구 와우산로25길 22, 201호 (서교동, 협화빌라)",서울 마포구 서교동 340-12,CDFI2262212025000095,2025-02-12,영업/정상(영업중),37.5542820679405,126.926155425259,6
철스 코지 하우스,외국인관광도시민박업,"서울특별시 마포구 와우산로29다길 9, 2층 (서교동)",서울 마포구 서교동 335-29,CDFI2262212025000093,2025-02-12,영업/정상(영업중),37.5550079723592,126.928004516286,2
쁘띠또뗄,외국인관광도시민박업,"서울특별시 송파구 송파대로39길 15, 302호 (석촌동)",서울 송파구 석촌동 279-6,CDFI2262212024000012,2024-05-13,영업/정상(영업중),37.5022291717068,127.10728767807,2
페이포릿 마포,외국인관광도시민박업,"서울특별시 마포구 마포대로4길 47-3, 3층 (도화동)",서울 마포구 도화동 157-2,CDFI2262212025000144,2025-03-04,영업/정상(영업중),37.5375590743581,126.946942751378,2
돌마리 하우스,외국인관광도시민박업,"서울특별시 송파구 석촌호수로18길 23-6, 402호 (석촌동)",서울 송파구 석촌동 150-10,CDFI2262212023000019,2023-10-31,영업/정상(영업중),37.5048521803036,127.101996008921,2
뷰티하임,외국인관광도시민박업,"서울특별시 관악구 관악로14가길 80, B101호 (봉천동)",서울 관악구 봉천동 1616-17,CDFI2262212024000158,2024-12-09,영업/정상(영업중),37.4750473384863,126.954726853151,2
스테이 송파(Stay Songpa),외국인관광도시민박업,"서울특별시 송파구 위례성대로2길 49, B1호 (방이동)",서울 송파구 방이동 102-15,CDFI2262212024000006,2024-02-13,영업/정상(영업중),37.5128393952692,127.111478054288,2
K&Min's Riverside stay in Hongdae,외국인관광도시민박업,"서울특별시 마포구 독막로8길 23, 3층 302호 (합정동)",서울 마포구 합정동 355-15,CDFI2262212025000118,2025-02-20,영업/정상(영업중),37.5468114335871,126.918083717499,2
K&Min Riverside stay in Hongdae,외국인관광도시민박업,"서울특별시 마포구 독막로8길 23, 3층 301호 (합정동)",서울 마포구 합정동 355-15,CDFI2262212025000119,2025-02-20,영업/정상(영업중),37.5468114335871,126.918083717499,2
씨탑,외국인관광도시민박업,서울특별시 마포구 동교로23길 89-7 (성산동),서울 마포구 성산동 630-17,CDFI2262212024000413,2024-11-26,영업/정상(영업중),37.5595360036494,126.917507173557,4
정진,외국인관광도시민박업,"서울특별시 마포구 연남로5길 30-9, 지층 (연남동)",서울 마포구 연남동 504-19,CDFI2262212025000098,2025-02-13,영업/정상(영업중),37.5618069475043,126.919968096607,6
코지M,외국인관광도시민박업,"서울특별시 마포구 고산2길 33, 102호 (노고산동)",서울 마포구 노고산동 12-209,CDFI2262212024000221,2024-08-19,영업/정상(영업중),37.5537458227922,126.939334803192,2
씨티팰리스,외국인관광도시민박업,"서울특별시 마포구 서강로20길 11, 402호 (노고산동)",서울 마포구 노고산동 107-29,CDFI2262212025000103,2025-02-17,영업/정상(영업중),37.5539362644759,126.936536607616,4
스테이 홍대101,외국인관광도시민박업,"서울특별시 마포구 와우산로37길 14, 101호 (동교동)",서울 마포구 동교동 181-16,CDFI2262212024000294,2024-09-26,영업/정상(영업중),37.5563319947258,126.930267415024,2
Sunny House 101,외국인관광도시민박업,"서울특별시 마포구 연남로1길 24-12, 지층 101호 (연남동)",서울 마포구 연남동 566-20,CDFI2262212025000124,2025-02-21,영업/정상(영업중),37.5608255935246,126.921460991216,3
Stay Wood,외국인관광도시민박업,"서울특별시 마포구 고산길 50, 302호 (노고산동)",서울 마포구 노고산동 12-56,CDFI2262212025000106,2025-02-17,영업/정상(영업중),37.554136485802,126.939844323496,2
Sunny House 202,외국인관광도시민박업,"서울특별시 마포구 연남로1길 24-12, 1층 202호 (연남동)",서울 마포구 연남동 566-20,CDFI2262212025000125,2025-02-21,영업/정상(영업중),37.5608255935246,126.921460991216,3
SOUL G MANGWON,외국인관광도시민박업,"서울특별시 마포구 망원로7길 54, 4층 (망원동)",서울 마포구 망원동 476-30,CDFI2262212025000102,2025-02-14,영업/정상(영업중),37.5598179102991,126.904572320384,2
Sunny House,외국인관광도시민박업,"서울특별시 마포구 연남로1길 24-12, 지층 102호 (연남동)",서울 마포구 연남동 566-20,CDFI2262212025000123,2025-02-21,영업/정상(영업중),37.5608255935246,126.921460991216,3
애플망고하우스,외국인관광도시민박업,"서울특별시 송파구 석촌호수로12길 49, 103호 (잠실동)",서울 송파구 잠실동 221-18,CDFI2262212024000003,2024-01-24,영업/정상(영업중),37.50825643913,127.081076876683,2
주식회사 연당,외국인관광도시민박업,"서울특별시 송파구 중대로 24, 310동 101호 (문정동, 올림픽훼밀리타운)",서울 송파구 문정동 150,CDFI2262212021000001,2021-06-03,영업/정상(영업중),37.4881292540693,127.111066039437,3
"머물다, 잠실",외국인관광도시민박업,"서울특별시 송파구 올림픽로12길 26, 1층 (잠실동)",서울 송파구 잠실동 204-9,CDFI2262212024000019,2024-06-14,영업/정상(영업중),37.5092779954221,127.083154450326,2
"누리다, 잠실",외국인관광도시민박업,"서울특별시 송파구 올림픽로12길 26, B01호 (잠실동)",서울 송파구 잠실동 204-9,CDFI2262212024000020,2024-06-14,영업/정상(영업중),37.5092779954221,127.083154450326,2
굿웰하우스,외국인관광도시민박업,"서울특별시 마포구 어울마당로 153-2, 지층 1호 (동교동)",서울 마포구 동교동 170-7,CDFI2262212025000100,2025-02-14,영업/정상(영업중),37.5569433925789,126.926957703959,2
Seoul Stay Mapo,외국인관광도시민박업,"서울특별시 마포구 독막로29길 38-5, 2층 201호 (신수동)",서울 마포구 신수동 88-26,CDFI2262212025000117,2025-02-20,영업/정상(영업중),37.5481979971989,126.938947757787,2
어반리브인석촌,외국인관광도시민박업,"서울특별시 송파구 백제고분로34길 3-47, 202호 (석촌동)",서울 송파구 석촌동 237-3,CDFI2262212024000008,2024-04-23,영업/정상(영업중),37.5010092366216,127.10017781794,6
문경빌딩,외국인관광도시민박업,"서울특별시 송파구 백제고분로45길 8, 3층 (송파동)",서울 송파구 송파동 49-11,CDFI2262212023000026,2023-12-13,영업/정상(영업중),37.5093411936495,127.110672756439,2
안녕스테이,외국인관광도시민박업,"서울특별시 송파구 백제고분로28길 27-6, B102호 (삼전동)",서울 송파구 삼전동 66-11,CDFI2262212024000030,2024-08-20,영업/정상(영업중),37.5003231818337,127.091553444476,2
메트로하우스,외국인관광도시민박업,"서울특별시 송파구 중대로33길 12, 101호 (오금동, 메트로 빌)",서울 송파구 오금동 38-8,CDFI2262212019000005,2019-10-18,영업/정상(영업중),37.506185530349,127.130434276936,2
레이크 게스트하우스,외국인관광도시민박업,서울특별시 송파구 삼학사로14길 24-1 (석촌동),서울 송파구 석촌동 16-7,CDFI2262212014000004,2014-10-16,영업/정상(영업중),37.5034078190252,127.099839815884,2
Heidi house,외국인관광도시민박업,"서울특별시 송파구 석촌호수로20길 5 (석촌동, 레이크빌)",서울 송파구 석촌동 159-10,CDFI2262212016000015,2016-11-03,영업/정상(영업중),37.5068199824701,127.101987263044,3
"Zen House, Jamsil",외국인관광도시민박업,"서울특별시 송파구 송파대로47길 5-1, 목련주택 B02호 (석촌동)",서울 송파구 석촌동 181-8,CDFI2262212024000022,2024-06-24,영업/정상(영업중),37.5073510655399,127.104018368636,3
레이크 하우스,외국인관광도시민박업,"서울특별시 송파구 석촌호수로20길 5, 301호 (석촌동, 레이크빌)",서울 송파구 석촌동 159-10,CDFI2262212023000006,2023-06-02,영업/정상(영업중),37.5068199824701,127.101987263044,3
So rest(소유식),외국인관광도시민박업,"서울특별시 송파구 백제고분로18길 3-11, 203호 (잠실동)",서울 송파구 잠실동 335-10,CDFI2262212024000009,2024-04-24,영업/정상(영업중),37.5046072579738,127.085577452332,2
꿈꾸는다락방,외국인관광도시민박업,"서울특별시 송파구 백제고분로34길 3-47, 102호 (석촌동)",서울 송파구 석촌동 237-3,CDFI2262212024000010,2024-05-01,영업/정상(영업중),37.5010092366216,127.10017781794,6
Comestay,외국인관광도시민박업,"서울특별시 송파구 풍성로10길 4, 301호 (풍납동)",서울 송파구 풍납동 222-180,CDFI2262212015000010,2015-10-30,영업/정상(영업중),37.5339408,127.1159780,2
파세토 스테이,외국인관광도시민박업,"서울특별시 마포구 양화로15안길 26, B101호 (서교동)",서울 마포구 서교동 375-28,CDFI2262212025000011,2025-01-07,영업/정상(영업중),37.5538379233783,126.918163621514,3
해피니스 홍대,외국인관광도시민박업,"서울특별시 마포구 신촌로10길 22-10, 2층 (동교동)",서울 마포구 동교동 187-21,CDFI2262212025000043,2025-01-22,영업/정상(영업중),37.5555894355937,126.931572771671,2
릴리의 홈,외국인관광도시민박업,"서울특별시 마포구 와우산로29마길 15-8, 201호 (서교동)",서울 마포구 서교동 333-39,CDFI2262212025000028,2025-01-13,영업/정상(영업중),37.5551157448257,126.92670790462,4
명륜하우스,외국인관광도시민박업,"서울특별시 마포구 잔다리로7안길 37-3, 지층 02호 (서교동, 대덕빌라)",서울 마포구 서교동 380-26,CDFI2262212025000037,2025-01-14,영업/정상(영업중),37.5524564387047,126.915751128312,2
우드스테이,외국인관광도시민박업,"서울특별시 마포구 희우정로1길 6-8, 201호 (합정동)",서울 마포구 합정동 398-20,CDFI2262212025000012,2025-01-07,영업/정상(영업중),37.5494229700811,126.907692271412,2
Stay Window,외국인관광도시민박업,"서울특별시 마포구 고산길 50, 202호 (노고산동)",서울 마포구 노고산동 12-56,CDFI2262212025000064,2025-02-03,영업/정상(영업중),37.554136485802,126.939844323496,2
내스트 온 연남,외국인관광도시민박업,"서울특별시 마포구 동교로25길 85, 401호 (연남동, 베네치아)",서울 마포구 연남동 563-2,CDFI2262212025000047,2025-01-22,영업/정상(영업중),37.5601396664127,126.919062059793,2
스테이 업 데즐링,외국인관광도시민박업,"서울특별시 마포구 고산2길 17, 203호 (노고산동)",서울 마포구 노고산동 31-101,CDFI2262212025000066,2025-02-03,영업/정상(영업중),37.5534926385432,126.938456806223,2
Seonja 하우스 3F,외국인관광도시민박업,"서울특별시 마포구 서강로11길 36-5, 3층 (창전동)",서울 마포구 창전동 4-9,CDFI2262212025000040,2025-01-22,영업/정상(영업중),37.5542203996334,126.931624271577,3
JJ하우스2,외국인관광도시민박업,"서울특별시 마포구 신촌로2안길 6, 202호 (동교동)",서울 마포구 동교동 176-14,CDFI2262212025000027,2025-01-13,영업/정상(영업중),37.5575246597945,126.927451151903,3
홀링하우스,외국인관광도시민박업,"서울특별시 마포구 월드컵북로8길 23, 402호 (연남동)",서울 마포구 연남동 487-410,CDFI2262212025000069,2025-02-04,영업/정상(영업중),37.5595573115744,126.918479135997,6
JW STAY,외국인관광도시민박업,"서울특별시 마포구 와우산로35길 9-8, 지층 101호 (서교동)",서울 마포구 서교동 326-27,CDFI2262212025000030,2025-01-13,영업/정상(영업중),37.5556558391911,126.929732054666,3
킹자하우스,외국인관광도시민박업,"서울특별시 마포구 양화로23길 4-17, 지층 102호 (동교동)",서울 마포구 동교동 147-43,CDFI2262212025000056,2025-01-23,영업/정상(영업중),37.5593727662112,126.925969654249,4
Sook house,외국인관광도시민박업,"서울특별시 마포구 월드컵로20길 53, 1층 (서교동)",서울 마포구 서교동 247-61,CDFI2262212025000009,2025-01-07,영업/정상(영업중),37.5581886059883,126.911952890057,2
Nest ssemi,외국인관광도시민박업,"서울특별시 마포구 신촌로8길 14, 지층 102호 (동교동)",서울 마포구 동교동 181-1,CDFI2262212025000065,2025-02-03,영업/정상(영업중),37.5565257091189,126.930573146451,4
게스 하우스,외국인관광도시민박업,"서울특별시 마포구 와우산로29길 56-11, 101호 (서교동)",서울 마포구 서교동 330-11,CDFI2262212025000031,2025-01-13,영업/정상(영업중),37.556041611948,126.927148151001,3
MJ house 301,외국인관광도시민박업,"서울특별시 마포구 월드컵로7길 27-24, 2층 301호 (합정동)",서울 마포구 합정동 429-31,CDFI2262212025000071,2025-02-04,영업/정상(영업중),37.5522517339909,126.909896134102,3
JJ하우스1,외국인관광도시민박업,"서울특별시 마포구 신촌로2안길 6, 201호 (동교동)",서울 마포구 동교동 176-14,CDFI2262212025000025,2025-01-13,영업/정상(영업중),37.5575246597945,126.927451151903,3
MJ house 102,외국인관광도시민박업,"서울특별시 마포구 월드컵로7길 27-24, 지층 102호 (합정동)",서울 마포구 합정동 429-31,CDFI2262212025000070,2025-02-04,영업/정상(영업중),37.5522517339909,126.909896134102,3
에덴 게스트하우스 3,외국인관광도시민박업,"서울특별시 마포구 홍익로5안길 50, 202호 (서교동)",서울 마포구 서교동 370-24,CDFI2262212025000039,2025-01-16,영업/정상(영업중),37.5528958021635,126.920347917127,3
나루홈스테이,외국인관광도시민박업,"서울특별시 송파구 올림픽로 435, 205동 2102호 (신천동, 파크리오)",서울 송파구 신천동 17,CDFI2262212013000001,2013-01-18,영업/정상(영업중),37.5213592954462,127.104971745978,4
문경,외국인관광도시민박업,"서울특별시 송파구 백제고분로45길 8, 4층 (송파동)",서울 송파구 송파동 49-11,CDFI2262212022000005,2022-11-08,영업/정상(영업중),37.5093411936495,127.110672756439,2
Army House,외국인관광도시민박업,"서울특별시 마포구 와우산로33길 17, 2층 301호 (서교동, 석산빌라)",서울 마포구 서교동 327-2,CDFI2262212025000074,2025-02-06,영업/정상(영업중),37.5553029890765,126.929397280376,3
몽환의 숲,외국인관광도시민박업,"서울특별시 송파구 송파대로39길 15, 302호 (석촌동)",서울 송파구 석촌동 279-6,CDFI2262212024000013,2024-05-14,영업/정상(영업중),37.5022291717068,127.10728767807,2
도담e하우스,외국인관광도시민박업,"서울특별시 송파구 백제고분로18길 3-11, 302호 (잠실동)",서울 송파구 잠실동 335-10,CDFI2262212023000012,2023-08-09,영업/정상(영업중),37.5046072579738,127.085577452332,2
루하 하우스,외국인관광도시민박업,"서울특별시 마포구 연남로5길 24, 1층 101호 (연남동, 한일하이츠빌라)",서울 마포구 연남동 504-42,CDFI2262212025000077,2025-02-06,영업/정상(영업중),37.5619501451329,126.920545064395,2
Green Haven,외국인관광도시민박업,"서울특별시 마포구 성미산로23길 20, 4층 401호 (연남동)",서울 마포구 연남동 246-31,CDFI2262212025000122,2025-02-21,영업/정상(영업중),37.5643986407505,126.921274783042,2
KeKeKe,외국인관광도시민박업,"서울특별시 마포구 동교로29길 42, 3층 301호 (연남동)",서울 마포구 연남동 257-19,CDFI2262212025000134,2025-02-26,영업/정상(영업중),37.5624095708286,126.922866317056,2
민트컨디션,외국인관광도시민박업,"서울특별시 마포구 어울마당로2길 15, 2층 (당인동)",서울 마포구 당인동 15-35,CDFI2262212025000089,2025-02-12,영업/정상(영업중),37.546224401105,126.920141823804,2
STAY OK SEOUL,외국인관광도시민박업,"서울특별시 마포구 독막로34길 26, 201호 (신수동)",서울 마포구 신수동 42-12,CDFI2262212025000132,2025-02-26,영업/정상(영업중),37.5462223544323,126.939078144444,2
도로시 하우스,외국인관광도시민박업,"서울특별시 마포구 와우산로37길 14, 201호 (동교동)",서울 마포구 동교동 181-16,CDFI2262212025000086,2025-02-11,영업/정상(영업중),37.5563319947258,126.930267415024,2
하우스우아,외국인관광도시민박업,"서울특별시 마포구 월드컵북로8길 29, 지1층 (연남동)",서울 마포구 연남동 487-270,CDFI2262212025000084,2025-02-11,영업/정상(영업중),37.5598035300893,126.918575070671,2
Solar House,외국인관광도시민박업,"서울특별시 마포구 양화로21길 17, 4층 (동교동)",서울 마포구 동교동 154-2,CDFI2262212025000142,2025-02-28,영업/정상(영업중),37.558996833997,126.92491338982,2
Space Hue,외국인관광도시민박업,"서울특별시 송파구 오금로31가길 1 (방이동, 런던빌)",서울 송파구 방이동 224-12,CDFI2262212015000008,2015-08-24,영업/정상(영업중),37.5066835106457,127.121919419731,2
투어스 게스트하우스,외국인관광도시민박업,"서울특별시 마포구 동교로27길 44-10, 지층 101호 (연남동)",서울 마포구 연남동 567-54,CDFI2262212025000081,2025-02-10,영업/정상(영업중),37.5600458561077,126.921982099463,2
감 게스트,외국인관광도시민박업,"서울특별시 마포구 와우산로29길 26-5, 2층 (서교동)",서울 마포구 서교동 328-49,CDFI2262212025000079,2025-02-06,영업/정상(영업중),37.5554668749313,126.928489701712,2
뷰티플랜드,외국인관광도시민박업,"서울특별시 마포구 동교로 278-1, 201호 (연남동)",서울 마포구 연남동 224-22,CDFI2262212025000004,2025-01-02,영업/정상(영업중),37.5640644198625,126.926522115179,3
제이와이 스테이,외국인관광도시민박업,"서울특별시 마포구 성미산로11길 117, 2층 201호 (성산동)",서울 마포구 성산동 23-4,CDFI2262212025000135,2025-02-26,영업/정상(영업중),37.5658232798949,126.915390850205,3
1928스튜디오,외국인관광도시민박업,"서울특별시 마포구 월드컵로7길 62-1, 1층 102호 (합정동)",서울 마포구 합정동 432-21,CDFI2262212025000083,2025-02-10,영업/정상(영업중),37.5529586467847,126.908477268475,2
J' Stay,외국인관광도시민박업,"서울특별시 마포구 성암로 219-3, 3층 (상암동)",서울 마포구 상암동 2-34,CDFI2262212025000080,2025-02-10,영업/정상(영업중),37.5786949679191,126.895365213883,2
YOUNGSTAY2,외국인관광도시민박업,"서울특별시 마포구 월드컵북로4길 15-4, 1층 202호 (동교동)",서울 마포구 동교동 203-25,CDFI2262212025000015,2025-01-07,영업/정상(영업중),37.5573986692747,126.920678239322,5
에이트 하우스,외국인관광도시민박업,"서울특별시 마포구 성미산로3나길 33, 204호 (성산동, 성산이튼캐슬)",서울 마포구 성산동 258-5,CDFI2262212025000003,2025-01-02,영업/정상(영업중),37.5604040637231,126.9075864834,2
블루 스테이,외국인관광도시민박업,"서울특별시 마포구 동교로52길 10-5, 2층 201호 (연남동)",서울 마포구 연남동 224-4,CDFI2262212025000138,2025-02-28,영업/정상(영업중),37.5637796456306,126.927007283433,2
메종 서울,외국인관광도시민박업,"서울특별시 마포구 성미산로3나길 33, 201호 (성산동, 성산이튼캐슬)",서울 마포구 성산동 258-5,CDFI2262212025000002,2025-01-02,영업/정상(영업중),37.5604040637231,126.9075864834,2
스테이 유,외국인관광도시민박업,"서울특별시 마포구 동교로51길 43, 202호 (연남동)",서울 마포구 연남동 223-122,CDFI2262212024000078,2024-04-25,영업/정상(영업중),37.5654887214966,126.9245336917,5
에이치 스테이,외국인관광도시민박업,"서울특별시 마포구 성지3길 59, 2층 (합정동)",서울 마포구 합정동 361-45,CDFI2262212025000133,2025-02-26,영업/정상(영업중),37.54627062502,126.916244110253,2
YOUNGSTAY1,외국인관광도시민박업,"서울특별시 마포구 월드컵북로4길 15-4, 지층 101호 (동교동)",서울 마포구 동교동 203-25,CDFI2262212025000014,2025-01-07,영업/정상(영업중),37.5573986692747,126.920678239322,5
그린 스테이,외국인관광도시민박업,"서울특별시 마포구 동교로52길 10-5, 3층 301호 (연남동)",서울 마포구 연남동 224-4,CDFI2262212025000139,2025-02-28,영업/정상(영업중),37.5637796456306,126.927007283433,2
우광,외국인관광도시민박업,"서울특별시 마포구 고산2길 17, 1층 202호 (노고산동)",서울 마포구 노고산동 31-101,CDFI2262212025000088,2025-02-12,영업/정상(영업중),37.5534926385432,126.938456806223,2
샘스테이2,외국인관광도시민박업,"서울특별시 마포구 월드컵북로4길 15-4, 1층 201호 (동교동)",서울 마포구 동교동 203-25,CDFI2262212025000018,2025-01-07,영업/정상(영업중),37.5573986692747,126.920678239322,5
Bomi's House,외국인관광도시민박업,"서울특별시 마포구 동교로41길 12, 지층 2호 (연남동)",서울 마포구 연남동 229-47,CDFI2262212025000137,2025-02-28,영업/정상(영업중),37.5629779139299,126.924109291658,6
홍세븐,외국인관광도시민박업,"서울특별시 마포구 와우산로29길 48-10, 202호 (서교동)",서울 마포구 서교동 328-70,CDFI2262212025000126,2025-02-24,영업/정상(영업중),37.5558348330301,126.927881945661,3
모민 하우스,외국인관광도시민박업,"서울특별시 마포구 동교로32길 17, 지층 101호 (연남동)",서울 마포구 연남동 381-16,CDFI2262212025000130,2025-02-25,영업/정상(영업중),37.560665806362,126.925285778916,3
미주남,외국인관광도시민박업,"서울특별시 마포구 월드컵로7길 93-8, 302호 (합정동)",서울 마포구 합정동 434-5,CDFI2262212025000033,2025-01-13,영업/정상(영업중),37.5516643166815,126.907262639028,3
연남 382,외국인관광도시민박업,"서울특별시 마포구 동교로38길 32, 1층 101호 (연남동)",서울 마포구 연남동 382-28,CDFI2262212025000143,2025-02-28,영업/정상(영업중),37.5614105817431,126.925446659594,3
밍밍 하우스,외국인관광도시민박업,"서울특별시 마포구 동교로32길 17, 지층 102호 (연남동)",서울 마포구 연남동 381-16,CDFI2262212025000129,2025-02-25,영업/정상(영업중),37.560665806362,126.925285778916,3
샘스테이1,외국인관광도시민박업,"서울특별시 마포구 월드컵북로4길 15-4, 지층 102호 (동교동)",서울 마포구 동교동 203-25,CDFI2262212025000017,2025-01-07,영업/정상(영업중),37.5573986692747,126.920678239322,5
레인보우 하우스,외국인관광도시민박업,"서울특별시 서대문구 신촌로11길 25-29, 101호 (창천동)",서울 서대문구 창천동 67-19,CDFI2262212025000028,2025-03-17,영업/정상(영업중),37.5582124351846,126.933015423694,2
메종 드 럭스 302,외국인관광도시민박업,"서울특별시 강남구 봉은사로63길 29, 302호 (삼성동)",서울 강남구 삼성동 41-24,CDFI2262212019000016,2019-04-09,영업/정상(영업중),37.5131772418812,127.046408261406,4
가자하우스,외국인관광도시민박업,"서울특별시 마포구 양화로7안길 36-4, 3층 (서교동)",서울 마포구 서교동 380-18,CDFI2262212024000443,2024-12-05,영업/정상(영업중),37.5531642023042,126.915414782915,2
수미루나스테이,외국인관광도시민박업,"서울특별시 은평구 통일로78길 26-9, 402호 (불광동, 불광트레비앙)",서울 은평구 불광동 329-29,CDFI2262212025000001,2025-03-14,영업/정상(영업중),37.6187307966821,126.925296807679,5
초록,외국인관광도시민박업,"서울특별시 송파구 백제고분로21길 8-6, 2층 301호 (삼전동)",서울 송파구 삼전동 10-8,CDFI2262212025000005,2025-02-18,영업/정상(영업중),37.5045019676349,127.090249117289,3
초록2,외국인관광도시민박업,"서울특별시 송파구 백제고분로21길 8-6, 1층 202호 (삼전동)",서울 송파구 삼전동 10-8,CDFI2262212025000006,2025-02-18,영업/정상(영업중),37.5045019676349,127.090249117289,3
LEE&CHO 2F,외국인관광도시민박업,"서울특별시 용산구 녹사평대로26나길 18, 2층 (이태원동)",서울 용산구 이태원동 96-113,CDFI2262212023000080,2023-10-16,영업/정상(영업중),37.5320978018657,126.9940036824,2
온담채,외국인관광도시민박업,"서울특별시 종로구 청계천로 307, 동대문신발상가 나동 502호 (창신동)",서울 종로구 창신동 436-78,CDFI2262212024000053,2024-09-13,영업/정상(영업중),37.57007091442,127.011948575482,5
Jamsil Stay,외국인관광도시민박업,"서울특별시 송파구 송파대로 567, 505동 1103호 (잠실동, 잠실주공아파트)",서울 송파구 잠실동 27,CDFI2262212018000002,2018-01-24,영업/정상(영업중),37.5131381759342,127.09304868009,2
킹스하우스,외국인관광도시민박업,"서울특별시 마포구 양화로23길 4-17, 2층 202호 (동교동)",서울 마포구 동교동 147-43,CDFI2262212025000054,2025-01-23,영업/정상(영업중),37.5593727662112,126.925969654249,4
MJ house 202,외국인관광도시민박업,"서울특별시 마포구 월드컵로7길 27-24, 1층 202호 (합정동)",서울 마포구 합정동 429-31,CDFI2262212025000072,2025-02-04,영업/정상(영업중),37.5522517339909,126.909896134102,3
명동 Home,외국인관광도시민박업,"서울특별시 중구 퇴계로20나길 2-15, 301호 (남산동2가, 능마루빌라)",서울 중구 남산동2가 39-5,CDFI2262212025000014,2025-03-10,영업/정상(영업중),37.5588061724479,126.985332413896,11
House of daisy,외국인관광도시민박업,"서울특별시 마포구 고산5길 6-4, 301호 (노고산동)",서울 마포구 노고산동 19-149,CDFI2262212025000067,2025-02-04,영업/정상(영업중),37.5547350537932,126.940447050536,2
스테이션 1,외국인관광도시민박업,"서울특별시 종로구 종로63가길 61, 201호 (숭인동)",서울 종로구 숭인동 179-14,CDFI2262212025000048,2025-03-20,영업/정상(영업중),37.5768756779734,127.018856347422,4
데니지,외국인관광도시민박업,"서울특별시 성동구 왕십리로33길 9, 2층 201호 (하왕십리동)",서울 성동구 하왕십리동 890-16,CDFI2262212024000074,2024-12-12,영업/정상(영업중),37.5640647904923,127.027154773856,2
도란,외국인관광도시민박업,"서울특별시 마포구 와우산로33길 49, 102호 (서교동)",서울 마포구 서교동 328-1,CDFI2262212025000058,2025-01-24,영업/정상(영업중),37.5560900003152,126.927889848305,4
영스게스트하우스,외국인관광도시민박업,"서울특별시 마포구 동교로34길 20, 지층 101호 (연남동)",서울 마포구 연남동 381-11,CDFI2262212025000059,2025-01-31,영업/정상(영업중),37.5607677491809,126.925349171874,3
K-stay Hongdae,외국인관광도시민박업,"서울특별시 서대문구 연희로2안길 7-15, B01호 (창천동)",서울 서대문구 창천동 421,CDFI2262212025000023,2025-02-26,영업/정상(영업중),37.5603817640389,126.927815313843,5
위썸스테이,외국인관광도시민박업,"서울특별시 마포구 마포대로12길 53-1, 202호 (공덕동)",서울 마포구 공덕동 242-54,CDFI2262212025000061,2025-01-31,영업/정상(영업중),37.5464471130086,126.95459781963,2
봄이,외국인관광도시민박업,"서울특별시 마포구 와우산로26길 54-18, B103호 (창전동)",서울 마포구 창전동 6-213,CDFI2262212025000063,2025-01-31,영업/정상(영업중),37.5525676262243,126.92816258436,2
Ruby House,외국인관광도시민박업,"서울특별시 마포구 만리재로6길 3-16, 1층 201호 (공덕동)",서울 마포구 공덕동 111-385,CDFI2262212025000060,2025-01-31,영업/정상(영업중),37.5482752849935,126.959687778801,2
Nook stay,외국인관광도시민박업,"서울특별시 마포구 양화로23길 4-7, 101호 (동교동)",서울 마포구 동교동 147-40,CDFI2262212024000480,2024-12-24,영업/정상(영업중),37.559011869767,126.925751010476,4
집캉스 202(Staycation 202),외국인관광도시민박업,"서울특별시 도봉구 노해로57길 10-8, 은진하이빌 202호 (쌍문동)",서울 도봉구 쌍문동 81-123,CDFI2262212024000005,2024-11-28,영업/정상(영업중),37.6516523795257,127.033616252608,4
집캉스 302(Staycation 302),외국인관광도시민박업,"서울특별시 도봉구 노해로57길 10-8, 은진하이빌 302호 (쌍문동)",서울 도봉구 쌍문동 81-123,CDFI2262212024000006,2024-12-05,영업/정상(영업중),37.6516523795257,127.033616252608,4
스테이 안단테,외국인관광도시민박업,"서울특별시 용산구 청파로85가길 10-4, A동 501호 (서계동)",서울 용산구 서계동 33-56,CDFI2262212023000063,2023-08-25,영업/정상(영업중),37.5523855377732,126.967874114342,31
사운즈 인(SOUNDS INN),외국인관광도시민박업,"서울특별시 용산구 녹사평대로32길 9, 2층 (이태원동)",서울 용산구 이태원동 34-91,CDFI2262212020000024,2020-09-07,영업/정상(영업중),37.5336809883331,126.989405866805,3
클라우드 헤븐,외국인관광도시민박업,"서울특별시 송파구 백제고분로11길 8-24, 지층 102호 (잠실동)",서울 송파구 잠실동 223-7,CDFI2262212025000002,2025-01-07,영업/정상(영업중),37.5070877898178,127.081144151538,7
스테이 골든,외국인관광도시민박업,"서울특별시 송파구 백제고분로11길 8-24, 지층 104호 (잠실동)",서울 송파구 잠실동 223-7,CDFI2262212025000001,2025-01-07,영업/정상(영업중),37.5070877898178,127.081144151538,7
밍글 (MINGLE),외국인관광도시민박업,"서울특별시 구로구 오류로8바길 9, 2층 201호 (오류동)",서울 구로구 오류동 144-43,CDFI2262212024000006,2024-07-11,영업/정상(영업중),37.4932343230842,126.846703254339,2
지온재,외국인관광도시민박업,"서울특별시 관악구 쑥고개로1나길 19, 2층 301호 (신림동)",서울 관악구 신림동 94-169,CDFI2262212024000045,2024-05-21,영업/정상(영업중),37.4781164611168,126.93738878613,3
라이프스테이 구의,외국인관광도시민박업,"서울특별시 광진구 자양로41길 7-6, 101호 (구의동)",서울 광진구 구의동 78-45,CDFI2262212025000005,2025-01-21,영업/정상(영업중),37.5497342136436,127.089566584803,2
모코하우스,외국인관광도시민박업,"서울특별시 구로구 개봉로11길 45-3, 401호 (개봉동, 고듬하우스)",서울 구로구 개봉동 352-24,CDFI2262212024000013,2024-10-07,영업/정상(영업중),37.4878163635553,126.853572996172,5
연밤 게스트하우스,외국인관광도시민박업,"서울특별시 마포구 동교로 224, 102호 (동교동)",서울 마포구 동교동 152-24,CDFI2262212024000257,2024-09-05,영업/정상(영업중),37.5598797117468,126.924054033264,2
stay soft,외국인관광도시민박업,"서울특별시 광진구 아차산로58가길 15, 304호 (구의동, 썬빌리지)",서울 광진구 구의동 590-5,CDFI2262212025000001,2025-01-09,영업/정상(영업중),37.5360178676683,127.09025483796,3
코타로 하우스2,외국인관광도시민박업,"서울특별시 마포구 와우산로 162-8, 2층 (서교동)",서울 마포구 서교동 325-4,CDFI2262212023000022,2023-03-24,영업/정상(영업중),37.5549600440929,126.930877222493,2
마이리틀2,외국인관광도시민박업,"서울특별시 마포구 연남로5길 30-9, 2층 (연남동)",서울 마포구 연남동 504-19,CDFI2262212024000242,2024-08-29,영업/정상(영업중),37.5618069475043,126.919968096607,6
COZY&Fresh Rental House,외국인관광도시민박업,"서울특별시 구로구 구로동로47길 7, 403호 (구로동)",서울 구로구 구로동 476-65,CDFI2262212024000010,2024-09-10,영업/정상(영업중),37.4978993570905,126.882001318958,2
마이페이보릿 서울,외국인관광도시민박업,"서울특별시 마포구 월드컵로21길 2, B01호 (망원동)",서울 마포구 망원동 57-362,CDFI2262212024000225,2024-08-19,영업/정상(영업중),37.5573046313189,126.908507716959,3
제니수빈하우스,외국인관광도시민박업,"서울특별시 마포구 와우산로29길 26-33, 201호 (서교동)",서울 마포구 서교동 328-74,CDFI2262212024000226,2024-08-19,영업/정상(영업중),37.5555320036647,126.928765669556,4
JNJ 게스트하우스,외국인관광도시민박업,"서울특별시 마포구 와우산로 169-3, 103호 (동교동)",서울 마포구 동교동 182-21,CDFI2262212024000253,2024-09-03,영업/정상(영업중),37.5560172559087,126.930691772033,3
스테이 무아,외국인관광도시민박업,"서울특별시 마포구 연남로7길 8, 1층 (연남동)",서울 마포구 연남동 366-7,CDFI2262212024000250,2024-09-02,영업/정상(영업중),37.5641815446488,126.919734316282,2
영하우스,외국인관광도시민박업,"서울특별시 마포구 동교로38길 26-16, 1층 앞쪽호 (연남동)",서울 마포구 연남동 390-53,CDFI2262212019000106,2019-09-17,영업/정상(영업중),37.5616075132306,126.925120270961,6
신촌아트하우스,외국인관광도시민박업,"서울특별시 마포구 신촌로12길 22, 연지빌딩 3층 (동교동)",서울 마포구 동교동 186-12,CDFI2262212024000229,2024-08-20,영업/정상(영업중),37.5554021202381,126.932515563112,2
마이리틀,외국인관광도시민박업,"서울특별시 마포구 연남로5길 30-9, 1층 (연남동)",서울 마포구 연남동 504-19,CDFI2262212024000241,2024-08-29,영업/정상(영업중),37.5618069475043,126.919968096607,6
하이미쉬,외국인관광도시민박업,"서울특별시 마포구 신촌로2안길 31-5, 101호 (동교동)",서울 마포구 동교동 179-35,CDFI2262212024000006,2024-01-10,영업/정상(영업중),37.5571425184332,126.928885347864,2
벙크게스트하우스,외국인관광도시민박업,서울특별시 마포구 와우산로29라길 19-1 (서교동),서울 마포구 서교동 334-34,CDFI2262212016000037,2016-06-16,영업/정상(영업중),37.5549074258628,126.927131147514,4
아트2,외국인관광도시민박업,"서울특별시 마포구 연남로3길 31, 3층 (연남동)",서울 마포구 연남동 566-2,CDFI2262212024000227,2024-08-20,영업/정상(영업중),37.560662747206,126.921001533222,2
Renee House,외국인관광도시민박업,"서울특별시 강동구 양재대로97길 45-6, 302호 (성내동)",서울 강동구 성내동 405-37,CDFI2262212021000001,2021-11-23,영업/정상(영업중),37.531453705361,127.13444564283,4
4U STAY 2호점,외국인관광도시민박업,"서울특별시 마포구 와우산로30길 7-3, 401호 (창전동)",서울 마포구 창전동 5-93,CDFI2262212024000060,2024-04-02,영업/정상(영업중),37.5542928931289,126.930328277447,2
Daisy House,외국인관광도시민박업,"서울특별시 마포구 월드컵북로8길 62, 한라빌리지 201호 (연남동)",서울 마포구 연남동 493-46,CDFI2262212020000023,2020-03-12,영업/정상(영업중),37.5612977064079,126.918914802061,3
오모,외국인관광도시민박업,"서울특별시 마포구 독막로 39, 3층 (합정동)",서울 마포구 합정동 411-8,CDFI2262212021000050,2021-08-01,영업/정상(영업중),37.548189950663,126.917938379616,2
남산 스테이 명동,외국인관광도시민박업,"서울특별시 중구 소공로3길 34, 3층 (회현동1가, 건영공사)",서울 중구 회현동1가 142-16,CDFI2262212017000017,2017-06-30,영업/정상(영업중),37.5567740420438,126.982529005744,3
여유,외국인관광도시민박업,"서울특별시 마포구 와우산로29길 48-10, 3층 (서교동)",서울 마포구 서교동 328-70,CDFI2262212016000074,2016-11-22,영업/정상(영업중),37.5558348330301,126.927881945661,3
스텔라스테이,외국인관광도시민박업,"서울특별시 마포구 새창로6가길 7, 1층 (도화동)",서울 마포구 도화동 4-59,CDFI2262212024000166,2024-07-15,영업/정상(영업중),37.5413824955848,126.953187508197,2
4U STAY 1호점,외국인관광도시민박업,"서울특별시 마포구 와우산로30길 7-3, 301호 (창전동)",서울 마포구 창전동 5-93,CDFI2262212023000202,2023-12-21,영업/정상(영업중),37.5542928931289,126.930328277447,2
스테이 로뎀,외국인관광도시민박업,"서울특별시 마포구 양화로8길 36, 301호 (서교동)",서울 마포구 서교동 394-11,CDFI2262212024000171,2024-07-15,영업/정상(영업중),37.5491654574347,126.916518462073,2
마포하루스테이,외국인관광도시민박업,"서울특별시 마포구 새창로6가길 7, 2층 (도화동)",서울 마포구 도화동 4-59,CDFI2262212024000168,2024-07-15,영업/정상(영업중),37.5413824955848,126.953187508197,2
하우스 오렌지,외국인관광도시민박업,"서울특별시 마포구 와우산로26길 58, 402호 (창전동, 살롬하우스)",서울 마포구 창전동 6-105,CDFI2262212024000200,2024-08-05,영업/정상(영업중),37.5530658038023,126.928634476657,8
Joy's House,외국인관광도시민박업,"서울특별시 마포구 월드컵북로8길 62, 한라빌리지 301호 (연남동)",서울 마포구 연남동 493-46,CDFI2262212020000022,2020-03-12,영업/정상(영업중),37.5612977064079,126.918914802061,3
핑크2,외국인관광도시민박업,"서울특별시 마포구 동교로38길 26-9, 1층 (연남동)",서울 마포구 연남동 390-49,CDFI2262212024000228,2024-08-20,영업/정상(영업중),37.5614960978919,126.925322413198,3
렉스 하우스,외국인관광도시민박업,"서울특별시 성동구 둘레11길 12, 201호 (성수동2가)",서울 성동구 성수동2가 430-2,CDFI2262212025000009,2025-03-18,영업/정상(영업중),37.5366677270793,127.052016814916,2
쏠스토리,외국인관광도시민박업,"서울특별시 마포구 동교로41길 12, 202호 (연남동)",서울 마포구 연남동 229-47,CDFI2262212024000199,2024-08-01,영업/정상(영업중),37.5629779139299,126.924109291658,6
미야,외국인관광도시민박업,서울특별시 중구 필동로 24-3 (필동2가),서울 중구 필동2가 91,CDFI2262212025000016,2025-03-18,영업/정상(영업중),37.5594234761054,126.995945462156,2
오라하우스,외국인관광도시민박업,"서울특별시 광진구 동일로18길 41, 301호 (자양동)",서울 광진구 자양동 13-40,CDFI2262212025000008,2025-01-24,영업/정상(영업중),37.5395218970033,127.06513268472,3
Wooden Beam,외국인관광도시민박업,"서울특별시 마포구 희우정로10길 2, 3층 (망원동)",서울 마포구 망원동 394-65,CDFI2262212024000213,2024-08-13,영업/정상(영업중),37.5525734353664,126.904563790573,2
샘스테이3,외국인관광도시민박업,"서울특별시 마포구 월드컵북로4길 15-4, 2층 301호 (동교동)",서울 마포구 동교동 203-25,CDFI2262212025000016,2025-01-07,영업/정상(영업중),37.5573986692747,126.920678239322,5
타타하우스,외국인관광도시민박업,"서울특별시 마포구 동교로 211-9, 3층 401호 (동교동)",서울 마포구 동교동 198-4,CDFI2262212022000077,2022-11-21,영업/정상(영업중),37.5592026615194,126.923016529378,4
명동 스테이 투게더,외국인관광도시민박업,"서울특별시 중구 소공로3길 34, 건영공사 2층 (회현동1가)",서울 중구 회현동1가 142-16,CDFI2262212025000017,2025-03-18,영업/정상(영업중),37.5567740420438,126.982529005744,3
아토 게스트하우스,외국인관광도시민박업,"서울특별시 마포구 와우산로25길 22, 302호 (서교동, 협화빌라)",서울 마포구 서교동 340-12,CDFI2262212024000278,2024-09-20,영업/정상(영업중),37.5542820679405,126.926155425259,6
더퍼스트홍대스테이101,외국인관광도시민박업,"서울특별시 마포구 와우산로27길 18, 101호 (서교동, 서교동다세대주택)",서울 마포구 서교동 335-17,CDFI2262212024000275,2024-09-20,영업/정상(영업중),37.5542091837269,126.927474171057,3
STAY JO,외국인관광도시민박업,"서울특별시 관악구 조원로2길 82, 202호 (신림동)",서울 관악구 신림동 1666-40,CDFI2262212025000033,2025-03-18,영업/정상(영업중),37.4803845782155,126.900386757616,3
거인,외국인관광도시민박업,"서울특별시 마포구 와우산로38길 17, 2층 (동교동)",서울 마포구 동교동 187-12,CDFI2262212024000263,2024-09-10,영업/정상(영업중),37.5553088326374,126.931672507425,2
마이 딥 포레스트,외국인관광도시민박업,"서울특별시 마포구 동교로25길 85, 301호 (연남동, 베네치아)",서울 마포구 연남동 563-2,CDFI2262212024000489,2024-12-29,영업/정상(영업중),37.5601396664127,126.919062059793,2
스테이 수,외국인관광도시민박업,"서울특별시 광진구 자양번영로5길 37-1, 301호 (자양동, 대원아트빌)",서울 광진구 자양동 464-1,CDFI2262212025000007,2025-01-23,영업/정상(영업중),37.5328173412897,127.073331703732,4
엔케 하우스,외국인관광도시민박업,"서울특별시 마포구 와우산로29길 56-14, 2층 2호 (서교동)",서울 마포구 서교동 330-53,CDFI2262212024000264,2024-09-10,영업/정상(영업중),37.5563784975227,126.927445133087,2
뮤즈,외국인관광도시민박업,"서울특별시 마포구 양화로19길 22-12, 301호호 (동교동)",서울 마포구 동교동 154-24,CDFI2262212024000280,2024-09-23,영업/정상(영업중),37.5586211862372,126.924314262199,2
노스텔지아2,외국인관광도시민박업,"서울특별시 마포구 와우산로29길 56-7, 지1층 101호 (서교동)",서울 마포구 서교동 330-48,CDFI2262212023000034,2023-04-27,영업/정상(영업중),37.5563045823189,126.927098324506,2
더퍼스트홍대스테이201,외국인관광도시민박업,"서울특별시 마포구 와우산로27길 18, 201호 (서교동, 서교동다세대주택)",서울 마포구 서교동 335-17,CDFI2262212024000277,2024-09-20,영업/정상(영업중),37.5542091837269,126.927474171057,3
더 포춘,외국인관광도시민박업,"서울특별시 마포구 와우산로29다길 9, 1층 (서교동)",서울 마포구 서교동 335-29,CDFI2262212024000301,2024-09-27,영업/정상(영업중),37.5550079723592,126.928004516286,2
성이네,외국인관광도시민박업,"서울특별시 마포구 월드컵로7길 60, 1층 202호 (합정동)",서울 마포구 합정동 432-19,CDFI2262212022000069,2022-10-13,영업/정상(영업중),37.5530175815285,126.908722321861,2
연지아트,외국인관광도시민박업,"서울특별시 마포구 신촌로12길 22, 연지빌딩 4층 (동교동)",서울 마포구 동교동 186-12,CDFI2262212024000260,2024-09-06,영업/정상(영업중),37.5554021202381,126.932515563112,2
마포레스트01,외국인관광도시민박업,"서울특별시 마포구 방울내로 57-14, B01호 (망원동)",서울 마포구 망원동 436-5,CDFI2262212024000155,2024-07-08,영업/정상(영업중),37.5602192805687,126.901688194829,6
SSU HOME,외국인관광도시민박업,"서울특별시 마포구 신촌로4길 5-21, 3층 (동교동)",서울 마포구 동교동 179-18,CDFI2262212019000096,2019-08-27,영업/정상(영업중),37.5573507584676,126.929519049945,2
Y House,외국인관광도시민박업,"서울특별시 마포구 신촌로2안길 31-5, 102호 (동교동)",서울 마포구 동교동 179-33,CDFI2262212020000079,2020-11-16,영업/정상(영업중),37.5572932609493,126.929044556595,5
마포 오셔,외국인관광도시민박업,"서울특별시 마포구 새터산9길 19, 지층 101호 (성산동)",서울 마포구 성산동 200-339,CDFI2262212024000076,2024-04-22,영업/정상(영업중),37.5656642722088,126.906004624239,5
Project 202,외국인관광도시민박업,"서울특별시 마포구 동교로34길 20, 202호 (연남동)",서울 마포구 연남동 381-11,CDFI2262212024000140,2024-06-19,영업/정상(영업중),37.5607677491809,126.925349171874,3
스테이다,외국인관광도시민박업,"서울특별시 마포구 연남로3길 49, 1층 (연남동)",서울 마포구 연남동 565-8,CDFI2262212023000002,2023-01-19,영업/정상(영업중),37.5601998331569,126.920224358629,4
KOONG'S HOUSE,외국인관광도시민박업,"서울특별시 마포구 신촌로2안길 8, 102호 (동교동)",서울 마포구 동교동 176-15,CDFI2262212020000077,2020-11-03,영업/정상(영업중),37.5574729218382,126.92756415211,6
Mimi's house,외국인관광도시민박업,"서울특별시 마포구 양화로15안길 26, B102호 (서교동)",서울 마포구 서교동 375-28,CDFI2262212024000297,2024-09-26,영업/정상(영업중),37.5538379233783,126.918163621514,3
다온숲203,외국인관광도시민박업,"서울특별시 마포구 월드컵북로12길 79, 2층 203호 (성산동, 다온숲)",서울 마포구 성산동 36-33,CDFI2262212024000316,2024-10-11,영업/정상(영업중),37.5645670054585,126.914992494129,9
머무름,외국인관광도시민박업,"서울특별시 마포구 월드컵북로12길 79, 301호 (성산동, 다온숲)",서울 마포구 성산동 36-33,CDFI2262212024000281,2024-09-25,영업/정상(영업중),37.5645670054585,126.914992494129,9
알로하하우스_화이트,외국인관광도시민박업,"서울특별시 마포구 서강로11길 27-1, 지층 1호 (창전동)",서울 마포구 창전동 2-49,CDFI2262212024000349,2024-10-24,영업/정상(영업중),37.553768724086,126.932083252322,4
하이바이,외국인관광도시민박업,"서울특별시 마포구 월드컵북로12길 79, 603호 (성산동, 다온숲)",서울 마포구 성산동 36-33,CDFI2262212024000098,2024-05-10,영업/정상(영업중),37.5645670054585,126.914992494129,9
무네미로 아트스테이1,외국인관광도시민박업,"서울특별시 마포구 서강로11길 36-25, 1층 (창전동)",서울 마포구 창전동 4-24,CDFI2262212021000006,2021-01-11,영업/정상(영업중),37.5544751718211,126.931262341516,2
더 샤이닝 홍대,외국인관광도시민박업,"서울특별시 마포구 성미산로 154, 5층 (연남동)",서울 마포구 연남동 239-24,CDFI2262212024000295,2024-09-26,영업/정상(영업중),37.5642997769042,126.923568389635,3
Cheshire,외국인관광도시민박업,"서울특별시 마포구 성미산로16길 13, 1층 (연남동)",서울 마포구 연남동 487-252,CDFI2262212018000022,2018-03-20,영업/정상(영업중),37.5605663507549,126.918237300486,3
스테이인 망원,외국인관광도시민박업,"서울특별시 마포구 월드컵로21길 2, 2층 (망원동)",서울 마포구 망원동 57-362,CDFI2262212024000300,2024-09-27,영업/정상(영업중),37.5573046313189,126.908507716959,3
플레이 마포,외국인관광도시민박업,"서울특별시 마포구 와우산로38길 29, 1층 (동교동)",서울 마포구 동교동 190-37,CDFI2262212024000315,2024-10-11,영업/정상(영업중),37.5549142519885,126.932239183037,2
JS house4,외국인관광도시민박업,"서울특별시 마포구 연희로1길 30-3, 202호 (동교동)",서울 마포구 동교동 113-26,CDFI2262212020000078,2020-11-04,영업/정상(영업중),37.5604230745813,126.925852265141,5
그루하우스,외국인관광도시민박업,"서울특별시 마포구 와우산로3안길 5, 401호 (상수동, 석진하우징)",서울 마포구 상수동 334-18,CDFI2262212024000426,2024-11-26,영업/정상(영업중),37.5463275424411,126.922404678307,9
Your Dream House,외국인관광도시민박업,"서울특별시 마포구 와우산로37길 38, 201호 (동교동, 동진빌라)",서울 마포구 동교동 177-19,CDFI2262212023000017,2023-02-28,영업/정상(영업중),37.5566768699791,126.929013338828,5
와이티더블유,외국인관광도시민박업,"서울특별시 마포구 동교로38길 26-12, 지층 101호 (연남동)",서울 마포구 연남동 390-54,CDFI2262212024000412,2024-11-22,영업/정상(영업중),37.5617148975141,126.925097413743,4
라온제나,외국인관광도시민박업,"서울특별시 마포구 와우산로3안길 7, 402호 (상수동, 석진하우징)",서울 마포구 상수동 334-11,CDFI2262212024000424,2024-11-26,영업/정상(영업중),37.5463911393995,126.922247094168,7
무네미로 아트스테이2,외국인관광도시민박업,"서울특별시 마포구 서강로11길 36-25, 2층 (창전동)",서울 마포구 창전동 4-24,CDFI2262212021000005,2021-01-11,영업/정상(영업중),37.5544751718211,126.931262341516,2
하파 하우스,외국인관광도시민박업,"서울특별시 마포구 동교로51길 43, 2층 201호 (연남동)",서울 마포구 연남동 223-122,CDFI2262212024000407,2024-11-22,영업/정상(영업중),37.5654887214966,126.9245336917,5
까사상수,외국인관광도시민박업,"서울특별시 마포구 와우산로3안길 7, 201호 (상수동, 석진하우징)",서울 마포구 상수동 334-11,CDFI2262212024000427,2024-11-27,영업/정상(영업중),37.5463911393995,126.922247094168,7
MOMO STAY,외국인관광도시민박업,"서울특별시 마포구 와우산로3안길 7, 202호 (상수동, 석진하우징)",서울 마포구 상수동 334-11,CDFI2262212024000420,2024-11-26,영업/정상(영업중),37.5463911393995,126.922247094168,7
스테이인공덕엠,외국인관광도시민박업,"서울특별시 마포구 만리재로6길 3-16, 2층 (공덕동)",서울 마포구 공덕동 111-385,CDFI2262212024000386,2024-11-14,영업/정상(영업중),37.5482752849935,126.959687778801,2
로프트 무아,외국인관광도시민박업,"서울특별시 마포구 연남로7길 8, 2층 301호 (연남동)",서울 마포구 연남동 366-7,CDFI2262212024000350,2024-10-24,영업/정상(영업중),37.5641815446488,126.919734316282,2
블루 게스트하우스,외국인관광도시민박업,"서울특별시 마포구 월드컵로8길 57, 201호 (서교동)",서울 마포구 서교동 482-6,CDFI2262212024000387,2024-11-14,영업/정상(영업중),37.5536549699173,126.915532491542,4
래빗코지네스트,외국인관광도시민박업,"서울특별시 마포구 방울내로 57-14, B02호 (망원동)",서울 마포구 망원동 436-5,CDFI2262212024000156,2024-07-08,영업/정상(영업중),37.5602192805687,126.901688194829,6
Jenny House,외국인관광도시민박업,"서울특별시 마포구 월드컵북로6길 52-9, 202호 (동교동)",서울 마포구 동교동 204-40,CDFI2262212017000078,2017-09-01,영업/정상(영업중),37.558864458741,126.921694273381,3
볼 게스트하우스,외국인관광도시민박업,"서울특별시 마포구 양화로8길 16-8, 지층 비01호 (서교동)",서울 마포구 서교동 394-70,CDFI2262212022000090,2022-12-23,영업/정상(영업중),37.5498376716101,126.915854679525,3
스테이 윤슬,외국인관광도시민박업,"서울특별시 마포구 대흥로30길 36-12, 102호 (염리동)",서울 마포구 염리동 9-70,CDFI2262212023000191,2023-12-08,영업/정상(영업중),37.5561530598504,126.947913962038,2
YAB Guest House,외국인관광도시민박업,"서울특별시 마포구 양화로18안길 28-6, 지하1층 (동교동)",서울 마포구 동교동 170-22,CDFI2262212021000045,2021-07-20,영업/정상(영업중),37.5568048110435,126.926364347493,2
더 유니버스 홍대,외국인관광도시민박업,서울특별시 마포구 와우산로37길 15 (동교동),서울 마포구 동교동 189-1,CDFI2262212017000054,2017-07-06,영업/정상(영업중),37.556112129416,126.930077939704,3
하이 스트릿 게스트하우스,외국인관광도시민박업,"[121-869] 서울특별시 마포구 월드컵북로6길 81-7, 2~3층 (연남동)",서울 마포구 연남동 567-19,CDFI2262212014000037,2014-07-30,영업/정상(영업중),37.5602568040148,126.922155838098,2
클라우스 하우스,외국인관광도시민박업,"서울특별시 마포구 와우산로29바길 5-3, 2층 (서교동)",서울 마포구 서교동 332-23,CDFI2262212023000154,2023-11-07,영업/정상(영업중),37.5559961495616,126.926482617996,2
스테이,외국인관광도시민박업,"서울특별시 마포구 서강로11길 11, 301호 (창전동)",서울 마포구 창전동 2-40,CDFI2262212024000048,2024-03-21,영업/정상(영업중),37.5533644605735,126.932737629705,2
스테이 락,외국인관광도시민박업,"서울특별시 마포구 대흥로30길 36-12, 202호 (염리동)",서울 마포구 염리동 9-70,CDFI2262212023000153,2023-11-06,영업/정상(영업중),37.5561530598504,126.947913962038,2
도피소387,외국인관광도시민박업,"서울특별시 마포구 월드컵로3길 31-25, 2층 (합정동)",서울 마포구 합정동 387-16,CDFI2262212024000049,2024-03-21,영업/정상(영업중),37.5498261582382,126.911325722975,2
망원 리포소 스테이,외국인관광도시민박업,"서울특별시 마포구 망원로7길 17-12, 지층 (망원동)",서울 마포구 망원동 424-35,CDFI2262212023000155,2023-11-07,영업/정상(영업중),37.5582279567524,126.90483952302,2
hyuk House,외국인관광도시민박업,"서울특별시 마포구 신촌로10길 22-10, 301호 (동교동)",서울 마포구 동교동 187-21,CDFI2262212024000092,2024-05-02,영업/정상(영업중),37.5555894355937,126.931572771671,2
AYS House,외국인관광도시민박업,"서울특별시 마포구 양화로18안길 40-4, 2층 (동교동)",서울 마포구 동교동 170-9,CDFI2262212023000164,2023-11-15,영업/정상(영업중),37.5569879830462,126.926797856396,2
보노룸,외국인관광도시민박업,"서울특별시 마포구 동교로38길 26-16, 지하1층 오른쪽호 (연남동)",서울 마포구 연남동 390-53,CDFI2262212019000109,2019-09-17,영업/정상(영업중),37.5616075132306,126.925120270961,6
KING HOUSE,외국인관광도시민박업,"서울특별시 마포구 홍익로2길 27, 3층 (서교동)",서울 마포구 서교동 346-29,CDFI2262212021000047,2021-07-22,영업/정상(영업중),37.5548409496837,126.92401421753,3
조이스테이,외국인관광도시민박업,"서울특별시 마포구 월드컵북로4길 71, 301호 (동교동)",서울 마포구 동교동 197-6,CDFI2262212023000008,2023-02-01,영업/정상(영업중),37.5592522623236,126.922535806765,2
호호해피하우스,외국인관광도시민박업,"서울특별시 마포구 와우산로25길 22, 3-B호 (서교동, 협화빌라)",서울 마포구 서교동 340-12,CDFI2262212023000007,2023-02-01,영업/정상(영업중),37.5542820679405,126.926155425259,6
JS house5,외국인관광도시민박업,"서울특별시 마포구 연희로1길 30-3, 401호 (동교동)",서울 마포구 동교동 113-26,CDFI2262212022000031,2022-05-11,영업/정상(영업중),37.5604230745813,126.925852265141,5
한강 레지던스 앤 게스트하우스,외국인관광도시민박업,"서울특별시 마포구 마포대로4길 120-39, 3층 (마포동)",서울 마포구 마포동 293-9,CDFI2262212016000035,2016-06-15,영업/정상(영업중),37.5360544134787,126.945383108649,6
리버뷰게스트하우스,외국인관광도시민박업,"서울특별시 마포구 마포대로4길 120-39, 2층 (마포동)",서울 마포구 마포동 293-9,CDFI2262212016000036,2016-06-15,영업/정상(영업중),37.5360544134787,126.945383108649,6
Hongdae Oasis,외국인관광도시민박업,"서울특별시 마포구 신촌로2안길 31, 2층 (동교동)",서울 마포구 동교동 179-35,CDFI2262212021000056,2021-09-17,영업/정상(영업중),37.5571425184332,126.928885347864,2
딸기핑크게스트하우스,외국인관광도시민박업,"서울특별시 마포구 동교로30길 22, 201호 (동교동, 삼성하이빌)",서울 마포구 동교동 150-10,CDFI2262212023000132,2023-09-26,영업/정상(영업중),37.5600483800933,126.924901921995,4
심스테이 공덕,외국인관광도시민박업,"서울특별시 마포구 새창로6가길 18, 102호 (도화동)",서울 마포구 도화동 4-78,CDFI2262212024000058,2024-04-02,영업/정상(영업중),37.5412414086084,126.953668718172,4
이강게스트하우스,외국인관광도시민박업,"[121-843] 서울특별시 마포구 월드컵북로11길 12, 4층 401호 (성산동)",서울 마포구 성산동 39-3,CDFI2262212014000034,2014-08-26,영업/정상(영업중),37.5602876255967,126.915357949819,2
카키하우스,외국인관광도시민박업,"서울특별시 마포구 망원로7길 17-12, 지층 2호 (망원동)",서울 마포구 망원동 424-35,CDFI2262212024000043,2024-03-12,영업/정상(영업중),37.5582279567524,126.90483952302,2
이노게스트하우스,외국인관광도시민박업,"[121-210] 서울특별시 마포구 월드컵로8길 37-7, 1층 (서교동)",서울 마포구 서교동 483-25,CDFI2262212014000031,2014-08-26,영업/정상(영업중),37.553694330766,126.91426470921,2
에이블 게스트하우스(Able Guesthouse),외국인관광도시민박업,"[121-836] 서울특별시 마포구 와우산로29마길 7-8, 2,3층 (서교동)",서울 마포구 서교동 333-37,CDFI2262212014000035,2014-08-12,영업/정상(영업중),37.5553561742005,126.926923037745,2
스위트룸,외국인관광도시민박업,"서울특별시 마포구 와우산로35길 53, 낙원주택 402호 (서교동)",서울 마포구 서교동 330-1,CDFI2262212022000039,2022-06-16,영업/정상(영업중),37.5564460055054,126.927924476281,3
H mansion,외국인관광도시민박업,"서울특별시 마포구 월드컵로20길 66, 102호 (서교동)",서울 마포구 서교동 247-150,CDFI2262212024000042,2024-03-12,영업/정상(영업중),37.55809180728,126.912638066298,3
르컨셉션,외국인관광도시민박업,"서울특별시 마포구 동교로27길 93-9, 401호 (연남동)",서울 마포구 연남동 493-17,CDFI2262212023000052,2023-05-18,영업/정상(영업중),37.5612777375638,126.919358044995,6
한스,외국인관광도시민박업,"서울특별시 마포구 동교로27길 93-9, 301호 (연남동)",서울 마포구 연남동 493-17,CDFI2262212023000071,2023-06-15,영업/정상(영업중),37.5612777375638,126.919358044995,6
Bliss penthouse2,외국인관광도시민박업,"서울특별시 마포구 와우산로29길 20, 5~6층 (서교동)",서울 마포구 서교동 328-14,CDFI2262212018000069,2018-09-13,영업/정상(영업중),37.5551320436853,126.928903215773,3
한강 게스트하우스,외국인관광도시민박업,"[121-050] 서울특별시 마포구 마포대로4길 120-39, 지하1층 (마포동)",서울 마포구 마포동 293-9,CDFI2262212014000053,2014-03-26,영업/정상(영업중),37.5360544134787,126.945383108649,6
스테이온 3,외국인관광도시민박업,"서울특별시 마포구 와우산로29길 48-21, 302호 (서교동)",서울 마포구 서교동 330-32,CDFI2262212023000102,2023-08-04,영업/정상(영업중),37.5562256344469,126.927504018868,3
이레스테이,외국인관광도시민박업,"서울특별시 마포구 신촌로2안길 12, 2층 201호 (동교동)",서울 마포구 동교동 176-17,CDFI2262212023000070,2023-06-13,영업/정상(영업중),37.557378541512,126.927783352702,4
헤이마 게스트하우스2,외국인관광도시민박업,"서울특별시 마포구 와우산로29마길 15-7, 2층 (서교동)",서울 마포구 서교동 333-38,CDFI2262212018000085,2018-10-29,영업/정상(영업중),37.5552621423269,126.926829648623,2
마포스테이,외국인관광도시민박업,"서울특별시 마포구 새터산9길 19, 201호 (성산동)",서울 마포구 성산동 200-339,CDFI2262212024000069,2024-04-16,영업/정상(영업중),37.5656642722088,126.906004624239,5
그루홈스테이,외국인관광도시민박업,"서울특별시 마포구 동교로41길 12, 102호 (연남동)",서울 마포구 연남동 229-47,CDFI2262212024000122,2024-06-04,영업/정상(영업중),37.5629779139299,126.924109291658,6
딸기핑크게스트하우스,외국인관광도시민박업,"서울특별시 마포구 동교로30길 22, 201호 (동교동, 삼성하이빌)",서울 마포구 동교동 150-10,CDFI2262212015000029,2015-10-26,영업/정상(영업중),37.5600483800933,126.924901921995,4
드래곤 하우스,외국인관광도시민박업,"서울특별시 마포구 동교로27길 27-9, 201호 (동교동)",서울 마포구 동교동 204-14,CDFI2262212023000058,2023-05-31,영업/정상(영업중),37.5589466911909,126.921787106975,3
스테이 포그,외국인관광도시민박업,"서울특별시 마포구 성미산로29길 35-13, 2층 (연남동)",서울 마포구 연남동 245-80,CDFI2262212023000210,2023-12-28,영업/정상(영업중),37.5654220788184,126.921405117787,2
JUST MANSION 1,외국인관광도시민박업,"서울특별시 마포구 동교로38길 33, 지빌딩 401호 (연남동)",서울 마포구 연남동 390-35,CDFI2262212020000071,2020-09-22,영업/정상(영업중),37.5615085236221,126.925738233308,3
미호재 세번째,외국인관광도시민박업,"서울특별시 마포구 동교로25길 9, 지하1층 102호 (동교동)",서울 마포구 동교동 201-11,CDFI2262212023000044,2023-05-04,영업/정상(영업중),37.5575417823091,126.921810871194,5
봉봉하우스,외국인관광도시민박업,"서울특별시 마포구 성미산로 154, 401호 (연남동)",서울 마포구 연남동 239-24,CDFI2262212022000029,2022-04-19,영업/정상(영업중),37.5642997769042,126.923568389635,3
스테이 온,외국인관광도시민박업,"서울특별시 마포구 와우산로29길 48-21, 4층 401호 (서교동)",서울 마포구 서교동 330-32,CDFI2262212022000055,2022-09-07,영업/정상(영업중),37.5562256344469,126.927504018868,3
라라랜드,외국인관광도시민박업,"서울특별시 마포구 동교로27길 27-10, 202호 (동교동)",서울 마포구 동교동 204-7,CDFI2262212022000061,2022-09-20,영업/정상(영업중),37.5590788798606,126.921669941898,4
JUST MANSION 3,외국인관광도시민박업,"서울특별시 마포구 동교로38길 33, 지빌딩 302호 (연남동)",서울 마포구 연남동 390-35,CDFI2262212020000073,2020-09-22,영업/정상(영업중),37.5615085236221,126.925738233308,3
JUST MANSION 2,외국인관광도시민박업,"서울특별시 마포구 동교로38길 33, 지빌딩 301호 (연남동)",서울 마포구 연남동 390-35,CDFI2262212020000072,2020-09-22,영업/정상(영업중),37.5615085236221,126.925738233308,3
LaLa House,외국인관광도시민박업,"[121-836] 서울특별시 마포구 와우산로29마길 5, 3층 (서교동)",서울 마포구 서교동 333-30,CDFI2262212014000065,2014-01-09,영업/정상(영업중),37.5557344007179,126.92690331569,2
H. house,외국인관광도시민박업,"서울특별시 마포구 와우산로29나길 14-4, 지층 102호 (서교동)",서울 마포구 서교동 335-33,CDFI2262212024000001,2024-01-03,영업/정상(영업중),37.5548125565002,126.92787410336,2
디자인그램,외국인관광도시민박업,"서울특별시 마포구 홍익로 13-9, 이층201호 (서교동, 동덕빌라)",서울 마포구 서교동 358-77,CDFI2262212020000065,2020-08-11,영업/정상(영업중),37.5533818650637,126.923164885322,2
Janet's House,외국인관광도시민박업,"서울특별시 마포구 월드컵북로42나길 12, 2층 (상암동)",서울 마포구 상암동 1524-3,CDFI2262212015000028,2015-10-29,영업/정상(영업중),37.5754966349093,126.89764361085,2
테디스,외국인관광도시민박업,"서울특별시 마포구 대흥로18길 7, 2층 (대흥동)",서울 마포구 대흥동 36-18,CDFI2262212024000120,2024-06-04,영업/정상(영업중),37.5493112146603,126.943731200169,2
서울맨션,외국인관광도시민박업,"서울특별시 마포구 양화로23길 4-21, 1층 (동교동)",서울 마포구 동교동 147-44,CDFI2262212014000062,2014-01-16,영업/정상(영업중),37.5594841751017,126.926042544761,4
Ho's stay,외국인관광도시민박업,"서울특별시 마포구 월드컵로14길 62, 601호 (서교동)",서울 마포구 서교동 468-2,CDFI2262212023000200,2023-12-20,영업/정상(영업중),37.5567812318818,126.913884864638,2
다다하우스,외국인관광도시민박업,"서울특별시 마포구 와우산로35길 17, 101호 (서교동, 각산타운)",서울 마포구 서교동 326-1,CDFI2262212018000106,2018-12-07,영업/정상(영업중),37.5557496406848,126.929593668212,3
연남베통브루트,외국인관광도시민박업,"서울특별시 마포구 성미산로29안길 19-7, 302호 (연남동)",서울 마포구 연남동 241-74,CDFI2262212018000087,2018-10-29,영업/정상(영업중),37.565377934162,126.923052733841,2
하우스 홍시,외국인관광도시민박업,"서울특별시 마포구 동교로27길 44-11, 1층 (연남동)",서울 마포구 연남동 567-51,CDFI2262212017000073,2017-08-17,영업/정상(영업중),37.5602518232152,126.921980979255,2
DW Design Residence 3,외국인관광도시민박업,"서울특별시 마포구 동교로25길 35, 1,2층 (동교동)",서울 마포구 동교동 203-47,CDFI2262212015000010,2015-12-29,영업/정상(영업중),37.5584022265547,126.920584030172,4
모노크롬하우스(아지트룸),외국인관광도시민박업,"서울특별시 마포구 성미산로 199, 302호 (연남동)",서울 마포구 연남동 226-15,CDFI2262212021000007,2021-01-15,영업/정상(영업중),37.5625180460536,126.927113322711,2
라라 게스트하우스,외국인관광도시민박업,"서울특별시 마포구 독막로9길 37-4, 1~2층 (서교동)",서울 마포구 서교동 404-10,CDFI2262212022000058,2022-09-19,영업/정상(영업중),37.5500810991008,126.920369811097,3
스타일 레지던스,외국인관광도시민박업,"서울특별시 마포구 와우산로29나길 24-3, 203호 (서교동)",서울 마포구 서교동 335-36,CDFI2262212023000169,2023-11-17,영업/정상(영업중),37.554420424205,126.927550130954,5
미스홍대 게스트하우스1,외국인관광도시민박업,"서울특별시 마포구 홍익로 3-28, 201호 (서교동)",서울 마포구 서교동 358-135,CDFI2262212017000068,2017-07-29,영업/정상(영업중),37.5529140821255,126.923188112633,4
LOFT 43 AMAZING HOUSE,외국인관광도시민박업,"서울특별시 마포구 새터산14길 43, 301호 (성산동)",서울 마포구 성산동 182-9,CDFI2262212018000100,2018-11-19,영업/정상(영업중),37.5662745389926,126.909140570372,2
엣홈,외국인관광도시민박업,"[121-818] 서울특별시 마포구 신촌로2안길 52, 4층 (동교동)",서울 마포구 동교동 177-11,CDFI2262212014000036,2014-07-30,영업/정상(영업중),37.5564740175407,126.929702879506,2
코코하우스,외국인관광도시민박업,"서울특별시 마포구 방울내로9길 34, 지층 102호 (망원동)",서울 마포구 망원동 471-4,CDFI2262212024000046,2024-03-18,영업/정상(영업중),37.5619274638303,126.903085685912,5
장한나라,외국인관광도시민박업,"서울특별시 마포구 와우산로29길 26-33, 202호 (서교동)",서울 마포구 서교동 328-74,CDFI2262212023000170,2023-11-17,영업/정상(영업중),37.5555320036647,126.928765669556,4
버즈네스트,외국인관광도시민박업,서울특별시 마포구 연남로3길 18 (연남동),서울 마포구 연남동 561-34,CDFI2262212012000022,2012-06-13,영업/정상(영업중),37.5612007867543,126.921488440154,2
RM,외국인관광도시민박업,"서울특별시 마포구 월드컵로8길 57, 201호 (서교동)",서울 마포구 서교동 482-6,CDFI2262212023000120,2023-09-05,영업/정상(영업중),37.5536549699173,126.915532491542,4
벙크 백팩커스 게스트하우스,외국인관광도시민박업,"[121-836] 서울특별시 마포구 와우산로29다길 11-1, 1~2층 (서교동)",서울 마포구 서교동 335-32,CDFI2262212013000025,2013-04-26,영업/정상(영업중),37.5549252082881,126.9279184716,2
모노크롬하우스(그리너리룸),외국인관광도시민박업,"서울특별시 마포구 성미산로 199, 301호 (연남동)",서울 마포구 연남동 226-15,CDFI2262212021000008,2021-01-15,영업/정상(영업중),37.5625180460536,126.927113322711,2
Soft Seoul,외국인관광도시민박업,"서울특별시 마포구 성미산로13길 58, 2층 (성산동)",서울 마포구 성산동 617-1,CDFI2262212024000068,2024-04-16,영업/정상(영업중),37.5634522532737,126.916834155969,2
Pause BnB,외국인관광도시민박업,"서울특별시 마포구 와우산로29가길 75, 1층 (서교동)",서울 마포구 서교동 343-16,CDFI2262212022000073,2022-11-03,영업/정상(영업중),37.5537398947402,126.925370668374,3
편안한 숙소,외국인관광도시민박업,"서울특별시 마포구 어울마당로2길 15-3, 101호 (당인동)",서울 마포구 당인동 15-35,CDFI2262212023000112,2023-08-25,영업/정상(영업중),37.546224401105,126.920141823804,2
DW Design Residence 2,외국인관광도시민박업,"서울특별시 마포구 동교로25길 35, 지층 (동교동)",서울 마포구 동교동 203-47,CDFI2262212015000011,2015-12-29,영업/정상(영업중),37.5584022265547,126.920584030172,4
셀비어 하우스3,외국인관광도시민박업,"서울특별시 마포구 동교로12길 43, 301호 (서교동)",서울 마포구 서교동 384-21,CDFI2262212024000083,2024-04-26,영업/정상(영업중),37.5523518855256,126.91296661832,4
체크인서울,외국인관광도시민박업,"서울특별시 마포구 동교로25길 9, 302호 (동교동)",서울 마포구 동교동 201-11,CDFI2262212024000186,2024-07-24,영업/정상(영업중),37.5575417823091,126.921810871194,5
셀비어 하우스2,외국인관광도시민박업,"서울특별시 마포구 동교로12길 43, 201호 (서교동)",서울 마포구 서교동 384-21,CDFI2262212024000082,2024-04-26,영업/정상(영업중),37.5523518855256,126.91296661832,4
헤스테연남,외국인관광도시민박업,"서울특별시 마포구 동교로27길 93-9, 202호 (연남동)",서울 마포구 연남동 493-17,CDFI2262212023000051,2023-05-17,영업/정상(영업중),37.5612777375638,126.919358044995,6
말랑홈,외국인관광도시민박업,"서울특별시 마포구 연남로1길 24-11, 300호 (연남동)",서울 마포구 연남동 566-16,CDFI2262212022000059,2022-09-19,영업/정상(영업중),37.5607291741082,126.921306486743,4
훈게스트하우스,외국인관광도시민박업,"서울특별시 마포구 와우산로 169-3, 201호 (동교동)",서울 마포구 동교동 182-21,CDFI2262212024000113,2024-05-29,영업/정상(영업중),37.5560172559087,126.930691772033,3
셀비어 하우스1,외국인관광도시민박업,"서울특별시 마포구 동교로12길 43, 101호 (서교동)",서울 마포구 서교동 384-21,CDFI2262212024000081,2024-04-26,영업/정상(영업중),37.5523518855256,126.91296661832,4
말랑홈_핑크,외국인관광도시민박업,"서울특별시 마포구 연남로1길 24-11, 202호 (연남동)",서울 마포구 연남동 566-16,CDFI2262212023000055,2023-05-24,영업/정상(영업중),37.5607291741082,126.921306486743,4
무드하우스,외국인관광도시민박업,"서울특별시 마포구 잔다리로7안길 37-3, 2층 202호 (서교동, 대덕빌라)",서울 마포구 서교동 380-26,CDFI2262212023000054,2023-05-24,영업/정상(영업중),37.5524564387047,126.915751128312,2
스테이 무드인블루,외국인관광도시민박업,"서울특별시 마포구 성미산로16길 43, 1층 101호 (연남동)",서울 마포구 연남동 487-302,CDFI2262212023000053,2023-05-24,영업/정상(영업중),37.5593058274358,126.918325712681,3
Like House,외국인관광도시민박업,"서울특별시 마포구 어울마당로 153-2, 1층 (동교동)",서울 마포구 동교동 170-7,CDFI2262212022000001,2022-01-05,영업/정상(영업중),37.5569433925789,126.926957703959,2
브릭하우스,외국인관광도시민박업,"서울특별시 마포구 월드컵북로8길 23, 301호 (연남동)",서울 마포구 연남동 487-410,CDFI2262212022000078,2022-11-23,영업/정상(영업중),37.5595573115744,126.918479135997,6
Gu&Anne,외국인관광도시민박업,"서울특별시 마포구 동교로27길 27-3, 102호 (동교동)",서울 마포구 동교동 204-12,CDFI2262212021000032,2021-06-21,영업/정상(영업중),37.5590920493628,126.921964645822,3
원이하우스,외국인관광도시민박업,"서울특별시 마포구 동교로27길 93-9, 201호 (연남동)",서울 마포구 연남동 493-17,CDFI2262212023000050,2023-05-17,영업/정상(영업중),37.5612777375638,126.919358044995,6
연남끝 그리고 시작,외국인관광도시민박업,"서울특별시 마포구 동교로51길 115, 4층 (연남동)",서울 마포구 연남동 453-18,CDFI2262212023000097,2023-07-25,영업/정상(영업중),37.5663429086611,126.920615217332,2
가온,외국인관광도시민박업,"서울특별시 마포구 동교로 179-5, 2층 (동교동)",서울 마포구 동교동 201-22,CDFI2262212022000009,2022-03-04,영업/정상(영업중),37.5568265557938,126.921246080956,3
마포레스트301,외국인관광도시민박업,"서울특별시 마포구 방울내로 57-14, 301호 (망원동)",서울 마포구 망원동 436-5,CDFI2262212024000164,2024-07-11,영업/정상(영업중),37.5602192805687,126.901688194829,6
포시즌하우스,외국인관광도시민박업,"서울특별시 마포구 월드컵로5길 39-5, 지하1층 (합정동)",서울 마포구 합정동 389-6,CDFI2262212023000099,2023-08-01,영업/정상(영업중),37.5513501478428,126.910188398504,2
훤게스트하우스,외국인관광도시민박업,"서울특별시 마포구 연남로3길 22-15, 201호 (연남동)",서울 마포구 연남동 561-47,CDFI2262212023000107,2023-08-16,영업/정상(영업중),37.5614561277635,126.920677559725,2
프라이빗 하우스,외국인관광도시민박업,"서울특별시 마포구 방울내로 67, 4층 (망원동)",서울 마포구 망원동 435-1,CDFI2262212023000096,2023-07-25,영업/정상(영업중),37.5601335973222,126.902778121521,2
YS 하우스,외국인관광도시민박업,"서울특별시 마포구 독막로6길 34, 지하1층 B101호 (합정동)",서울 마포구 합정동 361-38,CDFI2262212019000126,2019-10-21,영업/정상(영업중),37.5465822199919,126.916795755739,2
아우어하우스,외국인관광도시민박업,"서울특별시 마포구 와우산로37길 15, 1층 (동교동)",서울 마포구 동교동 189-1,CDFI2262212023000005,2023-01-31,영업/정상(영업중),37.556112129416,126.930077939704,3
Hongdae Cozy Stay,외국인관광도시민박업,"서울특별시 마포구 와우산로13길 9, 301호 (상수동)",서울 마포구 상수동 90-8,CDFI2262212020000004,2020-01-13,영업/정상(영업중),37.549599018491,126.922603398805,4
세컨드 홈,외국인관광도시민박업,"서울특별시 마포구 양화진4길 6, 4층 (합정동)",서울 마포구 합정동 378-34,CDFI2262212023000064,2023-06-02,영업/정상(영업중),37.5474048840339,126.912020119115,2
밀리스테이,외국인관광도시민박업,"서울특별시 마포구 성미산로16길 43, 지하층 101호 (연남동)",서울 마포구 연남동 487-302,CDFI2262212023000065,2023-06-02,영업/정상(영업중),37.5593058274358,126.918325712681,3
STUDIO J,외국인관광도시민박업,"서울특별시 마포구 신촌로8길 19-1, 지하1층 J2호 (동교동)",서울 마포구 동교동 182-30,CDFI2262212022000011,2022-03-14,영업/정상(영업중),37.5562022305688,126.930691600716,2
Nature House,외국인관광도시민박업,"서울특별시 마포구 연남로3길 21, 101호 (연남동)",서울 마포구 연남동 566-30,CDFI2262212020000030,2020-03-26,영업/정상(영업중),37.5609729354935,126.921504637865,2
버터하우스,외국인관광도시민박업,"서울특별시 마포구 희우정로1길 6-8, 102호 (합정동)",서울 마포구 합정동 398-20,CDFI2262212024000197,2024-07-30,영업/정상(영업중),37.5494229700811,126.907692271412,2
스텔라 마리스,외국인관광도시민박업,"서울특별시 마포구 월드컵북로4길 44, 502호 (동교동)",서울 마포구 동교동 200-1,CDFI2262212024000191,2024-07-24,영업/정상(영업중),37.5580495404784,126.921880850072,2
Nael House,외국인관광도시민박업,"서울특별시 마포구 신촌로2안길 12, 3층 (동교동)",서울 마포구 동교동 176-17,CDFI2262212022000003,2022-01-27,영업/정상(영업중),37.557378541512,126.927783352702,4
다온 포레스트,외국인관광도시민박업,"서울특별시 마포구 월드컵북로12길 79, 403호 (성산동, 다온숲)",서울 마포구 성산동 36-33,CDFI2262212024000193,2024-07-25,영업/정상(영업중),37.5645670054585,126.914992494129,9
어썸 게스트하우스,외국인관광도시민박업,"서울특별시 마포구 와우산로29마길 15-8, 202호 (서교동)",서울 마포구 서교동 333-39,CDFI2262212020000008,2020-01-16,영업/정상(영업중),37.5551157448257,126.92670790462,4
STAR,외국인관광도시민박업,"서울특별시 마포구 월드컵로8길 37-12, 103호 (서교동)",서울 마포구 서교동 483-33,CDFI2262212024000174,2024-07-18,영업/정상(영업중),37.5538573540623,126.914434165665,6
소솜 하우스,외국인관광도시민박업,"서울특별시 마포구 동교로 240, 계림빌딩 4층 (연남동)",서울 마포구 연남동 260-28,CDFI2262212024000178,2024-07-18,영업/정상(영업중),37.5613075108743,126.924459360809,2
모노룸,외국인관광도시민박업,"서울특별시 마포구 동교로38길 26-16, 1층 뒤쪽호 (연남동)",서울 마포구 연남동 390-53,CDFI2262212019000107,2019-09-17,영업/정상(영업중),37.5616075132306,126.925120270961,6
Little Forest,외국인관광도시민박업,"서울특별시 마포구 양화로23길 30-1, B03호 (동교동)",서울 마포구 동교동 148-17,CDFI2262212023000046,2023-05-16,영업/정상(영업중),37.5597885998739,126.925149707169,3
THE COTILDA MAPO,외국인관광도시민박업,"서울특별시 마포구 성암로9안길 14-4, 1층 (중동)",서울 마포구 중동 81-12,CDFI2262212024000116,2024-05-30,영업/정상(영업중),37.5733665284843,126.90311795565,2
인자하우스,외국인관광도시민박업,"서울특별시 마포구 도화2길 29, 2층 (도화동)",서울 마포구 도화동 346-3,CDFI2262212018000068,2018-09-13,영업/정상(영업중),37.5394545954195,126.949610031483,2
Again Guesthouse,외국인관광도시민박업,"서울특별시 마포구 와우산로29라길 7-1, 203호 (서교동)",서울 마포구 서교동 334-24,CDFI2262212019000002,2019-01-04,영업/정상(영업중),37.5553531208893,126.927524103553,2
서울 휴가,외국인관광도시민박업,"서울특별시 마포구 독막로22길 1-14, 102호 (창전동)",서울 마포구 창전동 199-1,CDFI2262212023000194,2023-12-12,영업/정상(영업중),37.5470147545711,126.930082364285,2
오티움,외국인관광도시민박업,"서울특별시 마포구 월드컵로14길 62, 501호 (서교동)",서울 마포구 서교동 468-2,CDFI2262212023000195,2023-12-13,영업/정상(영업중),37.5567812318818,126.913884864638,2
zzang9 house,외국인관광도시민박업,"서울특별시 마포구 독막로2길 35, 201호 (합정동)",서울 마포구 합정동 366-14,CDFI2262212023000059,2023-05-31,영업/정상(영업중),37.5469917441896,126.914553137572,2
합정해날,외국인관광도시민박업,"서울특별시 마포구 독막로2길 35, 3층 301호 (합정동)",서울 마포구 합정동 366-14,CDFI2262212023000073,2023-06-19,영업/정상(영업중),37.5469917441896,126.914553137572,2
Happy house,외국인관광도시민박업,"서울특별시 마포구 연희로1길 41, 101호 (연남동, 예일빌라)",서울 마포구 연남동 381-6,CDFI2262212020000075,2020-09-29,영업/정상(영업중),37.5607909474682,126.92570250111,3
니트하우스 홍대,외국인관광도시민박업,"서울특별시 마포구 양화로15안길 7, 2층 (서교동)",서울 마포구 서교동 375-42,CDFI2262212017000012,2017-02-08,영업/정상(영업중),37.5542791797792,126.919002532481,4
누크 하우스,외국인관광도시민박업,"서울특별시 마포구 성미산로29길 35-13, 1층 (연남동)",서울 마포구 연남동 245-80,CDFI2262212023000206,2023-12-28,영업/정상(영업중),37.5654220788184,126.921405117787,2
스테이4578,외국인관광도시민박업,"서울특별시 마포구 동교로8안길 19, 플렉엠 101호 (합정동)",서울 마포구 합정동 457-8,CDFI2262212022000075,2022-11-16,영업/정상(영업중),37.5497932091392,126.904877972819,2
스테이온 2,외국인관광도시민박업,"서울특별시 마포구 와우산로29길 48-21, 301호 (서교동)",서울 마포구 서교동 330-32,CDFI2262212023000103,2023-08-04,영업/정상(영업중),37.5562256344469,126.927504018868,3
홍대 하우스,외국인관광도시민박업,"[121-829] 서울특별시 마포구 독막로12길 13, 나동 202호 (당인동)",서울 마포구 당인동 13-7,CDFI2262212015000061,2015-05-13,영업/정상(영업중),37.5471688211209,126.920131650285,2
돌마,외국인관광도시민박업,"서울특별시 마포구 동교로23길 32, 501호 (동교동)",서울 마포구 동교동 203-15,CDFI2262212019000022,2019-03-07,영업/정상(영업중),37.5574274745215,126.920104178466,2
그린하우스,외국인관광도시민박업,"서울특별시 마포구 어울마당로 136-10, 3층 (서교동)",서울 마포구 서교동 347-3,CDFI2262212022000091,2022-12-27,영업/정상(영업중),37.5557372588322,126.925137688867,3
파라다이스 인 마포,외국인관광도시민박업,"서울특별시 마포구 성산로6길 27, 2~3층 (성산동)",서울 마포구 성산동 76-1,CDFI2262212024000189,2024-07-24,영업/정상(영업중),37.5636100307441,126.91092319838,2
조이 하우스,외국인관광도시민박업,"서울특별시 마포구 성산로6길 27, 1층 (성산동)",서울 마포구 성산동 76-1,CDFI2262212024000190,2024-07-24,영업/정상(영업중),37.5636100307441,126.91092319838,2
빙고 연남,외국인관광도시민박업,"서울특별시 마포구 연희로1길 28-9, 1층 (동교동)",서울 마포구 동교동 113-72,CDFI2262212020000025,2020-03-13,영업/정상(영업중),37.5599611467829,126.92587332169,3
더케이하우스,외국인관광도시민박업,"서울특별시 마포구 월드컵북로8길 62, 한라빌리지 202호 (연남동)",서울 마포구 연남동 493-46,CDFI2262212019000124,2019-10-16,영업/정상(영업중),37.5612977064079,126.918914802061,3
홍대 애비뉴,외국인관광도시민박업,"서울특별시 마포구 동교로25길 54-8, 301호 (연남동)",서울 마포구 연남동 568-47,CDFI2262212019000131,2019-10-25,영업/정상(영업중),37.5593060203147,126.920589635326,2
응담하우스,외국인관광도시민박업,"서울특별시 성북구 동소문로24길 14, 503호 (동선동1가, 어룡빌딩)",서울 성북구 동선동1가 92-3,CDFI2262212025000004,2025-02-03,영업/정상(영업중),37.5930112602241,127.0184969489,3
Stay 정릉,외국인관광도시민박업,"서울특별시 성북구 보국문로24길 19, 302호 (정릉동, 칸트하우스)",서울 성북구 정릉동 252-124,CDFI2262212025000006,2025-02-12,영업/정상(영업중),37.6132249531349,127.00846579631,7
호롱스테이,외국인관광도시민박업,"서울특별시 성북구 보국문로24길 19, 201호 (정릉동, 칸트하우스)",서울 성북구 정릉동 252-124,CDFI2262212025000011,2025-02-21,영업/정상(영업중),37.6132249531349,127.00846579631,7
예성 게스트하우스,외국인관광도시민박업,"서울특별시 마포구 월드컵로7길 60, 지층 101호 (합정동)",서울 마포구 합정동 432-19,CDFI2262212021000052,2021-08-17,영업/정상(영업중),37.5530175815285,126.908722321861,2
부영,외국인관광도시민박업,"서울특별시 마포구 동교로 278-1, 202호 (연남동)",서울 마포구 연남동 224-22,CDFI2262212024000051,2024-03-21,영업/정상(영업중),37.5640644198625,126.926522115179,3
1978 Stay,외국인관광도시민박업,"서울특별시 마포구 대흥로18길 7, 102호 (대흥동)",서울 마포구 대흥동 36-18,CDFI2262212024000009,2024-01-15,영업/정상(영업중),37.5493112146603,126.943731200169,2
H2 room,외국인관광도시민박업,"서울특별시 마포구 월드컵북로12길 79, 604호 (성산동, 다온숲)",서울 마포구 성산동 36-33,CDFI2262212024000130,2024-06-11,영업/정상(영업중),37.5645670054585,126.914992494129,9
B.B.Stay (Sinchon),외국인관광도시민박업,"서울특별시 마포구 백범로1길 57-4, 2층 (노고산동)",서울 마포구 노고산동 40-3,CDFI2262212024000148,2024-06-25,영업/정상(영업중),37.5556743574696,126.939763639379,2
씨유 하우스,외국인관광도시민박업,"서울특별시 마포구 동교로47길 7, 3층 (연남동)",서울 마포구 연남동 229-29,CDFI2262212024000010,2024-01-15,영업/정상(영업중),37.563295417825,126.924802115778,2
Hyun Stay,외국인관광도시민박업,"서울특별시 마포구 와우산로29나길 24-3, 105호 (서교동)",서울 마포구 서교동 335-36,CDFI2262212024000488,2024-12-27,영업/정상(영업중),37.554420424205,126.927550130954,5
시집,외국인관광도시민박업,"서울특별시 마포구 와우산로29길 56-14, 201호 (서교동)",서울 마포구 서교동 330-53,CDFI2262212024000165,2024-07-15,영업/정상(영업중),37.5563784975227,126.927445133087,2
호연 홈스테이,외국인관광도시민박업,"서울특별시 마포구 동교로41길 12, 201호 (연남동)",서울 마포구 연남동 229-47,CDFI2262212024000147,2024-06-24,영업/정상(영업중),37.5629779139299,126.924109291658,6
우즈 하우스,외국인관광도시민박업,"서울특별시 마포구 방울내로 57-14, 102호 (망원동)",서울 마포구 망원동 436-5,CDFI2262212024000158,2024-07-08,영업/정상(영업중),37.5602192805687,126.901688194829,6
Kim's Mansion,외국인관광도시민박업,"서울특별시 마포구 연남로 51-5, 2층 (연남동)",서울 마포구 연남동 369-3,CDFI2262212022000007,2022-02-16,영업/정상(영업중),37.5639454045074,126.920149057444,2
코지뉴트리,외국인관광도시민박업,"서울특별시 영등포구 대림로 115-4, 202호 (대림동)",서울 영등포구 대림동 861-12,CDFI2262212024000010,2024-05-07,영업/정상(영업중),37.4918090548441,126.901854256146,3
서울의 밤,외국인관광도시민박업,"서울특별시 강서구 강서로18아길 26-18, 501호 (화곡동, 헤쎄드)",서울 강서구 화곡동 166-27,CDFI2262212024000021,2024-05-29,영업/정상(영업중),37.5358332448662,126.852318421692,4
모멘트 스테이,외국인관광도시민박업,"서울특별시 마포구 월드컵북로 328-13, 301호 (상암동)",서울 마포구 상암동 33-15,CDFI2262212024000150,2024-07-02,영업/정상(영업중),37.5761236820025,126.895433564879,2
K1 HOUSE,외국인관광도시민박업,"서울특별시 마포구 동교로50길 30, 104호 (연남동, 화랑빌라)",서울 마포구 연남동 226-33,CDFI2262212024000217,2024-08-14,영업/정상(영업중),37.5628763276797,126.927479804866,2
MJ 하우스,외국인관광도시민박업,"서울특별시 마포구 동교로27길 27-9, 2층 301호 (동교동)",서울 마포구 동교동 204-14,CDFI2262212023000061,2023-06-01,영업/정상(영업중),37.5589466911909,126.921787106975,3
망원 스테이올,외국인관광도시민박업,"서울특별시 마포구 희우정로10길 2, 2층 (망원동)",서울 마포구 망원동 394-65,CDFI2262212024000173,2024-07-16,영업/정상(영업중),37.5525734353664,126.904563790573,2
HIK House,외국인관광도시민박업,"서울특별시 서대문구 신촌로1길 64, 충화하우스 101호 (창천동)",서울 서대문구 창천동 345,CDFI2262212025000015,2025-01-23,영업/정상(영업중),37.5602645358683,126.92884027747,2
MAMA HOUSE,외국인관광도시민박업,"서울특별시 마포구 월드컵북로6길 52-9, 102호 (동교동)",서울 마포구 동교동 204-40,CDFI2262212023000040,2023-04-29,영업/정상(영업중),37.558864458741,126.921694273381,3
킴앵하우스,외국인관광도시민박업,"서울특별시 마포구 동교로27길 27-3, 202호 (동교동)",서울 마포구 동교동 204-12,CDFI2262212023000062,2023-06-01,영업/정상(영업중),37.5590920493628,126.921964645822,3
K-홍대 하우스,외국인관광도시민박업,"서울특별시 마포구 신촌로10길 29, 2층 (동교동)",서울 마포구 동교동 186-33,CDFI2262212024000464,2024-12-20,영업/정상(영업중),37.5553852609577,126.932182509456,2
YY HOUSE,외국인관광도시민박업,"서울특별시 서대문구 연희로2안길 7-15, B04호 (창천동)",서울 서대문구 창천동 421,CDFI2262212025000013,2025-01-17,영업/정상(영업중),37.5603817640389,126.927815313843,5
홍대 빈티지 스테이(HONGDAE VINTAGE STAY),외국인관광도시민박업,"서울특별시 서대문구 신촌로11길 11-11, 301호 (창천동)",서울 서대문구 창천동 112-27,CDFI2262212024000071,2024-12-03,영업/정상(영업중),37.5572993224644,126.932309456085,2
인더가든 186,외국인관광도시민박업,"서울특별시 동작구 흑석로5길 93, 301호 (흑석동)",서울 동작구 흑석동 186-16,CDFI2262212025000005,2025-02-12,영업/정상(영업중),37.5093817823603,126.958490915983,2
Jay's house,외국인관광도시민박업,"서울특별시 강동구 올림픽로62길 9-14, 603호 (성내동)",서울 강동구 성내동 81-1,CDFI2262212024000057,2024-12-12,영업/정상(영업중),37.5369625268254,127.123801201293,14
디어마이홈,외국인관광도시민박업,"서울특별시 강서구 강서로18아길 26-18, 502호 (화곡동, 헤쎄드)",서울 강서구 화곡동 166-27,CDFI2262212025000008,2025-02-06,영업/정상(영업중),37.5358332448662,126.852318421692,4
영스테이,외국인관광도시민박업,"서울특별시 서대문구 신촌로3나길 10, 202호 (창천동)",서울 서대문구 창천동 501-1,CDFI2262212025000005,2025-01-02,영업/정상(영업중),37.5587663263392,126.929992499814,2
Kenny's House,외국인관광도시민박업,"서울특별시 서대문구 신촌로3나길 8-5, 202호 (창천동, 한빛위너스)",서울 서대문구 창천동 501-25,CDFI2262212025000019,2025-02-07,영업/정상(영업중),37.5586315806334,126.929913853887,2
멜비하우스,외국인관광도시민박업,"서울특별시 마포구 성미산로17길 59, 102호 (연남동)",서울 마포구 연남동 487-51,CDFI2262212024000044,2024-03-15,영업/정상(영업중),37.5640987272892,126.917489465771,3
로스터블록,외국인관광도시민박업,"서울특별시 마포구 월드컵로7길 62-1, B02호 (합정동)",서울 마포구 합정동 432-21,CDFI2262212024000145,2024-06-21,영업/정상(영업중),37.5529586467847,126.908477268475,2
HAN HOME,외국인관광도시민박업,"서울특별시 마포구 와우산로29마길 15-8, 지층 (서교동)",서울 마포구 서교동 333-39,CDFI2262212024000220,2024-08-19,영업/정상(영업중),37.5551157448257,126.92670790462,4
수하우스,외국인관광도시민박업,"서울특별시 성북구 보국문로24길 19, 301호 (정릉동, 칸트하우스)",서울 성북구 정릉동 252-124,CDFI2262212025000005,2025-02-12,영업/정상(영업중),37.6132249531349,127.00846579631,7
어룡하우스,외국인관광도시민박업,"서울특별시 성북구 동소문로24길 14, 502호 (동선동1가, 어룡빌딩)",서울 성북구 동선동1가 92-3,CDFI2262212025000003,2025-02-03,영업/정상(영업중),37.5930112602241,127.0184969489,3
바우하우스#2,외국인관광도시민박업,"서울특별시 동작구 상도로60가길 3-1, 은성빌라 지층 102호 (상도동)",서울 동작구 상도동 126-60,CDFI2262212025000002,2025-01-20,영업/정상(영업중),37.4926809003,126.954529179822,2
바우하우스#1,외국인관광도시민박업,"서울특별시 동작구 상도로60가길 3-1, 은성빌라 지층 101호 (상도동)",서울 동작구 상도동 126-60,CDFI2262212025000001,2025-01-20,영업/정상(영업중),37.4926809003,126.954529179822,2
삼전가Ⅱ,외국인관광도시민박업,"서울특별시 송파구 백제고분로28길 6-17, 지층 101호 (삼전동)",서울 송파구 삼전동 61-6,CDFI2262212024000043,2024-12-06,영업/정상(영업중),37.5027867185269,127.091194665503,3
보라매stay,외국인관광도시민박업,"서울특별시 관악구 봉천로19길 25, 101호 (봉천동)",서울 관악구 봉천동 662-118,CDFI2262212024000010,2024-02-15,영업/정상(영업중),37.4883915145833,126.933668393529,2
서울별 스테이,외국인관광도시민박업,"서울특별시 송파구 백제고분로41길 21-7, B03호 (송파동)",서울 송파구 송파동 13-13,CDFI2262212024000044,2024-12-17,영업/정상(영업중),37.5077430962826,127.106940431021,3
Roco Stay,외국인관광도시민박업,"서울특별시 마포구 와우산로3안길 5, 503호 (상수동, 석진하우징)",서울 마포구 상수동 334-18,CDFI2262212024000431,2024-11-27,영업/정상(영업중),37.5463275424411,126.922404678307,9
스테이조용한오후,외국인관광도시민박업,"서울특별시 송파구 가락로9길 12, 301호 (석촌동)",서울 송파구 석촌동 259,CDFI2262212024000045,2024-12-18,영업/정상(영업중),37.5010526805188,127.103504339429,2
우영,외국인관광도시민박업,"서울특별시 금천구 독산로44길 29, 501호 (시흥동, 인경스마트빌딩)",서울 금천구 시흥동 791-34,CDFI2262212025000003,2025-01-31,영업/정상(영업중),37.4612709062919,126.906334841847,6
해인하우스,외국인관광도시민박업,"서울특별시 강동구 진황도로29길 35-9, 601호 (천호동)",서울 강동구 천호동 167-28,CDFI2262212025000018,2025-02-03,영업/정상(영업중),37.5395404938644,127.133534487582,2
에어리잠실,외국인관광도시민박업,"서울특별시 송파구 백제고분로11길 8-24, 지하층 103호 (잠실동)",서울 송파구 잠실동 223-7,CDFI2262212024000048,2024-12-31,영업/정상(영업중),37.5070877898178,127.081144151538,7
뉴진스하우스,외국인관광도시민박업,"서울특별시 중구 소공로6나길 1, 3층 (회현동2가)",서울 중구 회현동2가 42-1,CDFI2262212023000023,2023-08-25,영업/정상(영업중),37.5582087075912,126.983847302229,5
애플 하우스,외국인관광도시민박업,"서울특별시 송파구 마천로7가길 3-1, 303호 (오금동)",서울 송파구 오금동 18-18,CDFI2262212024000018,2024-06-12,영업/정상(영업중),37.5087084777738,127.127588139818,3
애즈홈게스트하우스,외국인관광도시민박업,"서울특별시 중구 소공로6가길 24, 202호 (회현동2가)",서울 중구 회현동2가 48-1,CDFI2262212023000032,2023-12-05,영업/정상(영업중),37.5574760514544,126.984104031338,5
게스트하우스(수),외국인관광도시민박업,서울특별시 중구 퇴계로20길 25-28 (남산동2가),서울 중구 남산동2가 18-11,CDFI2262212023000027,2023-11-09,영업/정상(영업중),37.5590065128711,126.986496417976,2
오후의 놀이터,외국인관광도시민박업,"서울특별시 중구 퇴계로66길 17-4, 201호 (광희동2가)",서울 중구 광희동2가 141,CDFI2262212025000008,2025-01-22,영업/정상(영업중),37.5635201953945,127.009253486258,2
지니맨션,외국인관광도시민박업,"서울특별시 중구 퇴계로20나길 2-15, 402호 (남산동2가, 능마루빌라)",서울 중구 남산동2가 39-5,CDFI2262212025000009,2025-01-31,영업/정상(영업중),37.5588061724479,126.985332413896,11
까사레인,외국인관광도시민박업,"서울특별시 송파구 백제고분로28길 8-14, 지하층 102호 (삼전동)",서울 송파구 삼전동 61-11,CDFI2262212024000047,2024-12-27,영업/정상(영업중),37.502556422316,127.091426792418,2
stay sound,외국인관광도시민박업,"서울특별시 관악구 남부순환로180길 39, b02호 (신림동)",서울 관악구 신림동 75-55,CDFI2262212025000014,2025-01-23,영업/정상(영업중),37.4827623778323,126.931306496477,4
나려 스테이,외국인관광도시민박업,"서울특별시 강동구 올림픽로62길 9-14, 9층 901호 (성내동)",서울 강동구 성내동 81-1,CDFI2262212025000015,2025-01-23,영업/정상(영업중),37.5369625268254,127.123801201293,14
시즈 스페이스,외국인관광도시민박업,"서울특별시 마포구 월드컵로8길 37-13, 401호 (서교동)",서울 마포구 서교동 483-27,CDFI2262212024000234,2024-08-22,영업/정상(영업중),37.5539202450448,126.914187720457,2
Lodge 82,외국인관광도시민박업,"서울특별시 영등포구 영등포로79길 7-4, 2층 (신길동)",서울 영등포구 신길동 65-101,CDFI2262212013000007,2013-05-21,영업/정상(영업중),37.5145313019033,126.921050636871,2
태라 인 명동,외국인관광도시민박업,"서울특별시 중구 퇴계로20나길 15-22, 201호 (예장동)",서울 중구 예장동 8-88,CDFI2262212024000016,2024-04-04,영업/정상(영업중),37.5575691507048,126.9857193807,5
태라 인 명동2,외국인관광도시민박업,"서울특별시 중구 퇴계로20나길 15-22, 202호 (예장동)",서울 중구 예장동 8-88,CDFI2262212024000019,2024-04-22,영업/정상(영업중),37.5575691507048,126.9857193807,5
필스테이명동부띠끄,외국인관광도시민박업,"서울특별시 중구 퇴계로16길 11, 2~3층 (남산동1가, 이일빌딩)",서울 중구 남산동1가 7-4,CDFI2262212016000013,2016-05-26,영업/정상(영업중),37.5602720101442,126.984667756104,2
러브앤트래블 하우스(Love&Travel House),외국인관광도시민박업,"서울특별시 양천구 남부순환로60길 26-3, 202호 (신월동, 레이크빌)",서울 양천구 신월동 195-28,CDFI2262212025000002,2025-01-08,영업/정상(영업중),37.5308296850483,126.827870878393,3
그랜드필드게스트하우스,외국인관광도시민박업,"서울특별시 중구 퇴계로14길 29, 그랜드 필드 5층 602호 (남산동1가)",서울 중구 남산동1가 16-6,CDFI2262212013000008,2013-07-04,영업/정상(영업중),37.5591939658366,126.983978490389,5
The 명동 BNB,외국인관광도시민박업,"서울특별시 중구 퇴계로20나길 2-15, 303호 (남산동2가, 능마루빌라)",서울 중구 남산동2가 39-5,CDFI2262212024000012,2024-03-20,영업/정상(영업중),37.5588061724479,126.985332413896,11
서울 타이완 게스트하우스,외국인관광도시민박업,서울특별시 중구 퇴계로10길 20-14 (회현동1가),서울 중구 회현동1가 88-3,CDFI2262212014000025,2014-10-20,영업/정상(영업중),37.5581699356288,126.980114491114,3
명동 맘하우스,외국인관광도시민박업,"[100043] 서울특별시 중구 퇴계로22길 11, 6층 (남산동3가)",서울 중구 남산동3가 13-21,CDFI2262212014000024,2014-10-01,영업/정상(영업중),37.5604666868875,126.986657437307,2
에코하우스,외국인관광도시민박업,"서울특별시 중구 퇴계로22길 13, 남산동정빌딩 5층 (남산동3가)",서울 중구 남산동3가 20-9,CDFI2262212012000004,2012-04-16,영업/정상(영업중),37.5603129772188,126.986660973319,2
레인보우게스트하우스,외국인관광도시민박업,[100273] 서울특별시 중구 필동로 86 (필동3가),서울 중구 필동3가 79-18,CDFI2262212014000012,2014-04-16,영업/정상(영업중),37.5540876072493,126.996515908276,2
오케이빌,외국인관광도시민박업,"서울특별시 중구 을지로 157, 대림상가 1258호 (산림동)",서울 중구 산림동 207-2,CDFI2262212013000002,2013-01-10,영업/정상(영업중),37.5671458986322,126.995451191045,5
홈스테이 마마하우스,외국인관광도시민박업,"서울특별시 중구 퇴계로 217, 709호 (충무로4가, 진양상가, 진양아파트)",서울 중구 충무로4가 120-3,CDFI2262212012000012,2012-07-09,영업/정상(영업중),37.5624227137843,126.995931151636,4
그린스테이,외국인관광도시민박업,[100052] 서울특별시 중구 소공로4길 17-5 (회현동2가),서울 중구 회현동2가 48-11,CDFI2262212014000019,2014-07-02,영업/정상(영업중),37.5575735007745,126.983819937438,2
마마 게스트하우스2,외국인관광도시민박업,"[100250] 서울특별시 중구 소파로4길 34-1, 지층 (예장동)",서울 중구 예장동 8-44,CDFI2262212015000012,2015-05-14,영업/정상(영업중),37.5584912531586,126.98838352712,4
타오,외국인관광도시민박업,"서울특별시 중구 동호로 235-14, 2~3층 (장충동2가)",서울 중구 장충동2가 200-82,CDFI2262212013000014,2013-07-25,영업/정상(영업중),37.5576670230363,127.007023520633,2
남산 하이드아웃,외국인관광도시민박업,서울특별시 중구 퇴계로18길 67-9 (남산동2가),서울 중구 남산동2가 45-7,CDFI2262212023000015,2023-05-02,영업/정상(영업중),37.558116922806,126.984725918162,2
스테이오얏,외국인관광도시민박업,"서울특별시 중구 퇴계로64길 2, 302호 (광희동2가)",서울 중구 광희동2가 247-1,CDFI2262212024000069,2024-11-12,영업/정상(영업중),37.564081314227,127.008335274249,4
제이나인 게스트하우스,외국인관광도시민박업,서울특별시 중구 소공로6길 32-3 (남산동2가),서울 중구 남산동2가 43-9,CDFI2262212023000021,2023-08-04,영업/정상(영업중),37.5583312137571,126.984989578507,2
IU게스트하우스,외국인관광도시민박업,"서울특별시 중구 소공로6나길 11, 3층 (회현동2가)",서울 중구 회현동2가 42-7,CDFI2262212014000009,2014-04-02,영업/정상(영업중),37.5577988233617,126.983697544473,2
하하스테이,외국인관광도시민박업,"서울특별시 중구 퇴계로 336-7, 102호 (광희동2가)",서울 중구 광희동2가 188,CDFI2262212024000070,2024-11-14,영업/정상(영업중),37.5640344999,127.009049927632,3
팜트리빌라 명동 301,외국인관광도시민박업,"서울특별시 중구 퇴계로20길 41-6, 301호 (남산동2가)",서울 중구 남산동2가 19-2,CDFI2262212024000062,2024-10-11,영업/정상(영업중),37.5584942216738,126.986635040257,4
만리재 레지던스,외국인관광도시민박업,"서울특별시 중구 만리재로35길 47-3, 2-4층 (중림동)",서울 중구 중림동 331-22,CDFI2262212024000067,2024-11-01,영업/정상(영업중),37.5572194788804,126.967538509404,2
레이지룸 101,외국인관광도시민박업,"서울특별시 중구 퇴계로20나길 41, 101호 (남산동2가)",서울 중구 남산동2가 49-48,CDFI2262212024000066,2024-10-31,영업/정상(영업중),37.5573125083507,126.985406044839,2
서울로 스테이,외국인관광도시민박업,"서울특별시 중구 만리재로35길 47-8, 102호 (중림동)",서울 중구 중림동 331-3,CDFI2262212024000065,2024-10-29,영업/정상(영업중),37.5574693143225,126.967498110222,2
용하우스,외국인관광도시민박업,"서울특별시 성북구 동소문로24길 14, 501호 (동선동1가, 어룡빌딩)",서울 성북구 동선동1가 92-3,CDFI2262212025000001,2025-01-07,영업/정상(영업중),37.5930112602241,127.0184969489,3
딩스테이,외국인관광도시민박업,"서울특별시 중구 퇴계로64길 2, 202호 (광희동2가)",서울 중구 광희동2가 247-1,CDFI2262212025000002,2025-01-03,영업/정상(영업중),37.564081314227,127.008335274249,4
마루스테이,외국인관광도시민박업,"서울특별시 중구 퇴계로20나길 2-15, 202호 (남산동2가, 능마루빌라)",서울 중구 남산동2가 39-5,CDFI2262212024000058,2024-09-12,영업/정상(영업중),37.5588061724479,126.985332413896,11
팜트리빌라 명동,외국인관광도시민박업,"서울특별시 중구 퇴계로20길 41-6, 201호 (남산동2가)",서울 중구 남산동2가 19-2,CDFI2262212024000027,2024-05-14,영업/정상(영업중),37.5584942216738,126.986635040257,4
스테이 이비비,외국인관광도시민박업,"서울특별시 중구 장충단로10길 27-4, 102호 (광희동2가)",서울 중구 광희동2가 208-1,CDFI2262212024000032,2024-06-25,영업/정상(영업중),37.5637033135639,127.008786164547,5
비타민,외국인관광도시민박업,"서울특별시 중구 퇴계로 336-7, 201호 (광희동2가)",서울 중구 광희동2가 188,CDFI2262212025000005,2025-01-17,영업/정상(영업중),37.5640344999,127.009049927632,3
레이지 동,외국인관광도시민박업,"서울특별시 강동구 강동대로55길 92, 3층 301호 (성내동)",서울 강동구 성내동 429-14,CDFI2262212025000012,2025-01-21,영업/정상(영업중),37.5262385376608,127.134202105549,3
팜트리빌라 명동 101,외국인관광도시민박업,"서울특별시 중구 퇴계로20길 41-6, 101호 (남산동2가)",서울 중구 남산동2가 19-2,CDFI2262212024000061,2024-10-11,영업/정상(영업중),37.5584942216738,126.986635040257,4
스테이 서울 스테이(stay seoul stay),외국인관광도시민박업,"서울특별시 관악구 호암로22길 52, 301호 (신림동)",서울 관악구 신림동 1546-2,CDFI2262212024000017,2024-03-26,영업/정상(영업중),37.4686183090008,126.935592327281,3
스테이인명동,외국인관광도시민박업,서울특별시 중구 퇴계로24길 2-5 (남산동3가),서울 중구 남산동3가 13-33,CDFI2262212024000064,2024-10-28,영업/정상(영업중),37.5606165421046,126.986830577784,2
제이스테이,외국인관광도시민박업,"서울특별시 양천구 월정로25길 21, 101호 (신월동)",서울 양천구 신월동 122-22,CDFI2262212025000004,2025-01-20,영업/정상(영업중),37.530751941063,126.835271163641,2
크림브라운스테이,외국인관광도시민박업,"서울특별시 종로구 지봉로12가길 22, 101호 (숭인동)",서울 종로구 숭인동 59-4,CDFI2262212024000100,2024-12-12,영업/정상(영업중),37.5761486139795,127.016812366791,2
진하우스,외국인관광도시민박업,"서울특별시 종로구 경희궁1길 33-14, 201호 (신문로2가)",서울 종로구 신문로2가 1-166,CDFI2262212024000104,2024-12-12,영업/정상(영업중),37.5729051966769,126.968898589496,7
아뜰리에8 동묘,외국인관광도시민박업,"서울특별시 종로구 종로63다길 32-2, 201호 (숭인동)",서울 종로구 숭인동 72-73,CDFI2262212024000102,2024-12-12,영업/정상(영업중),37.5742121434289,127.017179950328,3
카이로스,외국인관광도시민박업,"서울특별시 종로구 경희궁1길 33-14, 303호 (신문로2가)",서울 종로구 신문로2가 1-166,CDFI2262212024000103,2024-12-12,영업/정상(영업중),37.5729051966769,126.968898589496,7
소소랑 게스트하우스,외국인관광도시민박업,"서울특별시 종로구 자하문로45길 11, 1층 (홍지동)",서울 종로구 홍지동 127-2,CDFI2262212024000099,2024-12-11,영업/정상(영업중),37.5988210080491,126.959436084142,2
쉼표,외국인관광도시민박업,"서울특별시 광진구 뚝섬로51길 20, B01호 (자양동)",서울 광진구 자양동 617-14,CDFI2262212024000053,2024-12-11,영업/정상(영업중),37.5333854122789,127.080008763692,3
진하우스,외국인관광도시민박업,"서울특별시 광진구 천호대로138길 26, 201호 (구의동)",서울 광진구 구의동 60-73,CDFI2262212024000051,2024-12-03,영업/정상(영업중),37.5480090109492,127.092451511372,2
도하,외국인관광도시민박업,"서울특별시 종로구 옥인6가길 59-5, 101호 (누상동)",서울 종로구 누상동 166-89,CDFI2262212024000086,2024-12-05,영업/정상(영업중),37.5797802420497,126.965365949912,4
"한옥미 쉼표,",외국인관광도시민박업,"서울특별시 광진구 능동로13길 78-4, 101호 (화양동)",서울 광진구 화양동 16-31,CDFI2262212024000050,2024-12-03,영업/정상(영업중),37.5451263583085,127.06914006262,4
코코하우스(KoCo House),외국인관광도시민박업,"서울특별시 광진구 아차산로58가길 15, 301호 (구의동, 썬빌리지)",서울 광진구 구의동 590-5,CDFI2262212024000054,2024-12-16,영업/정상(영업중),37.5360178676683,127.09025483796,3
힙피어 경복궁의 달,외국인관광도시민박업,"서울특별시 종로구 옥인2길 14-7, 301호 (누상동)",서울 종로구 누상동 97-7,CDFI2262212024000110,2024-12-18,영업/정상(영업중),37.5804169299313,126.966460067063,2
정원,외국인관광도시민박업,"서울특별시 종로구 창덕궁3길 8, 201호 (원서동)",서울 종로구 원서동 77-88,CDFI2262212024000112,2024-12-20,영업/정상(영업중),37.581401814509,126.988900633281,2
디디피하우스,외국인관광도시민박업,"서울특별시 종로구 종로44길 14, 동문상가 620호 (창신동)",서울 종로구 창신동 436-41,CDFI2262212024000118,2024-12-23,영업/정상(영업중),37.5705109506606,127.011127973709,2
용담재,외국인관광도시민박업,"서울특별시 강동구 진황도로31길 62-2, 102호 (천호동)",서울 강동구 천호동 182-14,CDFI2262212024000071,2024-12-27,영업/정상(영업중),37.5402955984615,127.134744506506,2
아뜰리에8 동묘2,외국인관광도시민박업,"서울특별시 종로구 종로63다길 32-2, 103호 (숭인동)",서울 종로구 숭인동 72-73,CDFI2262212024000119,2024-12-23,영업/정상(영업중),37.5742121434289,127.017179950328,3
그라티아 스테이,외국인관광도시민박업,"서울특별시 강북구 인수봉로6길 9-2, 201호 (미아동, 시우파크빌라)",서울 강북구 미아동 791-3489,CDFI2262212024000004,2024-08-08,영업/정상(영업중),37.6222433827241,127.013437305758,7
루미나스 스테이,외국인관광도시민박업,"서울특별시 강북구 인수봉로6길 9-2, 302호 (미아동, 시우파크빌라)",서울 강북구 미아동 791-3489,CDFI2262212024000003,2024-06-11,영업/정상(영업중),37.6222433827241,127.013437305758,7
스테이봄 강동,외국인관광도시민박업,"서울특별시 강동구 성내로13길 50, 지하층 102호 (성내동)",서울 강동구 성내동 524-3,CDFI2262212025000007,2025-01-13,영업/정상(영업중),37.5300847729131,127.128245313731,2
하하 스테이,외국인관광도시민박업,"서울특별시 강동구 성내로13길 50, 지층 지하3호 (성내동)",서울 강동구 성내동 524-3,CDFI2262212025000003,2025-01-06,영업/정상(영업중),37.5300847729131,127.128245313731,2
명동콜링,외국인관광도시민박업,"서울특별시 중구 소공로6나길 2-1, 301호 (회현동2가)",서울 중구 회현동2가 33-3,CDFI2262212024000023,2024-05-02,영업/정상(영업중),37.5583313168804,126.983727646913,2
솔라스테이,외국인관광도시민박업,"서울특별시 강서구 강서로45가길 54-6, 101호 (화곡동)",서울 강서구 화곡동 1014-27,CDFI2262212024000028,2024-07-19,영업/정상(영업중),37.5455018064858,126.835505200709,3
SJC 스테이,외국인관광도시민박업,"서울특별시 마포구 신촌로2안길 8, 201호 (동교동)",서울 마포구 동교동 176-15,CDFI2262212024000484,2024-12-26,영업/정상(영업중),37.5574729218382,126.92756415211,6
잠실웰컴하우스,외국인관광도시민박업,[138875] 서울특별시 송파구 한가람로10길 7-5 (풍납동),서울 송파구 풍납동 291-14,CDFI2262212015000002,2015-01-08,영업/정상(영업중),37.5344767221685,127.112488815463,2
명동 웰컴 게스트하우스,외국인관광도시민박업,"서울특별시 중구 소공로6나길 1, 2층 (회현동2가)",서울 중구 회현동2가 42-1,CDFI2262212015000022,2015-10-13,영업/정상(영업중),37.5582087075912,126.983847302229,5
천호1분 스테이,외국인관광도시민박업,"서울특별시 강동구 올림픽로62길 9-14, 902호 (성내동)",서울 강동구 성내동 81-1,CDFI2262212024000068,2024-12-24,영업/정상(영업중),37.5369625268254,127.123801201293,14
센서빌리,외국인관광도시민박업,"서울특별시 동대문구 서울시립대로25길 10, B102호 (전농동)",서울 동대문구 전농동 127-239,CDFI2262212024000011,2024-04-23,영업/정상(영업중),37.5827075980301,127.052197029086,2
수안's 하우스,외국인관광도시민박업,"서울특별시 마포구 와우산로13길 9, 403호 (상수동)",서울 마포구 상수동 90-8,CDFI2262212024000481,2024-12-26,영업/정상(영업중),37.549599018491,126.922603398805,4
one way house 2,외국인관광도시민박업,"서울특별시 마포구 와우산로29길 17, 2층 202호 (서교동)",서울 마포구 서교동 336-3,CDFI2262212024000359,2024-10-29,영업/정상(영업중),37.5547935006929,126.928690433866,2
OMG HOUSE,외국인관광도시민박업,"서울특별시 마포구 와우산로29길 20, 4층 (서교동)",서울 마포구 서교동 328-14,CDFI2262212024000129,2024-06-11,영업/정상(영업중),37.5551320436853,126.928903215773,3
안방,외국인관광도시민박업,"서울특별시 마포구 동교로51길 43, 지층 101호 (연남동)",서울 마포구 연남동 223-122,CDFI2262212024000410,2024-11-22,영업/정상(영업중),37.5654887214966,126.9245336917,5
365 Stay,외국인관광도시민박업,"서울특별시 마포구 월드컵로8길 68, 401호 (서교동)",서울 마포구 서교동 377-14,CDFI2262212024000478,2024-12-23,영업/정상(영업중),37.5534496525061,126.916065868582,2
GDA Stay,외국인관광도시민박업,"서울특별시 용산구 이태원로16길 15-3, 301호 (이태원동)",서울 용산구 이태원동 64-28,CDFI2262212024000052,2024-11-29,영업/정상(영업중),37.533742689655,126.991412405773,4
서울펜슬,외국인관광도시민박업,서울특별시 용산구 청파로47길 37-23 (청파동3가),서울 용산구 청파동3가 108-2,CDFI2262212014000005,2014-03-31,영업/정상(영업중),37.5441510531887,126.967921552817,2
"강동, Good Stay",외국인관광도시민박업,"서울특별시 강동구 진황도로31길 62-2, 101호 (천호동)",서울 강동구 천호동 182-14,CDFI2262212024000072,2024-12-27,영업/정상(영업중),37.5402955984615,127.134744506506,2
플룸(FLLLOOM),외국인관광도시민박업,"서울특별시 용산구 이태원로16길 15-3, 101호 (이태원동)",서울 용산구 이태원동 64-28,CDFI2262212024000056,2024-12-23,영업/정상(영업중),37.533742689655,126.991412405773,4
인서울(Inn Seoul),외국인관광도시민박업,"서울특별시 관악구 봉천로33가길 34, 102호 (봉천동)",서울 관악구 봉천동 909-36,CDFI2262212024000169,2024-12-22,영업/정상(영업중),37.4842902996234,126.94565259764,2
해피 스테이,외국인관광도시민박업,"서울특별시 강동구 양재대로91나길 74-1, 지하1호 (성내동)",서울 강동구 성내동 436-17,CDFI2262212024000076,2024-12-27,영업/정상(영업중),37.5255819773868,127.130911162855,2
지티(GT),외국인관광도시민박업,"서울특별시 관악구 쑥고개로 86, 조광빌딩 401호 (봉천동)",서울 관악구 봉천동 1575-1,CDFI2262212024000125,2024-10-31,영업/정상(영업중),37.4791573451475,126.946051566679,4
홍스테이,외국인관광도시민박업,"서울특별시 광진구 능동로50길 9-4, 101호 (중곡동)",서울 광진구 중곡동 30-62,CDFI2262212024000055,2024-12-16,영업/정상(영업중),37.5641448900291,127.084125303523,2
스테이 포롱,외국인관광도시민박업,"서울특별시 관악구 문성로36길 28, 102호 (신림동)",서울 관악구 신림동 1632-39,CDFI2262212024000138,2024-11-19,영업/정상(영업중),37.4779290775096,126.929592238537,3
우리집(Woorie Zip),외국인관광도시민박업,"서울특별시 광진구 자양로22길 64, 102호 (구의동)",서울 광진구 구의동 242-7,CDFI2262212024000059,2024-12-23,영업/정상(영업중),37.5396850557343,127.086853571363,6
COZY HOUSE,외국인관광도시민박업,"서울특별시 마포구 와우산로3안길 5, 303호 (상수동, 석진하우징)",서울 마포구 상수동 334-18,CDFI2262212024000493,2024-12-31,영업/정상(영업중),37.5463275424411,126.922404678307,9
준삐삐하우스,외국인관광도시민박업,"서울특별시 마포구 신촌로2길 5-8, 401호 (동교동)",서울 마포구 동교동 175-16,CDFI2262212024000495,2024-12-31,영업/정상(영업중),37.5577641660505,126.927779698414,2
마포 바이브,외국인관광도시민박업,"서울특별시 마포구 동교로19길 76, 104호 (성산동)",서울 마포구 성산동 632-3,CDFI2262212024000491,2024-12-30,영업/정상(영업중),37.5585960236279,126.916779569302,5
우나스테이,외국인관광도시민박업,"서울특별시 용산구 청파로73다길 2, 102호 (서계동)",서울 용산구 서계동 33-233,CDFI2262212024000057,2024-12-30,영업/정상(영업중),37.5513939215539,126.967299084633,6
A STUDIO,외국인관광도시민박업,"서울특별시 마포구 와우산로21길 31-12, 402호 (서교동)",서울 마포구 서교동 364-20,CDFI2262212024000471,2024-12-20,영업/정상(영업중),37.5519208459622,126.921851486228,2
한스테이2,외국인관광도시민박업,서울특별시 강동구 천중로29길 29-6 (천호동),서울 강동구 천호동 84-8,CDFI2262212024000067,2024-12-20,영업/정상(영업중),37.5434469120998,127.137033082734,2
이지멘션1,외국인관광도시민박업,"서울특별시 마포구 성미산로17길 105-5, 1층 (성산동)",서울 마포구 성산동 607-3,CDFI2262212024000465,2024-12-20,영업/정상(영업중),37.5660940949545,126.916750854507,4
사랑담채,외국인관광도시민박업,"서울특별시 강동구 성안로31나길 17, 102호 (천호동)",서울 강동구 천호동 207-7,CDFI2262212024000055,2024-12-11,영업/정상(영업중),37.5414156953972,127.134450516438,2
한스테이1,외국인관광도시민박업,"서울특별시 강동구 천중로29길 29-6, B102호 (천호동)",서울 강동구 천호동 84-8,CDFI2262212024000066,2024-12-20,영업/정상(영업중),37.5434469120998,127.137033082734,2
업 인 디 에어,외국인관광도시민박업,"서울특별시 강남구 영동대로 602, 2201호 (삼성동, 삼성동 미켈란 107)",서울 강남구 삼성동 107,CDFI2262212024000014,2024-08-06,영업/정상(영업중),37.5147215906749,127.060483947525,8
스테이 고요미,외국인관광도시민박업,"서울특별시 강동구 올림픽로62길 9-14, 502호 (성내동)",서울 강동구 성내동 81-1,CDFI2262212024000051,2024-12-10,영업/정상(영업중),37.5369625268254,127.123801201293,14
연남 모먼트,외국인관광도시민박업,"서울특별시 마포구 성미산로16길 43, 201호 (연남동)",서울 마포구 연남동 487-302,CDFI2262212024000447,2024-12-10,영업/정상(영업중),37.5593058274358,126.918325712681,3
그루브하우스,외국인관광도시민박업,"서울특별시 동대문구 서울시립대로25길 10, B101호 (전농동)",서울 동대문구 전농동 127-239,CDFI2262212024000032,2024-09-06,영업/정상(영업중),37.5827075980301,127.052197029086,2
Hej Hi Home,외국인관광도시민박업,"서울특별시 강동구 올림픽로48길 31-31, 지인빌딩 302호 (성내동)",서울 강동구 성내동 555-3,CDFI2262212024000049,2024-12-03,영업/정상(영업중),37.5293814289343,127.122147097687,2
아루스테이,외국인관광도시민박업,"서울특별시 마포구 신촌로8길 14, 201호 (동교동)",서울 마포구 동교동 181-1,CDFI2262212024000450,2024-12-10,영업/정상(영업중),37.5565257091189,126.930573146451,4
Ella Guesthouse,외국인관광도시민박업,"서울특별시 은평구 연서로24길 3-1, 301호 (대조동, 세림센타빌)",서울 은평구 대조동 199-32,CDFI2262212024000002,2024-09-11,영업/정상(영업중),37.6163334646073,126.919433183336,2
별하Stay(Byeol-ha Stay),외국인관광도시민박업,"서울특별시 서대문구 신촌로1길 32-4, 401호 (창천동)",서울 서대문구 창천동 506-7,CDFI2262212024000065,2024-11-22,영업/정상(영업중),37.5591254330658,126.92933606575,3
라이프스테이 망원점,외국인관광도시민박업,"서울특별시 마포구 월드컵로23길 15, 2층 302호 (망원동)",서울 마포구 망원동 57-370,CDFI2262212024000436,2024-12-02,영업/정상(영업중),37.5570613668419,126.908049878902,3
은은한 곳(Soft Place),외국인관광도시민박업,"서울특별시 서대문구 통일로27길 13, 301호 (홍제동, 한서빌)",서울 서대문구 홍제동 90-21,CDFI2262212024000069,2024-12-03,영업/정상(영업중),37.5833087170182,126.948777110335,2
소담재,외국인관광도시민박업,"서울특별시 강동구 풍성로56길 12-19, 101호 (성내동)",서울 강동구 성내동 417-13,CDFI2262212024000047,2024-12-03,영업/정상(영업중),37.5286736837449,127.134272650831,3
아우르 연,외국인관광도시민박업,"서울특별시 은평구 통일로78길 26-9, 201호 (불광동, 불광트레비앙)",서울 은평구 불광동 329-29,CDFI2262212024000004,2024-11-12,영업/정상(영업중),37.6187307966821,126.925296807679,5
세러니티 인 서울,외국인관광도시민박업,"서울특별시 은평구 통일로78길 26-9, 202호 (불광동, 불광트레비앙)",서울 은평구 불광동 329-29,CDFI2262212024000007,2024-12-02,영업/정상(영업중),37.6187307966821,126.925296807679,5
하이디 하우스,외국인관광도시민박업,"서울특별시 강동구 올림픽로62길 9-14, 903호 (성내동)",서울 강동구 성내동 81-1,CDFI2262212024000059,2024-12-13,영업/정상(영업중),37.5369625268254,127.123801201293,14
봄물결,외국인관광도시민박업,"서울특별시 관악구 봉천로33가길 6, 201호 (봉천동)",서울 관악구 봉천동 908-6,CDFI2262212024000006,2024-01-22,영업/정상(영업중),37.4841829299846,126.944172192317,2
송리단잠,외국인관광도시민박업,"서울특별시 강동구 올림픽로62길 9-14, 503호 (성내동)",서울 강동구 성내동 81-1,CDFI2262212024000060,2024-12-13,영업/정상(영업중),37.5369625268254,127.123801201293,14
코지 인 스테이,외국인관광도시민박업,"서울특별시 관악구 신림로30길 17-8, 105호 (신림동)",서울 관악구 신림동 108-20,CDFI2262212024000141,2024-11-21,영업/정상(영업중),37.4730234128272,126.936041534623,4
연남동 해피하우스,외국인관광도시민박업,"서울특별시 마포구 동교로50길 30, 103호 (연남동, 화랑빌라)",서울 마포구 연남동 226-33,CDFI2262212024000452,2024-12-11,영업/정상(영업중),37.5628763276797,126.927479804866,2
Jenny house,외국인관광도시민박업,"서울특별시 마포구 신촌로10길 35, 지층 103호 (동교동)",서울 마포구 동교동 186-27,CDFI2262212024000453,2024-12-11,영업/정상(영업중),37.5551352141892,126.932304736402,3
별아래 스테이,외국인관광도시민박업,"서울특별시 강동구 천중로29길 49, B101호 (천호동)",서울 강동구 천호동 83-13,CDFI2262212024000052,2024-12-11,영업/정상(영업중),37.5434637021682,127.138011792417,2
빛 스테이,외국인관광도시민박업,"서울특별시 종로구 자하문로45길 11, 2층 (홍지동)",서울 종로구 홍지동 127-2,CDFI2262212024000098,2024-12-09,영업/정상(영업중),37.5988210080491,126.959436084142,2
다온스테이 동묘,외국인관광도시민박업,"서울특별시 종로구 종로63마길 21, 302호 (숭인동, 현대숭인빌)",서울 종로구 숭인동 72-118,CDFI2262212024000094,2024-12-09,영업/정상(영업중),37.5747951426574,127.017415092923,3
시티 하우스,외국인관광도시민박업,"서울특별시 강남구 영동대로 602, 1503호 (삼성동, 삼성동 미켈란 107)",서울 강남구 삼성동 107,CDFI2262212024000028,2024-12-06,영업/정상(영업중),37.5147215906749,127.060483947525,8
ONE STAY,외국인관광도시민박업,"서울특별시 마포구 모래내로7길 74-5, B01호 (성산동)",서울 마포구 성산동 141-36,CDFI2262212024000444,2024-12-05,영업/정상(영업중),37.5680296184625,126.908945898363,2
킹콩대,외국인관광도시민박업,"서울특별시 마포구 양화로15안길 26, 1층 (서교동)",서울 마포구 서교동 375-28,CDFI2262212024000439,2024-12-05,영업/정상(영업중),37.5538379233783,126.918163621514,3
오케이 게스트하우스,외국인관광도시민박업,"서울특별시 동작구 알마타길 21-18, 1층 (대방동)",서울 동작구 대방동 349-5,CDFI2262212019000001,2019-10-10,영업/정상(영업중),37.5115667304961,126.927813488985,2
라온2,외국인관광도시민박업,"서울특별시 마포구 와우산로26길 58, 502호 (창전동, 살롬하우스)",서울 마포구 창전동 6-105,CDFI2262212024000459,2024-12-17,영업/정상(영업중),37.5530658038023,126.928634476657,8
U&I Stay,외국인관광도시민박업,"서울특별시 마포구 와우산로3안길 5, 403호 (상수동, 석진하우징)",서울 마포구 상수동 334-18,CDFI2262212024000438,2024-12-05,영업/정상(영업중),37.5463275424411,126.922404678307,9
사시장춘,외국인관광도시민박업,"서울특별시 마포구 월드컵북로12길 79, 다온숲 402호 (성산동, 다온숲)",서울 마포구 성산동 36-33,CDFI2262212024000440,2024-12-05,영업/정상(영업중),37.5645670054585,126.914992494129,9
라미스테이,외국인관광도시민박업,"서울특별시 강동구 올림픽로62길 9-14, 801호 (성내동)",서울 강동구 성내동 81-1,CDFI2262212024000050,2024-12-06,영업/정상(영업중),37.5369625268254,127.123801201293,14
준하우스,외국인관광도시민박업,"서울특별시 마포구 성미산로 154, 302호 (연남동)",서울 마포구 연남동 239-24,CDFI2262212024000475,2024-12-20,영업/정상(영업중),37.5642997769042,126.923568389635,3
로지 스테이,외국인관광도시민박업,"서울특별시 마포구 새창로6가길 18, 101호 (도화동)",서울 마포구 도화동 4-78,CDFI2262212024000084,2024-04-26,영업/정상(영업중),37.5412414086084,126.953668718172,4
합마르뜨 헤이븐,외국인관광도시민박업,"서울특별시 마포구 성지3길 59, 1층 (합정동)",서울 마포구 합정동 361-45,CDFI2262212024000462,2024-12-18,영업/정상(영업중),37.54627062502,126.916244110253,2
이지멘션,외국인관광도시민박업,"서울특별시 마포구 성미산로17길 105-5, 지층 (성산동)",서울 마포구 성산동 607-3,CDFI2262212024000466,2024-12-20,영업/정상(영업중),37.5660940949545,126.916750854507,4
Hej Hi Home Ⅱ,외국인관광도시민박업,"서울특별시 강동구 올림픽로48길 31-31, 지인빌딩 301호 (성내동)",서울 강동구 성내동 555-3,CDFI2262212024000061,2024-12-18,영업/정상(영업중),37.5293814289343,127.122147097687,2
스테이 옥,외국인관광도시민박업,"서울특별시 강동구 상암로5길 28, B03호 (암사동)",서울 강동구 암사동 503-15,CDFI2262212024000062,2024-12-19,영업/정상(영업중),37.5515748248399,127.127536014121,5
달마을 스테이,외국인관광도시민박업,"서울특별시 양천구 목동중앙본로27길 33-1, 1층 101호 (목동)",서울 양천구 목동 553-26,CDFI2262212024000005,2024-03-15,영업/정상(영업중),37.5440386688075,126.868415881153,2
앤하우스,외국인관광도시민박업,"서울특별시 강동구 상암로5길 28, 지층 B101호 (암사동)",서울 강동구 암사동 503-15,CDFI2262212024000005,2024-03-25,영업/정상(영업중),37.5515748248399,127.127536014121,5
온마음 부티끄 스테이,외국인관광도시민박업,"서울특별시 마포구 월드컵로19길 37, 1층 (망원동)",서울 마포구 망원동 57-52,CDFI2262212024000414,2024-11-26,영업/정상(영업중),37.5558387480412,126.907862833434,2
선 스테이,외국인관광도시민박업,"서울특별시 마포구 와우산로3안길 5, 301호 (상수동, 석진하우징)",서울 마포구 상수동 334-18,CDFI2262212024000422,2024-11-26,영업/정상(영업중),37.5463275424411,126.922404678307,9
로스터블록 더 써드,외국인관광도시민박업,"서울특별시 강동구 강동대로53길 83-8, 102호 (성내동)",서울 강동구 성내동 431-12,CDFI2262212024000046,2024-11-29,영업/정상(영업중),37.5266835710355,127.132420542621,2
Bora Bora,외국인관광도시민박업,서울특별시 용산구 이태원로26길 25-12 (이태원동),서울 용산구 이태원동 130-16,CDFI2262212020000019,2020-06-09,영업/정상(영업중),37.5333485700086,126.993972016213,2
다니하우스,외국인관광도시민박업,"서울특별시 마포구 동교로51길 43, 지층 102호 (연남동)",서울 마포구 연남동 223-122,CDFI2262212024000409,2024-11-22,영업/정상(영업중),37.5654887214966,126.9245336917,5
KojjeeBnB,외국인관광도시민박업,"서울특별시 강동구 강동대로53길 83-8, 101호 (성내동)",서울 강동구 성내동 431-12,CDFI2262212024000042,2024-11-12,영업/정상(영업중),37.5266835710355,127.132420542621,2
루나스테이,외국인관광도시민박업,"서울특별시 마포구 와우산로3안길 5, 501호 (상수동, 석진하우징)",서울 마포구 상수동 334-18,CDFI2262212024000417,2024-11-26,영업/정상(영업중),37.5463275424411,126.922404678307,9
연남 스테이션 2,외국인관광도시민박업,"서울특별시 마포구 성미산로23길 16-5, 2층 (연남동)",서울 마포구 연남동 246-19,CDFI2262212024000389,2024-11-14,영업/정상(영업중),37.5644945951946,126.921407563625,2
Summer Stay,외국인관광도시민박업,"서울특별시 종로구 대학로9길 22-4, B102호 (명륜4가)",서울 종로구 명륜4가 118-2,CDFI2262212024000059,2024-10-14,영업/정상(영업중),37.5818283237772,127.000744150895,2
원스테이,외국인관광도시민박업,"서울특별시 강동구 구천면로36길 23-3, B01호 (천호동)",서울 강동구 천호동 395-11,CDFI2262212024000045,2024-11-28,영업/정상(영업중),37.5427343283655,127.132839873277,3
에덴하우스(Eden House),외국인관광도시민박업,"서울특별시 서대문구 신촌로3나길 8-10, 301호 (창천동, 창천네오빌)",서울 서대문구 창천동 504-3,CDFI2262212024000056,2024-11-11,영업/정상(영업중),37.558569254034,126.929648509717,4
행복만들기(Making Happiness),외국인관광도시민박업,"서울특별시 서대문구 신촌로1안길 11, 202호 (창천동)",서울 서대문구 창천동 316,CDFI2262212024000064,2024-11-22,영업/정상(영업중),37.5600101464841,126.929377220091,4
신림의 휴식처,외국인관광도시민박업,"서울특별시 관악구 당곡2길 29-1, 203호 (봉천동)",서울 관악구 봉천동 711-91,CDFI2262212024000137,2024-11-19,영업/정상(영업중),37.4911870804588,126.930243779964,4
케이에이치에스,외국인관광도시민박업,"서울특별시 마포구 동교로38길 26-12, 지층 102호 (연남동)",서울 마포구 연남동 390-54,CDFI2262212024000405,2024-11-21,영업/정상(영업중),37.5617148975141,126.925097413743,4
시린제(Sirince),외국인관광도시민박업,"서울특별시 서대문구 신촌로11길 11-7, 1003호 (창천동)",서울 서대문구 창천동 112-19,CDFI2262212024000057,2024-11-11,영업/정상(영업중),37.5572172343954,126.932454169288,8
에덴2,외국인관광도시민박업,"서울특별시 마포구 홍익로5안길 50, 201호 (서교동)",서울 마포구 서교동 370-24,CDFI2262212024000381,2024-11-11,영업/정상(영업중),37.5528958021635,126.920347917127,3
유일,외국인관광도시민박업,"서울특별시 마포구 동교로38길 26-12, 2층 201호 (연남동)",서울 마포구 연남동 390-54,CDFI2262212024000404,2024-11-21,영업/정상(영업중),37.5617148975141,126.925097413743,4
홍대스타일 게스트하우스,외국인관광도시민박업,[121-819] 서울특별시 마포구 월드컵북로4길 23-3 (동교동),서울 마포구 동교동 203-29,CDFI2262212014000025,2014-10-08,영업/정상(영업중),37.5574956813888,126.920774789157,3
유유당,외국인관광도시민박업,"서울특별시 마포구 와우산로26길 58, 202호 (창전동, 살롬하우스)",서울 마포구 창전동 6-105,CDFI2262212024000365,2024-10-31,영업/정상(영업중),37.5530658038023,126.928634476657,8
포슬하우스(Posle House),외국인관광도시민박업,"서울특별시 관악구 관악로14가길 55-3, 2층 (봉천동)",서울 관악구 봉천동 1617-23,CDFI2262212024000139,2024-11-19,영업/정상(영업중),37.4760403652024,126.955501122818,2
삼청동 코리아 게스트하우스,외국인관광도시민박업,"서울특별시 종로구 삼청로4길 12-1, 4층 (화동)",서울 종로구 화동 35,CDFI2262212014000001,2014-01-20,영업/정상(영업중),37.5821354585638,126.982030261463,2
Y's house,외국인관광도시민박업,"서울특별시 마포구 월드컵북로6길 89-9, 2,3층 (연남동)",서울 마포구 연남동 567-33,CDFI2262212018000079,2018-10-17,영업/정상(영업중),37.5605481326076,126.922485005029,2
서래마을 컴포트존:몽마르트 공원 인근 도심 속 숲 여행,외국인관광도시민박업,"서울특별시 서초구 동광로42길 14-2, 101호 (반포동)",서울 서초구 반포동 577-13,CDFI2262212024000004,2024-05-01,영업/정상(영업중),37.494315337295,126.999590872764,2
빅 존스 플레이스,외국인관광도시민박업,"서울특별시 강남구 강남대로110길 31-1, 1~2층 (역삼동)",서울 강남구 역삼동 615-11,CDFI2262212014000001,2014-01-06,영업/정상(영업중),37.5040868352379,127.027319756974,2
연남 스테이션,외국인관광도시민박업,"서울특별시 마포구 성미산로23길 16-5, 2층 (연남동)",서울 마포구 연남동 246-19,CDFI2262212024000392,2024-11-15,영업/정상(영업중),37.5644945951946,126.921407563625,2
피어나다연남,외국인관광도시민박업,"서울특별시 마포구 성미산로 116-7, 1층 (연남동)",서울 마포구 연남동 504-9,CDFI2262212024000398,2024-11-20,영업/정상(영업중),37.5621409981789,126.920310345593,2
미로 게스트하우스,외국인관광도시민박업,"서울특별시 마포구 동교로38길 27, 2층 (연남동)",서울 마포구 연남동 390-25,CDFI2262212021000012,2021-01-28,영업/정상(영업중),37.5617397985364,126.925577850019,2
미호재,외국인관광도시민박업,"서울특별시 마포구 동교로25길 9, 301호 (동교동)",서울 마포구 동교동 201-11,CDFI2262212022000038,2022-06-15,영업/정상(영업중),37.5575417823091,126.921810871194,5
은은한 정(Euneunhan Jeong),외국인관광도시민박업,"서울특별시 서대문구 통일로27길 13, 102호 (홍제동, 한서빌)",서울 서대문구 홍제동 90-21,CDFI2262212024000051,2024-10-21,영업/정상(영업중),37.5833087170182,126.948777110335,2
니트하우스,외국인관광도시민박업,"서울특별시 마포구 양화로15안길 7, 1층 (서교동)",서울 마포구 서교동 375-42,CDFI2262212016000084,2016-12-14,영업/정상(영업중),37.5542791797792,126.919002532481,4
JR 게스트하우스,외국인관광도시민박업,"서울특별시 마포구 광성로 35-16, 지층 1호 (신수동)",서울 마포구 신수동 93-29,CDFI2262212024000394,2024-11-18,영업/정상(영업중),37.5501969400047,126.936531969828,2
콜립 연남,외국인관광도시민박업,"[121869] 서울특별시 마포구 연남로3길 8-12, 3~4층 (연남동)",서울 마포구 연남동 515-18,CDFI2262212014000044,2014-06-15,영업/정상(영업중),37.5618660382556,126.921693056102,4
콜립 스테이,외국인관광도시민박업,"서울특별시 마포구 연남로3길 8-12, 2층 우측호 (연남동)",서울 마포구 연남동 515-18,CDFI2262212022000072,2022-10-24,영업/정상(영업중),37.5618660382556,126.921693056102,4
영자하우스,외국인관광도시민박업,"서울특별시 강동구 천중로 86-18, 202호 (천호동)",서울 강동구 천호동 299-22,CDFI2262212024000044,2024-11-25,영업/정상(영업중),37.5439612770894,127.130769373382,3
콜립 S,외국인관광도시민박업,"서울특별시 마포구 연남로3길 8-12, 2층 좌측호 (연남동)",서울 마포구 연남동 515-18,CDFI2262212022000065,2022-09-29,영업/정상(영업중),37.5618660382556,126.921693056102,4
루나 게스트하우스,외국인관광도시민박업,"서울특별시 은평구 연서로24길 3-1, 201호 (대조동, 세림센타빌)",서울 은평구 대조동 199-32,CDFI2262212023000006,2023-08-16,영업/정상(영업중),37.6163334646073,126.919433183336,2
숩스테이(Soob Stay),외국인관광도시민박업,"서울특별시 서대문구 연세로2다길 84, 1층 101호 (대현동)",서울 서대문구 대현동 110-46,CDFI2262212024000066,2024-11-22,영업/정상(영업중),37.5582734468341,126.94170322238,2
워윅,외국인관광도시민박업,"서울특별시 마포구 동교로38길 26-12, 1층 103호 (연남동)",서울 마포구 연남동 390-54,CDFI2262212024000406,2024-11-21,영업/정상(영업중),37.5617148975141,126.925097413743,4
Shine-봉천,외국인관광도시민박업,"서울특별시 관악구 봉천로33가길 34, B03호 (봉천동)",서울 관악구 봉천동 909-36,CDFI2262212024000056,2024-06-17,영업/정상(영업중),37.4842902996234,126.94565259764,2
스테이 뮤즈,외국인관광도시민박업,"서울특별시 양천구 은행정로3길 8-3, B02호 (신정동)",서울 양천구 신정동 1025-21,CDFI2262212024000011,2024-08-30,영업/정상(영업중),37.5210775335386,126.858862167098,2
온 스테이,외국인관광도시민박업,"서울특별시 마포구 와우산로3안길 6, 201호 (상수동)",서울 마포구 상수동 333-26,CDFI2262212024000372,2024-11-06,영업/정상(영업중),37.5464963616801,126.92249933123,3
스텔라,외국인관광도시민박업,"서울특별시 마포구 동교로12길 43, 401호 (서교동)",서울 마포구 서교동 384-21,CDFI2262212024000374,2024-11-06,영업/정상(영업중),37.5523518855256,126.91296661832,4
스테이 공유 홍대,외국인관광도시민박업,"서울특별시 마포구 와우산로30길 50, 지층 01호 (창전동)",서울 마포구 창전동 6-258,CDFI2262212024000336,2024-10-18,영업/정상(영업중),37.5530370351107,126.929188469729,3
이지하우스,외국인관광도시민박업,"서울특별시 용산구 이태원로16길 15-3, 401호 (이태원동)",서울 용산구 이태원동 64-28,CDFI2262212024000049,2024-11-07,영업/정상(영업중),37.533742689655,126.991412405773,4
트리 하우스,외국인관광도시민박업,"서울특별시 마포구 매봉산로2안길 12, 4층 (상암동)",서울 마포구 상암동 12-39,CDFI2262212024000329,2024-10-15,영업/정상(영업중),37.5778645707819,126.894508944338,2
루비 스테이,외국인관광도시민박업,"서울특별시 마포구 신촌로10길 29, 3층 301호 (동교동)",서울 마포구 동교동 186-33,CDFI2262212024000376,2024-11-06,영업/정상(영업중),37.5553852609577,126.932182509456,2
KHC스테이,외국인관광도시민박업,"서울특별시 마포구 신촌로2안길 8, 3층 301호 (동교동)",서울 마포구 동교동 176-15,CDFI2262212024000368,2024-11-04,영업/정상(영업중),37.5574729218382,126.92756415211,6
메종 드 웨이브.1,외국인관광도시민박업,"서울특별시 마포구 와우산로29길 48-24, 403호 (서교동)",서울 마포구 서교동 329-1,CDFI2262212021000039,2021-07-07,영업/정상(영업중),37.5563066295401,126.928085884376,6
메종 드 웨이브.2,외국인관광도시민박업,"서울특별시 마포구 와우산로29길 48-24, 502호 (서교동)",서울 마포구 서교동 329-1,CDFI2262212021000038,2021-07-07,영업/정상(영업중),37.5563066295401,126.928085884376,6
메종 드 웨이브.3,외국인관광도시민박업,"서울특별시 마포구 와우산로29길 48-24, 401호 (서교동)",서울 마포구 서교동 329-1,CDFI2262212021000041,2021-07-09,영업/정상(영업중),37.5563066295401,126.928085884376,6
골든플리스(Golden Fleece),외국인관광도시민박업,"서울특별시 서대문구 신촌로1길 47, 402호 (창천동, 리츠하우스)",서울 서대문구 창천동 366,CDFI2262212022000005,2022-05-11,영업/정상(영업중),37.5595992448402,126.928699209304,4
웨이브에어,외국인관광도시민박업,"서울특별시 마포구 신촌로2안길 47, 103호 (동교동)",서울 마포구 동교동 178-7,CDFI2262212023000173,2023-11-21,영업/정상(영업중),37.5567430739298,126.929582887291,6
메종 드 웨이브.4,외국인관광도시민박업,"서울특별시 마포구 와우산로29길 48-24, 504호 (서교동)",서울 마포구 서교동 329-1,CDFI2262212021000044,2021-07-16,영업/정상(영업중),37.5563066295401,126.928085884376,6
게스트하우스 77,외국인관광도시민박업,"서울특별시 서대문구 연희로 44-35, 1층,2층 (연희동)",서울 서대문구 연희동 353-53,CDFI2262212016000018,2016-08-17,영업/정상(영업중),37.5622886675451,126.9284639407,2
스테이케이,외국인관광도시민박업,"서울특별시 마포구 와우산로37길 10, 2층 (동교동)",서울 마포구 동교동 181-19,CDFI2262212024000393,2024-11-18,영업/정상(영업중),37.5561663474982,126.930345659733,3
게스트하우스 찬,외국인관광도시민박업,"서울특별시 마포구 동교로41길 12, 101호 (연남동)",서울 마포구 연남동 229-47,CDFI2262212024000391,2024-11-15,영업/정상(영업중),37.5629779139299,126.924109291658,6
스테이 상수,외국인관광도시민박업,"서울특별시 마포구 와우산로3안길 6, 지층 101호 (상수동)",서울 마포구 상수동 333-26,CDFI2262212024000383,2024-11-12,영업/정상(영업중),37.5464963616801,126.92249933123,3
MONO HOUSE,외국인관광도시민박업,"서울특별시 서대문구 연세로2다길 84, 지층 (대현동)",서울 서대문구 대현동 110-46,CDFI2262212024000021,2024-04-29,영업/정상(영업중),37.5582734468341,126.94170322238,2
MW STAY,외국인관광도시민박업,"서울특별시 마포구 성산로2길 21-35, B101호 (성산동)",서울 마포구 성산동 277-18,CDFI2262212024000384,2024-11-13,영업/정상(영업중),37.5630958391734,126.906504053801,2
미라클하우스(Miracle House),외국인관광도시민박업,"서울특별시 서대문구 신촌로3나길 8-10, 203호 (창천동, 창천네오빌)",서울 서대문구 창천동 504-3,CDFI2262212024000009,2024-02-01,영업/정상(영업중),37.558569254034,126.929648509717,4
ELIE STAY,외국인관광도시민박업,"서울특별시 서대문구 증가로32안길 23-4, 201호 (북가좌동)",서울 서대문구 북가좌동 331-23,CDFI2262212024000010,2024-02-07,영업/정상(영업중),37.5842152657096,126.912773749781,2
오나우미,외국인관광도시민박업,"서울특별시 서대문구 독립문로12길 46, 302호 (천연동)",서울 서대문구 천연동 117-6,CDFI2262212017000014,2017-11-10,영업/정상(영업중),37.5679146037903,126.959462358316,3
페퍼 하우스,외국인관광도시민박업,"서울특별시 마포구 와우산로 13, 301호 (상수동)",서울 마포구 상수동 346-1,CDFI2262212023000030,2023-04-18,영업/정상(영업중),37.5456542534256,126.922721314787,2
제이스테이(J.Stay),외국인관광도시민박업,"서울특별시 서대문구 연희로33길 18, 지하1층 102호 (연희동)",서울 서대문구 연희동 162-13,CDFI2262212024000032,2024-07-11,영업/정상(영업중),37.5778434881847,126.93475198779,3
이코하우스(eco house),외국인관광도시민박업,"서울특별시 서대문구 신촌로3길 42, 1층 101호 (창천동)",서울 서대문구 창천동 260,CDFI2262212021000007,2021-09-24,영업/정상(영업중),37.5596430843887,126.92998907637,2
미란스테이(Miran Stay),외국인관광도시민박업,"서울특별시 서대문구 신촌로3길 49, 2층 (창천동)",서울 서대문구 창천동 279,CDFI2262212024000041,2024-08-26,영업/정상(영업중),37.5600416578271,126.929942639056,2
아워 게스트하우스(Our Guesthouse),외국인관광도시민박업,"서울특별시 서대문구 연세로5나길 8, 영화빌딩 6층 (창천동)",서울 서대문구 창천동 57-23,CDFI2262212023000008,2023-09-12,영업/정상(영업중),37.5571103610272,126.935818983914,2
XAVATARI(사바타리),외국인관광도시민박업,"서울특별시 서대문구 증가로32안길 23-4, 302호 (북가좌동)",서울 서대문구 북가좌동 331-23,CDFI2262212024000008,2024-01-31,영업/정상(영업중),37.5842152657096,126.912773749781,2
스마일스테이,외국인관광도시민박업,"서울특별시 서대문구 연희로29길 21, 102호 (연희동, 연희파레스)",서울 서대문구 연희동 132-57,CDFI2262212012000003,2012-05-29,영업/정상(영업중),37.574447464225,126.93427169118,2
스테이 연희(Stay Yeonhui),외국인관광도시민박업,"서울특별시 서대문구 연희로33길 18, 1층 (연희동)",서울 서대문구 연희동 162-13,CDFI2262212024000024,2024-05-13,영업/정상(영업중),37.5778434881847,126.93475198779,3
Seoul Homestay,외국인관광도시민박업,"서울특별시 서대문구 모래내로 241-39, 401호 (남가좌동)",서울 서대문구 남가좌동 335-11,CDFI2262212016000005,2016-03-18,영업/정상(영업중),37.575460770838,126.924276166342,2
The Chic House,외국인관광도시민박업,"서울특별시 서대문구 신촌로1길 47, 502호 (창천동, 리츠하우스)",서울 서대문구 창천동 366,CDFI2262212016000006,2016-03-24,영업/정상(영업중),37.5595992448402,126.928699209304,4
써니하우스(Sunny House),외국인관광도시민박업,"서울특별시 서대문구 신촌로1길 40, 101호 (창천동)",서울 서대문구 창천동 290,CDFI2262212024000044,2024-09-03,영업/정상(영업중),37.559570404811,126.929284941073,3
Liz House,외국인관광도시민박업,"서울특별시 서대문구 신촌로7안길 35, 1~2층 (창천동)",서울 서대문구 창천동 231,CDFI2262212024000043,2024-09-03,영업/정상(영업중),37.559554242498,126.930440293178,2
스테이 온실(STAY Onsil),외국인관광도시민박업,"서울특별시 서대문구 신촌로11길 11-7, 1002호 (창천동)",서울 서대문구 창천동 112-19,CDFI2262212024000046,2024-09-27,영업/정상(영업중),37.5572172343954,126.932454169288,8
4U's,외국인관광도시민박업,"서울특별시 마포구 와우산로33길 17, 지층 101호 (서교동, 석산빌라)",서울 마포구 서교동 327-2,CDFI2262212024000357,2024-10-29,영업/정상(영업중),37.5553029890765,126.929397280376,3
Mapo;rest Stay,외국인관광도시민박업,"서울특별시 마포구 방울내로 57-14, 201호 (망원동)",서울 마포구 망원동 436-5,CDFI2262212024000352,2024-10-29,영업/정상(영업중),37.5602192805687,126.901688194829,6
스테이 헤리티지 합정,외국인관광도시민박업,"서울특별시 마포구 월드컵로5길 33-24, 2층 303호 (합정동)",서울 마포구 합정동 389-22,CDFI2262212024000358,2024-10-29,영업/정상(영업중),37.550593916971,126.910632803412,5
알로하하우스_퍼플,외국인관광도시민박업,"서울특별시 마포구 서강로11길 27-1, 102호 (창전동)",서울 마포구 창전동 2-49,CDFI2262212024000353,2024-10-29,영업/정상(영업중),37.553768724086,126.932083252322,4
바닐라하우스,외국인관광도시민박업,"서울특별시 마포구 연남로3길 21, 201호 (연남동)",서울 마포구 연남동 566-30,CDFI2262212024000362,2024-10-30,영업/정상(영업중),37.5609729354935,126.921504637865,2
Full House,외국인관광도시민박업,"서울특별시 서대문구 신촌로1안길 11, 201호 (창천동)",서울 서대문구 창천동 316,CDFI2262212023000011,2023-10-17,영업/정상(영업중),37.5600101464841,126.929377220091,4
스테이웜(STAY WARM),외국인관광도시민박업,"서울특별시 서대문구 독립문로4길 18-4, 지하1층 B102호 (옥천동)",서울 서대문구 옥천동 126-168,CDFI2262212024000016,2024-04-03,영업/정상(영업중),37.5697194143009,126.959539145109,2
굿모닝코리아 게스트하우스,외국인관광도시민박업,"서울특별시 서대문구 신촌로3나길 11, 1층 (창천동)",서울 서대문구 창천동 500-3,CDFI2262212015000019,2015-11-19,영업/정상(영업중),37.5588957543326,126.930220433504,2
타임트래블러파티게스트하우스,외국인관광도시민박업,"서울특별시 서대문구 연희로2길 11, 1,2층 (창천동)",서울 서대문구 창천동 457,CDFI2262212015000016,2015-08-24,영업/정상(영업중),37.5609107060476,126.927467222849,2
THAT HOUSE,외국인관광도시민박업,서울특별시 서대문구 신촌로3가길 29 (창천동),서울 서대문구 창천동 501-16,CDFI2262212015000017,2015-10-07,영업/정상(영업중),37.5579837494059,126.930499247118,2
코지박스,외국인관광도시민박업,"[120-808] 서울특별시 서대문구 이화여대7길 48 (대현동, 경국빌딩)",서울 서대문구 대현동 27-46,CDFI2262212014000008,2014-10-30,영업/정상(영업중),37.5585482203048,126.943118186444,2
STAY PUZZLE,외국인관광도시민박업,"서울특별시 마포구 매봉산로2길 63, 지층 101호 (상암동)",서울 마포구 상암동 2-125,CDFI2262212024000115,2024-05-30,영업/정상(영업중),37.5766130764833,126.896324032941,3
Stay #101,외국인관광도시민박업,"서울특별시 강서구 강서로45가길 54-6, B01호 (화곡동)",서울 강서구 화곡동 1014-27,CDFI2262212024000025,2024-06-18,영업/정상(영업중),37.5455018064858,126.835505200709,3
스테이 헤쎄드,외국인관광도시민박업,"서울특별시 강서구 강서로18아길 26-18, 503호 (화곡동, 헤쎄드)",서울 강서구 화곡동 166-27,CDFI2262212023000010,2023-11-08,영업/정상(영업중),37.5358332448662,126.852318421692,4
Stay Serendipity,외국인관광도시민박업,"서울특별시 강서구 공항대로8가길 2-16, 102호 (공항동)",서울 강서구 공항동 40-33,CDFI2262212024000022,2024-05-30,영업/정상(영업중),37.5586236823038,126.812775902774,3
스테이 림(STAY LYM),외국인관광도시민박업,"서울특별시 강서구 방화대로31길 8, 402호 (방화동)",서울 강서구 방화동 247-177,CDFI2262212023000007,2023-10-06,영업/정상(영업중),37.5681951924362,126.816022305576,4
수투디오,외국인관광도시민박업,"서울특별시 강서구 허준로 234, 908동 609호 (가양동, 가양9단지아파트)",서울 강서구 가양동 1490,CDFI2262212023000003,2023-03-16,영업/정상(영업중),37.5585550447206,126.863376121004,2
STAY HARI(스테이 하리),외국인관광도시민박업,"서울특별시 강서구 방화대로31길 8, 404호 (방화동)",서울 강서구 방화동 247-177,CDFI2262212023000004,2023-07-07,영업/정상(영업중),37.5681951924362,126.816022305576,4
아리아하우스,외국인관광도시민박업,"서울특별시 강서구 방화대로37길 26, 102동 1101호 (방화동, 방화현대아파트)",서울 강서구 방화동 793,CDFI2262212012000002,2012-12-11,영업/정상(영업중),37.5708039187178,126.81400178458,2
여유담 스테이(Yeoudam Stay),외국인관광도시민박업,"서울특별시 서대문구 신촌로11길 11-7, 802호 (창천동)",서울 서대문구 창천동 112-19,CDFI2262212024000029,2024-06-27,영업/정상(영업중),37.5572172343954,126.932454169288,8
B.B. Stay (Hongdae),외국인관광도시민박업,"서울특별시 서대문구 신촌로1길 64, 충화하우스 102호 (창천동)",서울 서대문구 창천동 345,CDFI2262212024000035,2024-07-15,영업/정상(영업중),37.5602645358683,126.92884027747,2
카밍플레이스2(Calming Place 2),외국인관광도시민박업,"서울특별시 서대문구 경기대로5길 30, 지층 101호 (충정로3가)",서울 서대문구 충정로3가 3-52,CDFI2262212024000034,2024-07-15,영업/정상(영업중),37.5629655327437,126.96055648035,2
스테이 씨유(STAY SEE-U),외국인관광도시민박업,"서울특별시 강서구 방화대로31길 8, 403호 (방화동)",서울 강서구 방화동 247-177,CDFI2262212024000015,2024-04-25,영업/정상(영업중),37.5681951924362,126.816022305576,4
리버사이드,외국인관광도시민박업,서울특별시 강서구 개화동로11길 19-8 (개화동),서울 강서구 개화동 460-56,CDFI2262212016000008,2016-04-05,영업/정상(영업중),37.5790289779095,126.801272724063,2
띵동하우스,외국인관광도시민박업,"서울특별시 동작구 상도로37길 26, B02호 (상도1동)",서울 동작구 상도1동 398-1,CDFI2262212024000009,2024-05-23,영업/정상(영업중),37.5013510943484,126.949827113297,2
위 하우스(We house),외국인관광도시민박업,"서울특별시 용산구 한강대로98길 6-16 (갈월동, 객실 : 3개)",서울 용산구 갈월동 8-57,CDFI2262212017000035,2017-09-08,영업/정상(영업중),37.5478865458023,126.972357823227,2
홈스윗홈,외국인관광도시민박업,"서울특별시 강서구 공항대로8길 8, 2층 (공항동)",서울 강서구 공항동 34-37,CDFI2262212024000013,2024-04-23,영업/정상(영업중),37.5606661387372,126.812145126982,2
"서울, 집",외국인관광도시민박업,"서울특별시 용산구 청파로73길 96, 3,4층 (서계동)",서울 용산구 서계동 33-43,CDFI2262212023000048,2023-07-19,영업/정상(영업중),37.5521331862552,126.966007737188,2
RTR E,외국인관광도시민박업,서울특별시 용산구 녹사평대로40나길 10 (객실:2개) 1층 (이태원동),서울 용산구 이태원동 455-13,CDFI2262212019000005,2019-02-01,영업/정상(영업중),37.534882549266,126.988304483079,2
서울스테이숀3미니츠,외국인관광도시민박업,"서울특별시 용산구 청파로85가길 10-4, A동 303호 (서계동)",서울 용산구 서계동 33-56,CDFI2262212023000027,2023-06-12,영업/정상(영업중),37.5523855377732,126.967874114342,31
마노아,외국인관광도시민박업,"서울특별시 용산구 녹사평대로26나길 14, 2층 (이태원동)",서울 용산구 이태원동 96-114,CDFI2262212019000021,2019-05-24,영업/정상(영업중),37.5320404931729,126.993905709496,2
올리버 하우스,외국인관광도시민박업,"서울특별시 강동구 구천면로36길 23-3, 1층 (천호동)",서울 강동구 천호동 395-11,CDFI2262212023000008,2023-10-27,영업/정상(영업중),37.5427343283655,127.132839873277,3
지화자껄껄,외국인관광도시민박업,서울특별시 용산구 임정로11길 4 (효창동),서울 용산구 효창동 3-118,CDFI2262212023000100,2023-12-13,영업/정상(영업중),37.5430547768716,126.958561872583,2
온유스테이 Ⅱ,외국인관광도시민박업,"서울특별시 송파구 송파대로40길 7-18, 201호 (송파동)",서울 송파구 송파동 91-6,CDFI2262212024000031,2024-10-15,영업/정상(영업중),37.5041896192773,127.109696259104,2
라온 304,외국인관광도시민박업,"서울특별시 용산구 청파로85가길 10-4, A동 304호 (서계동)",서울 용산구 서계동 33-56,CDFI2262212023000028,2023-06-12,영업/정상(영업중),37.5523855377732,126.967874114342,31
추억스테이,외국인관광도시민박업,"서울특별시 송파구 삼학사로8길 24-1, 102호 (석촌동)",서울 송파구 석촌동 229-10,CDFI2262212024000032,2024-10-22,영업/정상(영업중),37.5001062134206,127.099580176254,5
리베하우스,외국인관광도시민박업,"서울특별시 강동구 천호옛12길 24-12, 101호 (성내동)",서울 강동구 성내동 136-11,CDFI2262212023000012,2023-12-14,영업/정상(영업중),37.5342900415398,127.125874057864,3
편안,외국인관광도시민박업,"서울특별시 송파구 삼학사로8길 24-1, 203호 (석촌동)",서울 송파구 석촌동 229-10,CDFI2262212023000014,2023-08-25,영업/정상(영업중),37.5001062134206,127.099580176254,5
스테이목화,외국인관광도시민박업,"서울특별시 강동구 천호대로174길 56-8, 201호 (성내동)",서울 강동구 성내동 385-20,CDFI2262212024000009,2024-04-05,영업/정상(영업중),37.5325415433412,127.133678478947,2
더 쉼,외국인관광도시민박업,"서울특별시 강동구 고덕로 360, 314동 1303호 (상일동, 고덕아르테온)",서울 강동구 상일동 520,CDFI2262212023000003,2023-07-25,영업/정상(영업중),37.5566829127291,127.169527259453,2
삼육구 하우스,외국인관광도시민박업,"서울특별시 동작구 노량진로14나길 3, 101호 (노량진동)",서울 동작구 노량진동 85-40,CDFI2262212024000022,2024-08-26,영업/정상(영업중),37.5125220166213,126.943429119328,2
이태원G 게스트하우스,외국인관광도시민박업,"서울특별시 용산구 보광로60길 14-38, 3층 (이태원동)",서울 용산구 이태원동 131-11,CDFI2262212014000008,2014-04-11,영업/정상(영업중),37.533228242585,126.994960414977,2
호미그라운드 상도역점,외국인관광도시민박업,"서울특별시 동작구 상도로37길 26, 지층 F1호 (상도1동)",서울 동작구 상도1동 398-1,CDFI2262212024000010,2024-06-03,영업/정상(영업중),37.5013510943484,126.949827113297,2
노들스테이,외국인관광도시민박업,"서울특별시 동작구 노량진로28길 16, 지층 102호 (본동)",서울 동작구 본동 48-6,CDFI2262212024000013,2024-07-10,영업/정상(영업중),37.5121401315602,126.955082012137,2
토미시스템,외국인관광도시민박업,서울특별시 용산구 효창원로25다길 33-7 (용문동),서울 용산구 용문동 38-245,CDFI2262212014000011,2014-08-25,영업/정상(영업중),37.5382046202419,126.95684471795,2
요트(Yacht),외국인관광도시민박업,"서울특별시 용산구 이태원로23길 23, 지하1~지상2층 (이태원동, 객실:5개)",서울 용산구 이태원동 116-9,CDFI2262212014000016,2014-12-16,영업/정상(영업중),37.5353784295038,126.992326413837,2
정 story,외국인관광도시민박업,서울특별시 용산구 효창원로94나길 6-5 (청파동1가),서울 용산구 청파동1가 202-20,CDFI2262212015000012,2015-05-11,영업/정상(영업중),37.5487502494579,126.964317030594,2
ryan민박,외국인관광도시민박업,"서울특별시 용산구 이촌로 100-8, 101동 1002호 (이촌동, 동아그린아파트)",서울 용산구 이촌동 411,CDFI2262212013000004,2013-08-22,영업/정상(영업중),37.5244879118315,126.957968161392,2
FUNFUN GUESTHOUSE(펀펀 게스트하우스),외국인관광도시민박업,서울특별시 용산구 장문로6길 81-1 (동빙고동),서울 용산구 동빙고동 1-58,CDFI2262212015000006,2015-02-17,영업/정상(영업중),37.5263911082618,126.995610803639,2
더코지하우스,외국인관광도시민박업,"서울특별시 강서구 공항대로8가길 2-16, 지하층 02호 (공항동)",서울 강서구 공항동 40-33,CDFI2262212024000031,2024-08-12,영업/정상(영업중),37.5586236823038,126.812775902774,3
센티멘탈 버스,외국인관광도시민박업,"서울특별시 강서구 송정로 63, 501호 (공항동)",서울 강서구 공항동 52-4,CDFI2262212024000034,2024-09-24,영업/정상(영업중),37.5603976330005,126.80977602391,2
Noel's Guest House,외국인관광도시민박업,서울특별시 용산구 이태원로26길 16-10 (이태원동),서울 용산구 이태원동 129-18,CDFI2262212014000009,2014-04-22,영업/정상(영업중),37.5332756349443,126.993162732758,2
Luxe house,외국인관광도시민박업,"서울특별시 용산구 녹사평대로46길 16, 5층 (이태원동)",서울 용산구 이태원동 336-1,CDFI2262212021000019,2021-06-23,영업/정상(영업중),37.5371858036224,126.987678993077,3
제로미네,외국인관광도시민박업,서울특별시 용산구 이태원로23길 21 (이태원동),서울 용산구 이태원동 116-10,CDFI2262212013000005,2013-09-05,영업/정상(영업중),37.53536744328,126.992419079086,3
토니하우스,외국인관광도시민박업,서울특별시 마포구 동교로23길 89-7 (성산동),서울 마포구 성산동 630-17,CDFI2262212024000344,2024-10-23,영업/정상(영업중),37.5595360036494,126.917507173557,4
클라우스하우스3,외국인관광도시민박업,서울특별시 마포구 신촌로8길 14 (동교동),서울 마포구 동교동 181-1,CDFI2262212024000343,2024-10-23,영업/정상(영업중),37.5565257091189,126.930573146451,4
홍대 스테이,외국인관광도시민박업,"서울특별시 마포구 동교로19길 76, 201호 (성산동)",서울 마포구 성산동 632-3,CDFI2262212024000342,2024-10-22,영업/정상(영업중),37.5585960236279,126.916779569302,5
성산하우스 다날,외국인관광도시민박업,"서울특별시 마포구 월드컵로20길 59-3, 1층 (서교동)",서울 마포구 서교동 247-156,CDFI2262212024000340,2024-10-21,영업/정상(영업중),37.5582601768886,126.91223756063,2
Grape House,외국인관광도시민박업,"서울특별시 강동구 양재대로97길 45-6, 201호 (성내동)",서울 강동구 성내동 405-37,CDFI2262212023000006,2023-09-07,영업/정상(영업중),37.531453705361,127.13444564283,4
르네하우스 2호점,외국인관광도시민박업,"서울특별시 강동구 양재대로97길 45-6, 202호 (성내동)",서울 강동구 성내동 405-37,CDFI2262212023000002,2023-04-24,영업/정상(영업중),37.531453705361,127.13444564283,4
"안녕,서울",외국인관광도시민박업,"서울특별시 마포구 성암로9안길 4, 1층 (중동)",서울 마포구 중동 58-35,CDFI2262212024000338,2024-10-21,영업/정상(영업중),37.5729910546564,126.903411969287,2
강동코즈컴,외국인관광도시민박업,"서울특별시 강동구 구천면로33길 30-10, 301호 (천호동)",서울 강동구 천호동 386-15,CDFI2262212024000023,2024-08-02,영업/정상(영업중),37.5429805668496,127.129436398484,2
Sodam Stay,외국인관광도시민박업,"서울특별시 강동구 구천면로34길 52, 에덴빌32차 402호 (천호동)",서울 강동구 천호동 210-18,CDFI2262212024000001,2024-01-22,영업/정상(영업중),37.5424180507441,127.134138994152,5
룸엘,외국인관광도시민박업,"서울특별시 강동구 상암로5길 28, 102호 (암사동)",서울 강동구 암사동 503-15,CDFI2262212023000004,2023-07-27,영업/정상(영업중),37.5515748248399,127.127536014121,5
TJ 하우스,외국인관광도시민박업,"서울특별시 마포구 월드컵북로8길 29, 2층 (연남동)",서울 마포구 연남동 487-270,CDFI2262212024000094,2024-05-10,영업/정상(영업중),37.5598035300893,126.918575070671,2
양화스테이,외국인관광도시민박업,"서울특별시 마포구 양화로23길 4-17, 201호 (동교동)",서울 마포구 동교동 147-43,CDFI2262212024000346,2024-10-23,영업/정상(영업중),37.5593727662112,126.925969654249,4
스테이0410,외국인관광도시민박업,"서울특별시 서대문구 독립문로4길 18-4, 지하층 101호 (옥천동)",서울 서대문구 옥천동 126-168,CDFI2262212024000049,2024-10-10,영업/정상(영업중),37.5697194143009,126.959539145109,2
위 스테이 Ⅱ,외국인관광도시민박업,"서울특별시 강동구 천중로 86-18, 101호 (천호동)",서울 강동구 천호동 299-22,CDFI2262212024000022,2024-07-29,영업/정상(영업중),37.5439612770894,127.130769373382,3
함성 파라다이스,외국인관광도시민박업,"서울특별시 마포구 월드컵로29길 20-1, 함성주택 101호 (망원동)",서울 마포구 망원동 476-8,CDFI2262212024000322,2024-10-14,영업/정상(영업중),37.5600788904597,126.904859465558,2
온-하다,외국인관광도시민박업,"서울특별시 동대문구 답십리로23길 17, 1층 202호 (전농동)",서울 동대문구 전농동 499-3,CDFI2262212024000035,2024-10-14,영업/정상(영업중),37.5765776893182,127.048602556453,5
더하우스 (THE HOUSE),외국인관광도시민박업,"서울특별시 용산구 이태원로26길 16-2, 2층 (이태원동)",서울 용산구 이태원동 129-4,CDFI2262212022000014,2022-10-07,영업/정상(영업중),37.5336952384934,126.993291448319,3
스테이 성내,외국인관광도시민박업,"서울특별시 강동구 양재대로87길 51-3, 지층 102호 (성내동)",서울 강동구 성내동 437-7,CDFI2262212024000002,2024-02-22,영업/정상(영업중),37.5258073399674,127.132185609714,2
온마음스테이,외국인관광도시민박업,"서울특별시 마포구 월드컵로19길 37, 2층 (망원동)",서울 마포구 망원동 57-52,CDFI2262212024000324,2024-10-14,영업/정상(영업중),37.5558387480412,126.907862833434,2
이즈와이합정,외국인관광도시민박업,"서울특별시 마포구 포은로2나길 32, 401호 (합정동)",서울 마포구 합정동 391-37,CDFI2262212024000319,2024-10-14,영업/정상(영업중),37.5507890750656,126.909100864816,3
리베스폴,외국인관광도시민박업,"서울특별시 강동구 천호옛12길 24-12, 2층 201호 (성내동)",서울 강동구 성내동 136-11,CDFI2262212024000031,2024-10-11,영업/정상(영업중),37.5342900415398,127.125874057864,3
버드나잇,외국인관광도시민박업,"서울특별시 강동구 천중로 227-3, 지하층 101호 (길동)",서울 강동구 길동 343-13,CDFI2262212024000013,2024-05-10,영업/정상(영업중),37.54103313981,127.145904380119,2
하이큐 민박,외국인관광도시민박업,"서울특별시 강동구 고덕로 360, 335동 1904호 (상일동, 고덕아르테온)",서울 강동구 상일동 520,CDFI2262212023000001,2023-03-10,영업/정상(영업중),37.5566829127291,127.169527259453,2
stay 목화,외국인관광도시민박업,"서울특별시 강동구 천호대로174길 56-8, 2층 202호 (성내동)",서울 강동구 성내동 385-20,CDFI2262212024000037,2024-11-04,영업/정상(영업중),37.5325415433412,127.133678478947,2
Our stay,외국인관광도시민박업,"서울특별시 강동구 명일로 149, 1층 204호 (둔촌동)",서울 강동구 둔촌동 46-56,CDFI2262212024000038,2024-11-04,영업/정상(영업중),37.5324308132112,127.143873755851,2
쉬어가,외국인관광도시민박업,"서울특별시 동작구 노량진로14나길 3, 301호 (노량진동)",서울 동작구 노량진동 85-40,CDFI2262212024000023,2024-08-26,영업/정상(영업중),37.5125220166213,126.943429119328,2
우담바라 게스트하우스,외국인관광도시민박업,"서울특별시 서초구 서초중앙로24길 33, 103동 103호 (서초동)",서울 서초구 서초동 1686-9,CDFI2262212016000010,2016-06-28,영업/정상(영업중),37.4957534654582,127.017054758494,2
초이스,외국인관광도시민박업,"서울특별시 서초구 반포대로21길 67, 501동 406호 (서초동, 래미안서초5차아파트)",서울 서초구 서초동 1522-1,CDFI2262212015000005,2015-06-30,영업/정상(영업중),37.4857895614081,127.007868868136,2
Wooks house with Namsan view,외국인관광도시민박업,"서울특별시 용산구 녹사평대로40다길 17, 3층 (이태원동)",서울 용산구 이태원동 451-1,CDFI2262212023000007,2023-04-13,영업/정상(영업중),37.5352631163327,126.989082054449,3
백아,외국인관광도시민박업,"서울특별시 영등포구 대림로 115-4, 201호 (대림동)",서울 영등포구 대림동 861-12,CDFI2262212024000015,2024-05-29,영업/정상(영업중),37.4918090548441,126.901854256146,3
코코하우스,외국인관광도시민박업,"서울특별시 강동구 구천면로33길 30-10, 102호 (천호동)",서울 강동구 천호동 386-15,CDFI2262212024000039,2024-11-05,영업/정상(영업중),37.5429805668496,127.129436398484,2
Seoul Nooks,외국인관광도시민박업,"서울특별시 용산구 후암로34길 31, 201호 (후암동, 정우빌라)",서울 용산구 후암동 30-30,CDFI2262212019000070,2019-12-07,영업/정상(영업중),37.5517761925606,126.978607776295,2
서초그린해피하우스,외국인관광도시민박업,"서울특별시 서초구 효령로33길 50, 107동 302호 (방배동, 방배서리풀이편한세상)",서울 서초구 방배동 906-13,CDFI2262212014000004,2014-04-08,영업/정상(영업중),37.4837245104701,126.997751587709,2
소프트서울1,외국인관광도시민박업,"서울특별시 마포구 성미산로13길 58, 101호 (성산동)",서울 마포구 성산동 617-1,CDFI2262212024000371,2024-11-05,영업/정상(영업중),37.5634522532737,126.916834155969,2
JHJ스테이,외국인관광도시민박업,"서울특별시 마포구 신촌로2안길 8, 302호 (동교동)",서울 마포구 동교동 176-15,CDFI2262212024000370,2024-11-05,영업/정상(영업중),37.5574729218382,126.92756415211,6
KW신사,외국인관광도시민박업,"서울특별시 서초구 강남대로93길 31-5, 401호 (잠원동)",서울 서초구 잠원동 36-24,CDFI2262212014000006,2014-07-17,영업/정상(영업중),37.5126372551672,127.018655467955,2
서린스테이,외국인관광도시민박업,"서울특별시 마포구 연남로3길 43-7, B01호 (연남동, 그랜드빌라)",서울 마포구 연남동 565-17,CDFI2262212018000054,2018-08-02,영업/정상(영업중),37.5601273539924,126.920567372546,2
유희 스테이,외국인관광도시민박업,"서울특별시 마포구 성암로9안길 4, B1층 (중동)",서울 마포구 중동 58-35,CDFI2262212024000339,2024-10-21,영업/정상(영업중),37.5729910546564,126.903411969287,2
Haru stay,외국인관광도시민박업,"서울특별시 관악구 남부순환로180길 39, b03호 (신림동)",서울 관악구 신림동 75-55,CDFI2262212024000123,2024-10-25,영업/정상(영업중),37.4827623778323,126.931306496477,4
더 헤세드 강남,외국인관광도시민박업,"서울특별시 강남구 언주로153길 14-2, B3호 (신사동)",서울 강남구 신사동 626-72,CDFI2262212024000024,2024-09-23,영업/정상(영업중),37.5229079892673,127.032019688287,8
알로하하우스_핑크,외국인관광도시민박업,"서울특별시 마포구 서강로11길 27-1, 2층 (창전동)",서울 마포구 창전동 2-49,CDFI2262212024000331,2024-10-15,영업/정상(영업중),37.553768724086,126.932083252322,4
오리하우스,외국인관광도시민박업,"서울특별시 마포구 와우산로38길 24, 지층 1호 (동교동)",서울 마포구 동교동 188-16,CDFI2262212024000326,2024-10-15,영업/정상(영업중),37.5550488240104,126.931861743288,2
레일파크 스테이,외국인관광도시민박업,"서울특별시 마포구 독막로29길 38-5, 102호 (신수동)",서울 마포구 신수동 88-26,CDFI2262212024000112,2024-05-24,영업/정상(영업중),37.5481979971989,126.938947757787,2
블루밍,외국인관광도시민박업,"서울특별시 마포구 양화로23길 4-7, 202호 (동교동)",서울 마포구 동교동 147-40,CDFI2262212024000302,2024-10-04,영업/정상(영업중),37.559011869767,126.925751010476,4
알로하하우스_그린,외국인관광도시민박업,"서울특별시 마포구 서강로11길 27-1, b02호 (창전동)",서울 마포구 창전동 2-49,CDFI2262212024000330,2024-10-15,영업/정상(영업중),37.553768724086,126.932083252322,4
머뭄,외국인관광도시민박업,"서울특별시 마포구 와우산로37길 24, 지층 1호 (동교동)",서울 마포구 동교동 177-14,CDFI2262212024000320,2024-10-14,영업/정상(영업중),37.5563761331544,126.929642309796,3
구름,외국인관광도시민박업,"서울특별시 마포구 와우산로 169-3, 지층 101호 (동교동)",서울 마포구 동교동 182-21,CDFI2262212024000303,2024-10-06,영업/정상(영업중),37.5560172559087,126.930691772033,3
테오스테이,외국인관광도시민박업,서울특별시 관악구 인헌13길 32 (봉천동),서울 관악구 봉천동 178-240,CDFI2262212023000014,2023-11-22,영업/정상(영업중),37.4723352372459,126.968386825753,2
대림 코지아,외국인관광도시민박업,"서울특별시 영등포구 대림로 115-4, 101호 (대림동)",서울 영등포구 대림동 861-12,CDFI2262212024000014,2024-05-29,영업/정상(영업중),37.4918090548441,126.901854256146,3
한스 하우스,외국인관광도시민박업,"서울특별시 마포구 마포대로4길 47-3, 2층 (도화동)",서울 마포구 도화동 157-2,CDFI2262212024000309,2024-10-08,영업/정상(영업중),37.5375590743581,126.946942751378,2
모스트스테이,외국인관광도시민박업,"서울특별시 마포구 동교로17안길 38-5, 3층 (서교동)",서울 마포구 서교동 446-26,CDFI2262212024000246,2024-08-29,영업/정상(영업중),37.5560374005685,126.918369230502,2
WILLOW WISH,외국인관광도시민박업,"서울특별시 강동구 천중로 227-3, 지하층 102호 (길동)",서울 강동구 길동 343-13,CDFI2262212024000014,2024-05-13,영업/정상(영업중),37.54103313981,127.145904380119,2
우드세이지,외국인관광도시민박업,"서울특별시 강동구 구천면로34길 52, 에덴빌32차 301호 (천호동)",서울 강동구 천호동 210-18,CDFI2262212024000008,2024-04-01,영업/정상(영업중),37.5424180507441,127.134138994152,5
합정다락,외국인관광도시민박업,"서울특별시 마포구 월드컵로7안길 5, 2층 (합정동)",서울 마포구 합정동 429-33,CDFI2262212024000310,2024-10-10,영업/정상(영업중),37.5526096818955,126.909989972973,4
monghouse,외국인관광도시민박업,"서울특별시 광진구 천호대로138길 26, 202호 (구의동)",서울 광진구 구의동 60-73,CDFI2262212024000003,2024-01-29,영업/정상(영업중),37.5480090109492,127.092451511372,2
씨엠 게스트하우스,외국인관광도시민박업,"서울특별시 광진구 구의로3길 19, 103호 (구의동)",서울 광진구 구의동 241-65,CDFI2262212024000002,2024-01-26,영업/정상(영업중),37.5402544227337,127.087429827667,2
"서울스테이, 강동",외국인관광도시민박업,"서울특별시 강동구 성안로13길 21-10, 지하층 02호 (성내동)",서울 강동구 성내동 514-6,CDFI2262212023000014,2023-12-28,영업/정상(영업중),37.5311188069163,127.130832479787,2
이태원372,외국인관광도시민박업,"서울특별시 용산구 녹사평대로46가길 7-4, 302호 (이태원동)",서울 용산구 이태원동 372-4,CDFI2262212024000045,2024-09-24,영업/정상(영업중),37.5371194865985,126.988540155559,2
필스테이이화부띠끄,외국인관광도시민박업,"[120-170] 서울특별시 서대문구 이화여대길 43, 4층 (대현동)",서울 서대문구 대현동 56-126,CDFI2262212015000013,2015-06-26,영업/정상(영업중),37.558825763768,126.945487253231,2
봉봉피아,외국인관광도시민박업,"서울특별시 송파구 위례성대로2길 49, B층 3호 (방이동)",서울 송파구 방이동 102-15,CDFI2262212022000001,2022-02-11,영업/정상(영업중),37.5128393952692,127.111478054288,2
HAUS WITH LUV,외국인관광도시민박업,"서울특별시 용산구 녹사평대로46길 16, 4층 (이태원동)",서울 용산구 이태원동 336-1,CDFI2262212021000016,2021-06-14,영업/정상(영업중),37.5371858036224,126.987678993077,3
써프서울,외국인관광도시민박업,"서울특별시 용산구 효창원로94다길 16, 3층 (청파동1가)",서울 용산구 청파동1가 201-5,CDFI2262212024000019,2024-04-09,영업/정상(영업중),37.5489131056448,126.964468705177,2
미연,외국인관광도시민박업,"서울특별시 성동구 성덕정3가길 17, 1층 101호 (성수동1가)",서울 성동구 성수동1가 76-3,CDFI2262212024000038,2024-09-09,영업/정상(영업중),37.539623917461,127.048612844403,2
라브리 성수,외국인관광도시민박업,"서울특별시 성동구 왕십리로6길 18, 1층 202호 (성수동1가)",서울 성동구 성수동1가 656-614,CDFI2262212024000039,2024-09-09,영업/정상(영업중),37.5456900205803,127.046515880753,3
"남산, 쉼",외국인관광도시민박업,"서울특별시 용산구 두텁바위로 116, 202호 (후암동)",서울 용산구 후암동 353-12,CDFI2262212024000015,2024-03-22,영업/정상(영업중),37.5492524417663,126.98206927873,3
비어스,외국인관광도시민박업,"서울특별시 종로구 경희궁2길 5-3, 302호 (내수동, 경희궁빌)",서울 종로구 내수동 110-18,CDFI2262212024000043,2024-08-19,영업/정상(영업중),37.5730289652164,126.970545257772,2
MINGDI 하우스,외국인관광도시민박업,"서울특별시 마포구 신촌로2안길 8, 202호 (동교동)",서울 마포구 동교동 176-15,CDFI2262212024000266,2024-09-13,영업/정상(영업중),37.5574729218382,126.92756415211,6
이안스테이,외국인관광도시민박업,"서울특별시 성동구 아차산로7길 17-9, 세우빌라 지하101호 (성수동2가)",서울 성동구 성수동2가 289-77,CDFI2262212024000040,2024-09-09,영업/정상(영업중),37.5468165480138,127.054500605569,2
체리쉬,외국인관광도시민박업,"서울특별시 마포구 연남로3길 49, 2층 (연남동)",서울 마포구 연남동 565-8,CDFI2262212024000269,2024-09-13,영업/정상(영업중),37.5601998331569,126.920224358629,4
보나,외국인관광도시민박업,"[150-837] 서울특별시 영등포구 영등포로 351, 105동 102호 (신길동, 경남아파트)",서울 영등포구 신길동 67-1,CDFI2262212013000005,2013-05-07,영업/정상(영업중),37.5153110458501,126.918031063934,2
캉프맨숀,외국인관광도시민박업,"서울특별시 마포구 동교로23길 32, 401호 (동교동)",서울 마포구 동교동 203-15,CDFI2262212021000049,2021-07-30,영업/정상(영업중),37.5574274745215,126.920104178466,2
YJ HOUSE,외국인관광도시민박업,"서울특별시 마포구 와우산로38길 17, 지층 (동교동)",서울 마포구 동교동 187-12,CDFI2262212024000203,2024-08-05,영업/정상(영업중),37.5553088326374,126.931672507425,2
연남내일,외국인관광도시민박업,"서울특별시 마포구 연남로3길 31, 4층 (연남동)",서울 마포구 연남동 566-2,CDFI2262212024000296,2024-09-26,영업/정상(영업중),37.560662747206,126.921001533222,2
Da Young House,외국인관광도시민박업,"서울특별시 마포구 와우산로37길 10, 지층 (동교동)",서울 마포구 동교동 181-19,CDFI2262212024000284,2024-09-25,영업/정상(영업중),37.5561663474982,126.930345659733,3
베라 하우스,외국인관광도시민박업,"서울특별시 강동구 구천면로34길 52, 에덴빌32차 4층 401호 (천호동)",서울 강동구 천호동 210-18,CDFI2262212024000003,2024-02-29,영업/정상(영업중),37.5424180507441,127.134138994152,5
밀리언스테이2,외국인관광도시민박업,"서울특별시 마포구 성미산로 194-7, 102호 (연남동)",서울 마포구 연남동 227-19,CDFI2262212024000292,2024-09-26,영업/정상(영업중),37.5625062419766,126.926385561014,2
시도스테이,외국인관광도시민박업,서울특별시 종로구 통일로12길 24-23 (행촌동),서울 종로구 행촌동 210-662,CDFI2262212024000004,2024-02-07,영업/정상(영업중),37.5736378027296,126.961303185307,3
밀리언스테이1,외국인관광도시민박업,"서울특별시 마포구 성미산로 194-7, 101호 (연남동)",서울 마포구 연남동 227-22,CDFI2262212024000291,2024-09-26,영업/정상(영업중),37.5627141090474,126.926397127655,2
유즈얼 스테이,외국인관광도시민박업,"서울특별시 성북구 종암로14길 12-11, B01호 (종암동)",서울 성북구 종암동 10-43,CDFI2262212024000026,2024-09-11,영업/정상(영업중),37.5967244861788,127.036438162276,2
YONG HOUSE,외국인관광도시민박업,"서울특별시 마포구 와우산로29가길 75, 지층 (서교동)",서울 마포구 서교동 343-16,CDFI2262212024000268,2024-09-13,영업/정상(영업중),37.5537398947402,126.925370668374,3
히어앳홈,외국인관광도시민박업,"서울특별시 성동구 왕십리로6길 18, 2층 301호 (성수동1가)",서울 성동구 성수동1가 656-614,CDFI2262212024000043,2024-09-25,영업/정상(영업중),37.5456900205803,127.046515880753,3
코지홈,외국인관광도시민박업,"서울특별시 종로구 청계천로 307, 동대문신발상가 B동 503호 (창신동)",서울 종로구 창신동 436-78,CDFI2262212024000052,2024-09-12,영업/정상(영업중),37.57007091442,127.011948575482,5
에덴 게스트하우스,외국인관광도시민박업,"서울특별시 마포구 홍익로5안길 50, 1층 (서교동)",서울 마포구 서교동 370-24,CDFI2262212024000270,2024-09-13,영업/정상(영업중),37.5528958021635,126.920347917127,3
JY HOUSE,외국인관광도시민박업,"서울특별시 마포구 성미산로 65-5, 402호 (성산동, 노블레스빌)",서울 마포구 성산동 40-8,CDFI2262212024000271,2024-09-13,영업/정상(영업중),37.5600200570689,126.915270650993,3
헤이스 하우스2,외국인관광도시민박업,"서울특별시 마포구 신촌로20길 40, 3층 (노고산동)",서울 마포구 노고산동 31-99,CDFI2262212019000067,2019-07-01,영업/정상(영업중),37.5535791976437,126.938578393349,2
썬데이 플라라,외국인관광도시민박업,"서울특별시 마포구 백범로21길 20, 202호 (염리동)",서울 마포구 염리동 85-12,CDFI2262212024000272,2024-09-13,영업/정상(영업중),37.5475049532393,126.944814153985,4
오 마이 하우스,외국인관광도시민박업,서울특별시 종로구 자하문로 97-13 (신교동),서울 종로구 신교동 75-1,CDFI2262212024000010,2024-03-27,영업/정상(영업중),37.584379309359,126.969759135115,2
알 게스트하우스,외국인관광도시민박업,"서울특별시 용산구 만리재로36길 16-7, 1층 (서계동, 객실:6개)",서울 용산구 서계동 234-3,CDFI2262212017000012,2017-04-10,영업/정상(영업중),37.55365766866,126.966617600428,2
이화 게스트룸,외국인관광도시민박업,"서울특별시 종로구 낙산길 22-17, 자매빌딩 4층 401호 (동숭동)",서울 종로구 동숭동 129-199,CDFI2262212023000017,2023-09-14,영업/정상(영업중),37.5802375645633,127.005895682584,3
데이지 하우스,외국인관광도시민박업,서울특별시 종로구 대학로9길 22-4 (명륜4가),서울 종로구 명륜4가 118-2,CDFI2262212023000001,2023-01-16,영업/정상(영업중),37.5818283237772,127.000744150895,2
홍대 안미당,외국인관광도시민박업,"서울특별시 마포구 홍익로2길 27-5, 101호 (서교동)",서울 마포구 서교동 346-29,CDFI2262212024000188,2024-07-24,영업/정상(영업중),37.5548409496837,126.92401421753,3
Jasmine House,외국인관광도시민박업,"서울특별시 용산구 만리재로40길 8-4, 1층 (서계동)",서울 용산구 서계동 223-38,CDFI2262212023000074,2023-10-05,영업/정상(영업중),37.5546146167664,126.967911522822,2
라탄하우스,외국인관광도시민박업,"서울특별시 동대문구 고산자로 516-1, 502호 (제기동)",서울 동대문구 제기동 695,CDFI2262212024000033,2024-09-11,영업/정상(영업중),37.5857392960756,127.038775425346,10
조이플스테이,외국인관광도시민박업,"서울특별시 동대문구 고산자로 516-1, 202호 (제기동)",서울 동대문구 제기동 695,CDFI2262212024000034,2024-09-12,영업/정상(영업중),37.5857392960756,127.038775425346,10
팝앳이태원,외국인관광도시민박업,서울특별시 용산구 녹사평대로32길 9 (이태원동),서울 용산구 이태원동 34-91,CDFI2262212014000004,2014-03-11,영업/정상(영업중),37.5336809883331,126.989405866805,3
UN게스트하우스,외국인관광도시민박업,"서울특별시 용산구 독서당로 108 (한남동, UN맨숀)",서울 용산구 한남동 1-35,CDFI2262212014000003,2014-02-19,영업/정상(영업중),37.5358635592621,127.011691257519,2
위하우스,외국인관광도시민박업,서울특별시 용산구 한강대로98길 6-16 (갈월동),서울 용산구 갈월동 8-57,CDFI2262212022000023,2022-11-16,영업/정상(영업중),37.5478865458023,126.972357823227,2
CLAIR,외국인관광도시민박업,"서울특별시 용산구 청파로93길 18-12, 지층 (서계동)",서울 용산구 서계동 223-71,CDFI2262212021000013,2021-06-01,영업/정상(영업중),37.5543569651353,126.967377010159,2
Hailey's House,외국인관광도시민박업,"서울특별시 성동구 둘레11길 12, 1층 (성수동2가)",서울 성동구 성수동2가 430-2,CDFI2262212024000022,2024-07-01,영업/정상(영업중),37.5366677270793,127.052016814916,2
안나스테이,외국인관광도시민박업,"서울특별시 관악구 남부순환로239길 22-6, B03호 (봉천동)",서울 관악구 봉천동 1684-7,CDFI2262212024000061,2024-06-26,영업/정상(영업중),37.4787946066091,126.962059885922,2
Terrace stay hongdae,외국인관광도시민박업,"서울특별시 마포구 월드컵북로5가길 34, 1~2층 (서교동)",서울 마포구 서교동 446-46,CDFI2262212022000051,2022-08-23,영업/정상(영업중),37.55613463001,126.919303944728,2
Aron house,외국인관광도시민박업,"서울특별시 마포구 양화로23길 22-6, 302호 (동교동)",서울 마포구 동교동 147-24,CDFI2262212020000003,2020-01-02,영업/정상(영업중),37.5594918636836,126.92537443886,2
ONE WAY HOUSE,외국인관광도시민박업,"서울특별시 마포구 와우산로29길 17, 201호 (서교동)",서울 마포구 서교동 336-3,CDFI2262212024000235,2024-08-22,영업/정상(영업중),37.5547935006929,126.928690433866,2
YUNI STAY,외국인관광도시민박업,"서울특별시 마포구 와우산로33길 14, 101호 (서교동, 에코빌)",서울 마포구 서교동 326-15,CDFI2262212024000233,2024-08-22,영업/정상(영업중),37.5554290785907,126.929615133211,2
앤 하우스,외국인관광도시민박업,"서울특별시 마포구 동교로27길 27-3, 지하1층 101호 (동교동)",서울 마포구 동교동 204-11,CDFI2262212023000067,2023-06-05,영업/정상(영업중),37.5591683332292,126.922054769896,2
JINYOU STAY,외국인관광도시민박업,"서울특별시 마포구 월드컵로21길 2, B02호 (망원동)",서울 마포구 망원동 57-362,CDFI2262212024000194,2024-07-26,영업/정상(영업중),37.5573046313189,126.908507716959,3
몽 하우스,외국인관광도시민박업,"서울특별시 강남구 선릉로115길 41, 102호 (논현동)",서울 강남구 논현동 272-2,CDFI2262212024000020,2024-08-28,영업/정상(영업중),37.5113631659023,127.039719588198,3
아이린 홈,외국인관광도시민박업,"서울특별시 마포구 서강로11길 11, 302호 (창전동)",서울 마포구 창전동 2-40,CDFI2262212024000248,2024-08-29,영업/정상(영업중),37.5533644605735,126.932737629705,2
헤이스 하우스1,외국인관광도시민박업,"서울특별시 마포구 신촌로20길 40, 1층 (노고산동)",서울 마포구 노고산동 31-99,CDFI2262212019000066,2019-07-01,영업/정상(영업중),37.5535791976437,126.938578393349,2
오키도키 하우스,외국인관광도시민박업,서울특별시 마포구 동교로 105 (서교동),서울 마포구 서교동 478-7,CDFI2262212015000012,2015-12-23,영업/정상(영업중),37.5547783836826,126.91373234964,2
NG HOUSE,외국인관광도시민박업,"서울특별시 마포구 신촌로2안길 40, 3층 (동교동)",서울 마포구 동교동 177-6,CDFI2262212015000023,2015-11-24,영업/정상(영업중),37.5568078429449,126.929109979547,4
KS guest house,외국인관광도시민박업,"서울특별시 마포구 독막로 26-5, 가동 지층 101호 (합정동, 현대빌라)",서울 마포구 합정동 363-23,CDFI2262212016000014,2016-03-18,영업/정상(영업중),37.5479824510848,126.916524986872,2
모노하우스(2호점),외국인관광도시민박업,"서울특별시 마포구 동교로45길 16, 1층 (연남동)",서울 마포구 연남동 229-23,CDFI2262212016000015,2016-04-01,영업/정상(영업중),37.5635415183535,126.924438995455,3
Meet seoul,외국인관광도시민박업,"서울특별시 마포구 창전로 45, 103동 702호 (창전동, 서강한화오벨리스크)",서울 마포구 창전동 442,CDFI2262212015000019,2015-12-11,영업/정상(영업중),37.5468832250067,126.931961062749,2
오션 하우스,외국인관광도시민박업,"서울특별시 마포구 희우정로 40, 102호 (합정동)",서울 마포구 합정동 438-5,CDFI2262212024000095,2024-05-10,영업/정상(영업중),37.55065010664,126.90697419052,2
하우스 에이치,외국인관광도시민박업,"서울특별시 마포구 성미산로 194, 대원빌딩 3층 (연남동)",서울 마포구 연남동 227-22,CDFI2262212022000030,2022-04-27,영업/정상(영업중),37.5627141090474,126.926397127655,2
마이게스트하우스,외국인관광도시민박업,"서울특별시 마포구 성미산로6길 39, 202호 (서교동, 삼성빌리지)",서울 마포구 서교동 473-42,CDFI2262212016000008,2016-02-19,영업/정상(영업중),37.5567831255738,126.91157099253,2
더 어반 게스트하우스,외국인관광도시민박업,"서울특별시 마포구 성미산로 194-11, 2층 (연남동)",서울 마포구 연남동 227-17,CDFI2262212016000060,2016-09-29,영업/정상(영업중),37.5623589610451,126.926436865001,2
패밀리하우스텔＃,외국인관광도시민박업,"서울특별시 마포구 월드컵북로4길 90, 3층 (동교동, 패밀리하우스)",서울 마포구 동교동 198-29,CDFI2262212016000006,2016-02-18,영업/정상(영업중),37.5595874506743,126.923391210662,6
오리 게스트하우스,외국인관광도시민박업,"서울특별시 마포구 와우산로33길 36, 지층 02호 (서교동, 한일빌리지)",서울 마포구 서교동 329-12,CDFI2262212018000040,2018-06-14,영업/정상(영업중),37.5559295760964,126.928703158548,4
린이네,외국인관광도시민박업,"서울특별시 마포구 신촌로4길 5-21, 401호 (동교동)",서울 마포구 동교동 179-18,CDFI2262212024000096,2024-05-10,영업/정상(영업중),37.5573507584676,126.929519049945,2
서연가,외국인관광도시민박업,"서울특별시 동대문구 왕산로 295-10, 1층 (청량리동)",서울 동대문구 청량리동 2-10,CDFI2262212023000009,2023-10-12,영업/정상(영업중),37.5870495261949,127.052100426222,2
써니하우스,외국인관광도시민박업,"서울특별시 마포구 홍익로 13-9, 지층 1호 (서교동, 동덕빌라)",서울 마포구 서교동 358-77,CDFI2262212023000110,2023-08-17,영업/정상(영업중),37.5533818650637,126.923164885322,2
시즈 더 데이,외국인관광도시민박업,"서울특별시 마포구 동교로38길 26-7, 102호 (연남동)",서울 마포구 연남동 390-48,CDFI2262212021000070,2021-12-16,영업/정상(영업중),37.5616260185,126.92531752985,3
Fairy Tale House,외국인관광도시민박업,"서울특별시 마포구 와우산로33길 36, 201호 (서교동, 한일빌리지)",서울 마포구 서교동 329-12,CDFI2262212023000138,2023-10-12,영업/정상(영업중),37.5559295760964,126.928703158548,4
코코앤벨,외국인관광도시민박업,"서울특별시 마포구 동교로46길 4, 지하102호 (연남동)",서울 마포구 연남동 228-29,CDFI2262212023000139,2023-10-12,영업/정상(영업중),37.5627149338296,126.925129575565,2
나모하우스,외국인관광도시민박업,"서울특별시 마포구 어울마당로 136-4, 101호 (서교동)",서울 마포구 서교동 347-1,CDFI2262212016000058,2016-09-09,영업/정상(영업중),37.5559851906057,126.924959983779,2
코타로 하우스,외국인관광도시민박업,"서울특별시 마포구 와우산로 162-8, 지1층, 1층 (서교동)",서울 마포구 서교동 325-4,CDFI2262212023000031,2023-04-20,영업/정상(영업중),37.5549600440929,126.930877222493,2
송정 하우스,외국인관광도시민박업,"서울특별시 성동구 송정6길 5-1, 2층 (송정동)",서울 성동구 송정동 66-159,CDFI2262212024000037,2024-09-02,영업/정상(영업중),37.5493739646565,127.065292104385,2
RSJ 하우스,외국인관광도시민박업,"서울특별시 마포구 양화로18안길 40-4, 1층 (동교동)",서울 마포구 동교동 170-9,CDFI2262212024000089,2024-05-02,영업/정상(영업중),37.5569879830462,126.926797856396,2
봄 스테이,외국인관광도시민박업,"서울특별시 마포구 와우산로29길 56-9, 101호 (서교동, 홍익예림빌라)",서울 마포구 서교동 330-11,CDFI2262212024000091,2024-05-02,영업/정상(영업중),37.556041611948,126.927148151001,3
다온숲503,외국인관광도시민박업,"서울특별시 마포구 월드컵북로12길 79, 503호 (성산동, 다온숲)",서울 마포구 성산동 36-33,CDFI2262212024000088,2024-05-02,영업/정상(영업중),37.5645670054585,126.914992494129,9
아이스블루 스테이,외국인관광도시민박업,"서울특별시 마포구 새터산9길 19, 202호 (성산동)",서울 마포구 성산동 200-339,CDFI2262212024000090,2024-05-02,영업/정상(영업중),37.5656642722088,126.906004624239,5
다온숲602,외국인관광도시민박업,"서울특별시 마포구 월드컵북로12길 79, 602호 (성산동, 다온숲)",서울 마포구 성산동 36-33,CDFI2262212024000087,2024-05-02,영업/정상(영업중),37.5645670054585,126.914992494129,9
퍼즐스테이(Puzzlestay),외국인관광도시민박업,서울특별시 성북구 솔샘로7길 40 (정릉동),서울 성북구 정릉동 715-6,CDFI2262212015000005,2015-12-15,영업/정상(영업중),37.6114323808472,127.004561358429,3
펀하지,외국인관광도시민박업,"서울특별시 마포구 와우산로 8-5, 301호 (상수동)",서울 마포구 상수동 345-6,CDFI2262212021000030,2021-06-15,영업/정상(영업중),37.5453872670914,126.923242683544,3
Fabulous house,외국인관광도시민박업,"서울특별시 용산구 녹사평대로40나길 10, 2층 (이태원동)",서울 용산구 이태원동 455-13,CDFI2262212021000017,2021-06-15,영업/정상(영업중),37.534882549266,126.988304483079,2
RTR,외국인관광도시민박업,"서울특별시 용산구 이태원로17길 13, 301호 (이태원동)",서울 용산구 이태원동 166-38,CDFI2262212019000002,2019-01-13,영업/정상(영업중),37.5349144359018,126.991338615761,3
위집(WEZIP-J),외국인관광도시민박업,"서울특별시 용산구 회나무로39가길 18, 2층 (이태원동)",서울 용산구 이태원동 245-15,CDFI2262212021000018,2021-06-15,영업/정상(영업중),37.540401416974,126.993881946328,2
폴하우스,외국인관광도시민박업,"서울특별시 용산구 한강대로72길 17-18, 좌측 (객실:1개) (남영동)",서울 용산구 남영동 108-16,CDFI2262212019000039,2019-07-18,영업/정상(영업중),37.5414872549143,126.974199702075,2
스위트 이태원,외국인관광도시민박업,서울특별시 용산구 이태원로26길 16-2 (객실:1개) 2층 (이태원동),서울 용산구 이태원동 129-4,CDFI2262212019000011,2019-03-28,영업/정상(영업중),37.5336952384934,126.993291448319,3
THE MEMORY Sangam,외국인관광도시민박업,"서울특별시 마포구 월드컵북로 308, 302호 (상암동)",서울 마포구 상암동 27-61,CDFI2262212023000197,2023-12-15,영업/정상(영업중),37.574594594467,126.897165547026,2
H House,외국인관광도시민박업,"서울특별시 마포구 신촌로2안길 31-5, 지층 103호 (동교동)",서울 마포구 동교동 179-33,CDFI2262212023000198,2023-12-15,영업/정상(영업중),37.5572932609493,126.929044556595,5
모모하우스,외국인관광도시민박업,"서울특별시 마포구 동교로32길 17, 201호 (연남동)",서울 마포구 연남동 381-16,CDFI2262212019000084,2019-08-02,영업/정상(영업중),37.560665806362,126.925285778916,3
테디하우스,외국인관광도시민박업,"서울특별시 마포구 와우산로33길 14, 401호 (서교동, 에코빌)",서울 마포구 서교동 326-15,CDFI2262212023000082,2023-07-05,영업/정상(영업중),37.5554290785907,126.929615133211,2
마리 하우스,외국인관광도시민박업,"서울특별시 마포구 연남로7길 20-7, 102호 (연남동)",서울 마포구 연남동 370-25,CDFI2262212023000174,2023-11-21,영업/정상(영업중),37.5640029462796,126.918912549199,2
담소,외국인관광도시민박업,"서울특별시 마포구 서강로20길 11, 401호 (노고산동)",서울 마포구 노고산동 107-29,CDFI2262212023000162,2023-11-14,영업/정상(영업중),37.5539362644759,126.936536607616,4
스테이 뤼느,외국인관광도시민박업,"서울특별시 마포구 와우산로 144-10, 지하1층 2호 (창전동, 삼익빌라)",서울 마포구 창전동 6-46,CDFI2262212023000083,2023-07-05,영업/정상(영업중),37.5536134311294,126.929536037018,2
마포 트립,외국인관광도시민박업,"서울특별시 마포구 대흥로 14, VIP빌딩 502호 (용강동)",서울 마포구 용강동 494-2,CDFI2262212023000161,2023-11-14,영업/정상(영업중),37.5423552268544,126.937282715567,2
땡스땡스,외국인관광도시민박업,"서울특별시 마포구 와우산로38길 19, 202호 (동교동)",서울 마포구 동교동 187-6,CDFI2262212023000203,2023-12-26,영업/정상(영업중),37.5553331294681,126.931776265034,3
SK HOUSE,외국인관광도시민박업,"서울특별시 마포구 동교로25길 54-10, 1층 (연남동)",서울 마포구 연남동 568-5,CDFI2262212019000080,2019-07-26,영업/정상(영업중),37.5593802726872,126.920738953172,2
마리하우스2,외국인관광도시민박업,"서울특별시 마포구 연남로7길 20-7, 201호 (연남동)",서울 마포구 연남동 370-25,CDFI2262212024000062,2024-04-08,영업/정상(영업중),37.5640029462796,126.918912549199,2
ICOS,외국인관광도시민박업,서울특별시 마포구 고산3길 15 (노고산동),서울 마포구 노고산동 33-5,CDFI2262212018000073,2018-10-04,영업/정상(영업중),37.5545647527721,126.938662689835,2
제온,외국인관광도시민박업,"서울특별시 마포구 와우산로37길 24, 102호 (동교동)",서울 마포구 동교동 177-14,CDFI2262212023000172,2023-11-21,영업/정상(영업중),37.5563761331544,126.929642309796,3
체크인 플리즈,외국인관광도시민박업,서울특별시 용산구 소월로38가길 40 (이태원동),서울 용산구 이태원동 260-155,CDFI2262212016000002,2016-01-06,영업/정상(영업중),37.5417763058323,126.99058173575,2
CHOI & HAUS,외국인관광도시민박업,"서울특별시 마포구 월드컵로3길 75, B동 2층 1호 (합정동, 평안주택)",서울 마포구 합정동 396-16,CDFI2262212022000056,2022-09-13,영업/정상(영업중),37.5490381247306,126.909282468681,2
데이지홈,외국인관광도시민박업,"서울특별시 마포구 양화로23길 30-1, B01호 (동교동)",서울 마포구 동교동 148-17,CDFI2262212022000062,2022-09-22,영업/정상(영업중),37.5597885998739,126.925149707169,3
우드사이드,외국인관광도시민박업,"서울특별시 마포구 신촌로4길 8, 4층 (동교동)",서울 마포구 동교동 175-1,CDFI2262212022000043,2022-07-28,영업/정상(영업중),37.557576784811,126.928414460213,2
honny bee Hongdae,외국인관광도시민박업,"서울특별시 마포구 양화로8길 16-8, 102호 (서교동)",서울 마포구 서교동 394-70,CDFI2262212021000021,2021-03-19,영업/정상(영업중),37.5498376716101,126.915854679525,3
까사 홍대,외국인관광도시민박업,"서울특별시 마포구 동교로 211-9, 2층 303호 (동교동)",서울 마포구 동교동 198-4,CDFI2262212024000184,2024-07-24,영업/정상(영업중),37.5592026615194,126.923016529378,4
Tomy guest house,외국인관광도시민박업,"서울특별시 마포구 와우산로29길 26-5, 1층 (서교동)",서울 마포구 서교동 328-49,CDFI2262212024000211,2024-08-13,영업/정상(영업중),37.5554668749313,126.928489701712,2
테이크원 게스트하우스,외국인관광도시민박업,"서울특별시 마포구 월드컵북로4길 90, 지층 (동교동)",서울 마포구 동교동 198-29,CDFI2262212018000065,2018-09-07,영업/정상(영업중),37.5595874506743,126.923391210662,6
서울로스테이,외국인관광도시민박업,"서울특별시 용산구 만리재로26가길 3, 지층 (서계동)",서울 용산구 서계동 240-26,CDFI2262212021000026,2021-10-26,영업/정상(영업중),37.552510683618,126.964408149494,2
패밀리하우스2,외국인관광도시민박업,"서울특별시 마포구 월드컵북로4길 90, 1층 (동교동)",서울 마포구 동교동 198-29,CDFI2262212018000064,2018-09-06,영업/정상(영업중),37.5595874506743,126.923391210662,6
조이 하우스,외국인관광도시민박업,"서울특별시 용산구 청파로85가길 10-4, A동 202호 (서계동)",서울 용산구 서계동 33-56,CDFI2262212023000024,2023-06-07,영업/정상(영업중),37.5523855377732,126.967874114342,31
테이크원하우스 홍대,외국인관광도시민박업,"서울특별시 마포구 월드컵북로4길 90, 2층 (동교동)",서울 마포구 동교동 198-29,CDFI2262212018000063,2018-09-06,영업/정상(영업중),37.5595874506743,126.923391210662,6
다온,외국인관광도시민박업,"서울특별시 용산구 청파로85가길 10-4, B동 303호 (서계동)",서울 용산구 서계동 33-56,CDFI2262212023000029,2023-06-20,영업/정상(영업중),37.5523855377732,126.967874114342,31
홈안젤라(Home_Angela),외국인관광도시민박업,"서울특별시 용산구 우사단로10가길 7, 102호 (이태원동)",서울 용산구 이태원동 137-24,CDFI2262212023000096,2023-12-08,영업/정상(영업중),37.5335238373133,126.99688298688,3
쿤테라스,외국인관광도시민박업,"서울특별시 용산구 청파로85가길 10-4, B동 401호 (서계동)",서울 용산구 서계동 33-56,CDFI2262212023000030,2023-06-20,영업/정상(영업중),37.5523855377732,126.967874114342,31
스마일 홈,외국인관광도시민박업,"서울특별시 마포구 양화로23길 4-7, 301호 (동교동)",서울 마포구 동교동 147-40,CDFI2262212022000086,2022-12-13,영업/정상(영업중),37.559011869767,126.925751010476,4
시크릿가든,외국인관광도시민박업,"서울특별시 용산구 우사단로4길 22-5 (보광동, 객실2개)",서울 용산구 보광동 265-406,CDFI2262212017000007,2017-03-29,영업/정상(영업중),37.5312339670229,126.997999628891,2
다올(DAOL),외국인관광도시민박업,"서울특별시 용산구 청파로85가길 10-4, B동 301호 (서계동)",서울 용산구 서계동 33-56,CDFI2262212023000045,2023-07-12,영업/정상(영업중),37.5523855377732,126.967874114342,31
스테이 한가,외국인관광도시민박업,"서울특별시 마포구 어울마당로 144, 성우빌딩 4층 (서교동)",서울 마포구 서교동 331-18,CDFI2262212022000085,2022-12-13,영업/정상(영업중),37.5562013624141,126.92585135552,2
돈키호테,외국인관광도시민박업,서울특별시 용산구 서빙고로51길 4 (서빙고동),서울 용산구 서빙고동 199-5,CDFI2262212015000029,2015-11-18,영업/정상(영업중),37.5206441608328,126.990975677329,2
POBI HOUSE,외국인관광도시민박업,"서울특별시 용산구 청파로85가길 10-4, A동 201호 (서계동)",서울 용산구 서계동 33-56,CDFI2262212023000023,2023-06-07,영업/정상(영업중),37.5523855377732,126.967874114342,31
조하 하우스,외국인관광도시민박업,"서울특별시 마포구 홍익로2길 27-16, 101호 (서교동)",서울 마포구 서교동 346-29,CDFI2262212024000126,2024-06-10,영업/정상(영업중),37.5548409496837,126.92401421753,3
더원 게스트하우스,외국인관광도시민박업,"서울특별시 마포구 독막로9길 43, 4,5층 (서교동)",서울 마포구 서교동 404-8,CDFI2262212022000044,2022-07-29,영업/정상(영업중),37.5501583256716,126.920519899336,2
도보이하우스(DOBOY_House),외국인관광도시민박업,"서울특별시 용산구 청파로85가길 10-4, B동 201호 (서계동)",서울 용산구 서계동 33-56,CDFI2262212023000044,2023-07-11,영업/정상(영업중),37.5523855377732,126.967874114342,31
굿바이브,외국인관광도시민박업,"서울특별시 마포구 월드컵로 165-6, 1~2층 (망원동)",서울 마포구 망원동 472-20,CDFI2262212024000125,2024-06-10,영업/정상(영업중),37.562278246514,126.903887590417,2
kyoobee guesthouse,외국인관광도시민박업,"서울특별시 마포구 신촌로2길 5-8, 301호 (동교동)",서울 마포구 동교동 175-16,CDFI2262212022000092,2022-12-29,영업/정상(영업중),37.5577641660505,126.927779698414,2
밀리언베어 스테이,외국인관광도시민박업,"서울특별시 마포구 성미산로 194-7, 2층 (연남동)",서울 마포구 연남동 227-19,CDFI2262212023000069,2023-06-09,영업/정상(영업중),37.5625062419766,126.926385561014,2
오션하우스2,외국인관광도시민박업,"서울특별시 마포구 희우정로 40, 2층 (합정동)",서울 마포구 합정동 438-5,CDFI2262212024000172,2024-07-16,영업/정상(영업중),37.55065010664,126.90697419052,2
챨리하우스,외국인관광도시민박업,"서울특별시 마포구 동교로25길 54-10, 2층 (연남동)",서울 마포구 연남동 568-5,CDFI2262212023000085,2023-07-12,영업/정상(영업중),37.5593802726872,126.920738953172,2
Super 7,외국인관광도시민박업,"[121-869] 서울특별시 마포구 동교로23길 61, 5층 (연남동)",서울 마포구 연남동 571-8,CDFI2262212015000039,2015-07-24,영업/정상(영업중),37.5583463191277,126.918794976197,2
Moon 게스트하우스,외국인관광도시민박업,"서울특별시 마포구 월드컵로8길 37-12, 지층 101호 (서교동)",서울 마포구 서교동 483-33,CDFI2262212024000005,2024-01-04,영업/정상(영업중),37.5538573540623,126.914434165665,6
리앤노1게스트하우스,외국인관광도시민박업,"서울특별시 마포구 연남로3길 18-9, 3층 (연남동)",서울 마포구 연남동 561-29,CDFI2262212015000034,2015-09-18,영업/정상(영업중),37.5614122291602,126.921050881665,4
우와 게스트하우스,외국인관광도시민박업,"서울특별시 마포구 월드컵북로6길 96, 1~2층 (동교동)",서울 마포구 동교동 197-16,CDFI2262212013000001,2013-10-22,영업/정상(영업중),37.5602868712288,126.923078342309,2
단밤신촌,외국인관광도시민박업,"서울특별시 마포구 고산5길 6-8, 지1층 (노고산동)",서울 마포구 노고산동 19-146,CDFI2262212023000199,2023-12-15,영업/정상(영업중),37.5547949144686,126.940515359004,2
리앤노게스트하우스,외국인관광도시민박업,"서울특별시 마포구 연남로3길 18-9, 4층 (연남동)",서울 마포구 연남동 561-29,CDFI2262212015000033,2015-09-18,영업/정상(영업중),37.5614122291602,126.921050881665,4
Stay&Garden,외국인관광도시민박업,"서울특별시 마포구 와우산로27길 62, 3~4층 (서교동)",서울 마포구 서교동 347-14,CDFI2262212016000039,2016-06-16,영업/정상(영업중),37.5553302811173,126.925426913887,2
라이크 하우스,외국인관광도시민박업,"서울특별시 마포구 연희로1길 41, 201호 (연남동, 예일빌라)",서울 마포구 연남동 381-6,CDFI2262212018000043,2018-06-21,영업/정상(영업중),37.5607909474682,126.92570250111,3
Sogni d'oro,외국인관광도시민박업,"서울특별시 마포구 양화로6길 14, 지하층 (합정동)",서울 마포구 합정동 414-16,CDFI2262212016000040,2016-06-17,영업/정상(영업중),37.5491963881277,126.914914555972,2
트윈래빗 게스트하우스,외국인관광도시민박업,"서울특별시 마포구 동교로27길 60-3, 301호 (연남동)",서울 마포구 연남동 566-5,CDFI2262212016000027,2016-05-19,영업/정상(영업중),37.5605773816841,126.921074738337,4
JJ게스트하우스,외국인관광도시민박업,"서울특별시 마포구 연희로1길 40-4, 2층 (동교동)",서울 마포구 동교동 113-23,CDFI2262212012000018,2012-07-05,영업/정상(영업중),37.560540790214,126.925924697531,2
채리스 플레이스,외국인관광도시민박업,"서울특별시 용산구 한강대로62길 23-3, 301호 (한강로1가)",서울 용산구 한강로1가 199-1,CDFI2262212023000075,2023-10-06,영업/정상(영업중),37.5337700384656,126.973933878186,2
Stellaish Home,외국인관광도시민박업,"서울특별시 용산구 청파로85가길 10-4, B동 304호 (서계동)",서울 용산구 서계동 33-56,CDFI2262212023000040,2023-06-27,영업/정상(영업중),37.5523855377732,126.967874114342,31
유니언,외국인관광도시민박업,"서울특별시 마포구 동교로27길 27-10, 101호 (동교동)",서울 마포구 동교동 204-11,CDFI2262212024000209,2024-08-13,영업/정상(영업중),37.5591683332292,126.922054769896,2
꿈의 숲(Dream Forest),외국인관광도시민박업,"서울특별시 성북구 한천로101길 18, 202동 1401호 (장위동, 참누리아파트)",서울 성북구 장위동 316-5,CDFI2262212018000002,2018-03-06,영업/정상(영업중),37.6227699340004,127.049306262184,2
Stay Haap(스테이 합),외국인관광도시민박업,"서울특별시 용산구 청파로85가길 10-4, B동 502호 (서계동)",서울 용산구 서계동 33-56,CDFI2262212023000038,2023-06-27,영업/정상(영업중),37.5523855377732,126.967874114342,31
한강뷰(Han river View),외국인관광도시민박업,"서울특별시 용산구 이촌로 1, 2401호 (한강로3가, GS한강에클라트)",서울 용산구 한강로3가 16-85,CDFI2262212012000003,2012-06-25,영업/정상(영업중),37.5313838478733,126.955345962773,2
롬바드하우스,외국인관광도시민박업,"[121-842] 서울특별시 마포구 동교로16길 17, 4층 (서교동)",서울 마포구 서교동 466-6,CDFI2262212014000011,2014-12-11,영업/정상(영업중),37.5542262595473,126.915864910422,2
R house,외국인관광도시민박업,"서울특별시 용산구 녹사평대로46길 16, 3층 (이태원동)",서울 용산구 이태원동 336-1,CDFI2262212021000010,2021-05-28,영업/정상(영업중),37.5371858036224,126.987678993077,3
JuJu house,외국인관광도시민박업,"서울특별시 용산구 한강대로62길 23-3, 1층 (한강로1가)",서울 용산구 한강로1가 199-1,CDFI2262212023000079,2023-10-16,영업/정상(영업중),37.5337700384656,126.973933878186,2
Bliss penthouse,외국인관광도시민박업,"서울특별시 마포구 어울마당로 122-1, 4~5층 (서교동)",서울 마포구 서교동 346-42,CDFI2262212012000009,2012-10-18,영업/정상(영업중),37.5554374460952,126.923930316307,2
스튜디오41,외국인관광도시민박업,"서울특별시 마포구 성미산로22길 32, 2~3층 (연남동)",서울 마포구 연남동 561-41,CDFI2262212012000015,2012-07-31,영업/정상(영업중),37.5615183220117,126.921524664901,2
가온2,외국인관광도시민박업,"서울특별시 마포구 동교로 179-5, 1층 (동교동)",서울 마포구 동교동 201-22,CDFI2262212022000049,2022-08-05,영업/정상(영업중),37.5568265557938,126.921246080956,3
코지스테이 인 신촌,외국인관광도시민박업,"서울특별시 마포구 고산2길 33, 101호 (노고산동)",서울 마포구 노고산동 12-209,CDFI2262212023000171,2023-11-20,영업/정상(영업중),37.5537458227922,126.939334803192,2
써니사이드,외국인관광도시민박업,"서울특별시 마포구 신촌로4길 8, 3층 (동교동)",서울 마포구 동교동 175-1,CDFI2262212022000042,2022-07-08,영업/정상(영업중),37.557576784811,126.928414460213,2
다올,외국인관광도시민박업,"서울특별시 마포구 동교로 212-26, 1~2층 (동교동)",서울 마포구 동교동 153-17,CDFI2262212018000098,2018-11-14,영업/정상(영업중),37.5593416401957,126.924481265072,4
모노홈,외국인관광도시민박업,"서울특별시 마포구 신촌로6길 17-8, 301호 (동교동)",서울 마포구 동교동 181-10,CDFI2262212022000048,2022-08-04,영업/정상(영업중),37.5565413154671,126.930299701191,3
만두 게스트하우스,외국인관광도시민박업,"[121-865] 서울특별시 마포구 성미산로28길 27, 2층 (연남동)",서울 마포구 연남동 255-7,CDFI2262212015000075,2015-03-18,영업/정상(영업중),37.5629058052444,126.923366986917,2
T HOUSE,외국인관광도시민박업,서울특별시 마포구 동교로27길 93-8 (연남동),서울 마포구 연남동 493-10,CDFI2262212017000008,2017-01-25,영업/정상(영업중),37.5614484116049,126.919395098051,3
오렌지 하우스,외국인관광도시민박업,"서울특별시 용산구 청파로85가길 10-4, B동 302호 (서계동)",서울 용산구 서계동 33-56,CDFI2262212023000036,2023-06-22,영업/정상(영업중),37.5523855377732,126.967874114342,31
서울맨션2,외국인관광도시민박업,"[121-816] 서울특별시 마포구 양화로23길 4-21, 2~3층 (동교동)",서울 마포구 동교동 147-44,CDFI2262212015000073,2015-04-02,영업/정상(영업중),37.5594841751017,126.926042544761,4
Namsan Fresh House,외국인관광도시민박업,서울특별시 용산구 신흥로11길 7 (용산동2가),서울 용산구 용산동2가 37,CDFI2262212016000015,2016-06-22,영업/정상(영업중),37.543178576459,126.987224482448,2
와우힐즈 게스트하우스,외국인관광도시민박업,[121-880] 서울특별시 마포구 와우산로24길 35 (창전동),서울 마포구 창전동 6-86,CDFI2262212013000028,2013-03-22,영업/정상(영업중),37.5521737805805,126.926665291975,2
소쥬1,외국인관광도시민박업,"서울특별시 마포구 월드컵북로6길 19-6, 지1층 (연남동)",서울 마포구 연남동 570-35,CDFI2262212018000015,2018-02-14,영업/정상(영업중),37.5584971127543,126.919668319909,3
해피트리 게스트하우스 2호점,외국인관광도시민박업,"[121-836] 서울특별시 마포구 와우산로29다길 15, 202호 (서교동)",서울 마포구 서교동 335-23,CDFI2262212014000017,2014-11-06,영업/정상(영업중),37.5547888194553,126.927660117343,5
Solip house,외국인관광도시민박업,"서울특별시 용산구 녹사평대로40다길 17, 1층 (이태원동)",서울 용산구 이태원동 451-1,CDFI2262212023000016,2023-05-15,영업/정상(영업중),37.5352631163327,126.989082054449,3
우디하우스,외국인관광도시민박업,"서울특별시 용산구 청파로85가길 10-4, B동 203호 (서계동)",서울 용산구 서계동 33-56,CDFI2262212023000035,2023-06-22,영업/정상(영업중),37.5523855377732,126.967874114342,31
다온하우스,외국인관광도시민박업,"[121-816] 서울특별시 마포구 양화로23길 16-6, 1층 (동교동)",서울 마포구 동교동 147-67,CDFI2262212014000016,2014-11-07,영업/정상(영업중),37.5594039326794,126.925527092278,2
우드앤캄,외국인관광도시민박업,"서울특별시 용산구 청파로85가길 10-4, B동 501호 (서계동)",서울 용산구 서계동 33-56,CDFI2262212023000034,2023-06-22,영업/정상(영업중),37.5523855377732,126.967874114342,31
하우스(HA;US),외국인관광도시민박업,서울특별시 용산구 우사단로10길 68 (보광동),서울 용산구 보광동 265-949,CDFI2262212014000002,2014-02-07,영업/정상(영업중),37.5322417499659,126.999037645744,2
소쥬2,외국인관광도시민박업,"서울특별시 마포구 월드컵북로6길 19-6, 1층 (연남동)",서울 마포구 연남동 570-35,CDFI2262212018000014,2018-02-14,영업/정상(영업중),37.5584971127543,126.919668319909,3
BOKDEOKBANG,외국인관광도시민박업,"서울특별시 마포구 와우산로29길 26-33, 101호 (서교동)",서울 마포구 서교동 328-18,CDFI2262212018000016,2018-03-02,영업/정상(영업중),37.5552687128652,126.928584503751,3
Modern House,외국인관광도시민박업,"서울특별시 용산구 청파로85가길 10-4, B동 202호 (서계동)",서울 용산구 서계동 33-56,CDFI2262212023000041,2023-06-27,영업/정상(영업중),37.5523855377732,126.967874114342,31
미호재 둘,외국인관광도시민박업,"서울특별시 마포구 동교로25길 9, 지하1층 101호 (동교동)",서울 마포구 동교동 201-11,CDFI2262212023000041,2023-05-02,영업/정상(영업중),37.5575417823091,126.921810871194,5
Elly's Guest House,외국인관광도시민박업,"서울특별시 마포구 성미산로26길 8, 201호 (연남동, 올인빌라)",서울 마포구 연남동 252-9,CDFI2262212016000052,2016-08-12,영업/정상(영업중),37.5634143168404,126.922248194459,2
호랑 게스트하우스,외국인관광도시민박업,"서울특별시 마포구 새터산9길 19, 지층 102호 (성산동)",서울 마포구 성산동 200-339,CDFI2262212024000067,2024-04-16,영업/정상(영업중),37.5656642722088,126.906004624239,5
Fave stay #2,외국인관광도시민박업,"서울특별시 마포구 홍익로2길 27-20, 2층 (서교동)",서울 마포구 서교동 346-16,CDFI2262212023000042,2023-05-02,영업/정상(영업중),37.5554592653417,126.924374612704,2
구 하우스,외국인관광도시민박업,"서울특별시 마포구 동교로27길 27-3, 301호 (동교동)",서울 마포구 동교동 204-12,CDFI2262212023000075,2023-06-26,영업/정상(영업중),37.5590920493628,126.921964645822,3
LikeU,외국인관광도시민박업,"[121-836] 서울특별시 마포구 와우산로35길 53, 5층 (서교동)",서울 마포구 서교동 330-1,CDFI2262212015000055,2015-05-20,영업/정상(영업중),37.5564460055054,126.927924476281,3
서울 스위트,외국인관광도시민박업,"서울특별시 동대문구 장안벚꽃로1길 7, 1008동 1201호 (장안동, 장안 힐스테이트)",서울 동대문구 장안동 329-2,CDFI2262212012000002,2012-05-31,영업/정상(영업중),37.5763379008361,127.074572635161,3
VERDI GUESTHOUSE,외국인관광도시민박업,서울특별시 동대문구 휘경로 61-5 (휘경동),서울 동대문구 휘경동 148-63,CDFI2262212015000001,2015-02-11,영업/정상(영업중),37.5945412715637,127.06662013329,2
OH House,외국인관광도시민박업,"[121-869] 서울특별시 마포구 월드컵북로6길 87, 302호 (연남동)",서울 마포구 연남동 567-30,CDFI2262212014000041,2014-07-21,영업/정상(영업중),37.5602850137413,126.92257989664,2
스테이 카키,외국인관광도시민박업,서울특별시 용산구 이태원로36길 19-8 (한남동),서울 용산구 한남동 686-11,CDFI2262212012000005,2012-08-27,영업/정상(영업중),37.5340206903586,126.999932002275,2
홍대빅,외국인관광도시민박업,"서울특별시 마포구 와우산로25길 22, 1층 1-B호 (서교동, 협화빌라)",서울 마포구 서교동 340-12,CDFI2262212022000088,2022-12-20,영업/정상(영업중),37.5542820679405,126.926155425259,6
아트하우스,외국인관광도시민박업,"서울특별시 마포구 연남로1길 25, 3층 (연남동, 아트주택)",서울 마포구 연남동 567-44,CDFI2262212013000015,2013-07-31,영업/정상(영업중),37.5602623058471,126.921755625722,2
시온게스트하우스,외국인관광도시민박업,서울특별시 용산구 한남대로27가길 26-10 (한남동),서울 용산구 한남동 729-10,CDFI2262212012000006,2012-10-22,영업/정상(영업중),37.5379697385529,127.00297791429,2
Happy tree guesthouse,외국인관광도시민박업,"서울특별시 마포구 와우산로29다길 15, 201호 (서교동, 명신주택)",서울 마포구 서교동 335-23,CDFI2262212013000005,2013-12-18,영업/정상(영업중),37.5547888194553,126.927660117343,5
Quest House,외국인관광도시민박업,"서울특별시 마포구 성미산로16길 13, 지층 (연남동)",서울 마포구 연남동 487-252,CDFI2262212016000063,2016-10-14,영업/정상(영업중),37.5605663507549,126.918237300486,3
써니힐게스트하우스 홍대,외국인관광도시민박업,"서울특별시 마포구 연남로5길 6-6, 501호 (연남동, 루하우스)",서울 마포구 연남동 509-19,CDFI2262212016000067,2016-10-27,영업/정상(영업중),37.5625175425075,126.921277215201,2
코코아,외국인관광도시민박업,서울특별시 마포구 와우산로17길 19-9 (서교동),서울 마포구 서교동 409-19,CDFI2262212016000028,2016-05-25,영업/정상(영업중),37.5497882345776,126.921792717037,4
코코아2,외국인관광도시민박업,"서울특별시 마포구 와우산로17길 19-9, 4층 (서교동)",서울 마포구 서교동 409-19,CDFI2262212017000086,2017-10-18,영업/정상(영업중),37.5497882345776,126.921792717037,4
상진하우스,외국인관광도시민박업,"서울특별시 마포구 동교로27길 93-9, 401호 (연남동)",서울 마포구 연남동 493-17,CDFI2262212019000113,2019-09-19,영업/정상(영업중),37.5612777375638,126.919358044995,6
Q 하우스,외국인관광도시민박업,"서울특별시 마포구 신촌로2안길 47, 303호 (동교동)",서울 마포구 동교동 178-7,CDFI2262212017000083,2017-09-25,영업/정상(영업중),37.5567430739298,126.929582887291,6
윈윈 하우스,외국인관광도시민박업,"서울특별시 용산구 소월로2길 35, 5층 (후암동)",서울 용산구 후암동 446-33,CDFI2262212023000013,2023-05-04,영업/정상(영업중),37.5534638516492,126.976701391924,2
Dream House,외국인관광도시민박업,"[121-842] 서울특별시 마포구 잔다리로 78, 4층 (서교동)",서울 마포구 서교동 465-11,CDFI2262212013000023,2013-04-29,영업/정상(영업중),37.5545222777459,126.916429418726,2
나이브 하우스,외국인관광도시민박업,"서울특별시 용산구 이태원로17길 15-10, 지층 (이태원동)",서울 용산구 이태원동 166-5,CDFI2262212022000026,2022-11-23,영업/정상(영업중),37.5353072450743,126.990975947285,2
쥬앤,외국인관광도시민박업,"서울특별시 용산구 녹사평대로26나길 14, 1층 (이태원동)",서울 용산구 이태원동 96-114,CDFI2262212019000020,2019-05-24,영업/정상(영업중),37.5320404931729,126.993905709496,2
DW STAY2,외국인관광도시민박업,"서울특별시 마포구 연남로1길 8-12, 2층 (연남동)",서울 마포구 연남동 566-52,CDFI2262212019000032,2019-04-08,영업/정상(영업중),37.5611772063566,126.922071239006,2
MIN HOUSE,외국인관광도시민박업,"서울특별시 용산구 소월로2길 35, 4층 (후암동)",서울 용산구 후암동 446-33,CDFI2262212019000017,2019-04-23,영업/정상(영업중),37.5534638516492,126.976701391924,2
숙이네민박(Sookhouse),외국인관광도시민박업,"서울특별시 용산구 우사단로10가길 7, B101호 (이태원동)",서울 용산구 이태원동 137-24,CDFI2262212023000083,2023-11-08,영업/정상(영업중),37.5335238373133,126.99688298688,3
DW STAY3,외국인관광도시민박업,"서울특별시 마포구 연남로1길 8-12, 3층 (연남동)",서울 마포구 연남동 566-52,CDFI2262212019000031,2019-04-08,영업/정상(영업중),37.5611772063566,126.922071239006,2
말람홈_화이트,외국인관광도시민박업,"서울특별시 마포구 연남로1길 24-11, 301호 (연남동)",서울 마포구 연남동 566-16,CDFI2262212023000148,2023-10-31,영업/정상(영업중),37.5607291741082,126.921306486743,4
Your Dream House 2,외국인관광도시민박업,"서울특별시 마포구 와우산로37길 38, 301호 (동교동, 동진빌라)",서울 마포구 동교동 177-19,CDFI2262212023000019,2023-03-21,영업/정상(영업중),37.5566768699791,126.929013338828,5
기천하우스,외국인관광도시민박업,"서울특별시 용산구 우사단로10가길 7, B102호 (이태원동)",서울 용산구 이태원동 137-24,CDFI2262212023000082,2023-11-08,영업/정상(영업중),37.5335238373133,126.99688298688,3
멍 스테이,외국인관광도시민박업,"서울특별시 용산구 효창원로94다길 16, 4층 (청파동1가)",서울 용산구 청파동1가 201-5,CDFI2262212024000023,2024-04-26,영업/정상(영업중),37.5489131056448,126.964468705177,2
Seoulwise,외국인관광도시민박업,서울특별시 마포구 월드컵북로6길 82-7 (동교동),서울 마포구 동교동 197-29,CDFI2262212012000007,2012-11-08,영업/정상(영업중),37.559816826392,126.922810136357,2
Yuz house,외국인관광도시민박업,"서울특별시 마포구 연남로1길 79, B01호 (연남동)",서울 마포구 연남동 570-6,CDFI2262212020000058,2020-07-13,영업/정상(영업중),37.5588067111288,126.919295177848,3
공간 온유,외국인관광도시민박업,"서울특별시 용산구 청파로73길 96, 지하1층 (서계동)",서울 용산구 서계동 33-43,CDFI2262212020000020,2020-06-26,영업/정상(영업중),37.5521331862552,126.966007737188,2
Julie's house,외국인관광도시민박업,"서울특별시 마포구 양화로23길 16-2, 2층 (동교동)",서울 마포구 동교동 147-69,CDFI2262212021000051,2021-08-09,영업/정상(영업중),37.5592409644676,126.925419394824,2
웰컴투공덕,외국인관광도시민박업,"서울특별시 마포구 새창로6가길 18, 지층 102호 (도화동)",서울 마포구 도화동 4-78,CDFI2262212024000104,2024-05-17,영업/정상(영업중),37.5412414086084,126.953668718172,4
라라스테이,외국인관광도시민박업,"서울특별시 용산구 청파로85가길 22, 1층 (서계동)",서울 용산구 서계동 33-84,CDFI2262212021000023,2021-08-27,영업/정상(영업중),37.5521711725505,126.967480040818,2
다나카 하우스,외국인관광도시민박업,"서울특별시 마포구 와우산로11길 9-13, 1층 (상수동)",서울 마포구 상수동 145-10,CDFI2262212023000010,2023-02-09,영업/정상(영업중),37.5483209875327,126.922519848335,2
슈기 BNB,외국인관광도시민박업,"서울특별시 마포구 신촌로2안길 12, 202호 (동교동)",서울 마포구 동교동 176-17,CDFI2262212020000054,2020-06-25,영업/정상(영업중),37.557378541512,126.927783352702,4
이태원스테이(ITAEWON STAY),외국인관광도시민박업,"서울특별시 용산구 이태원로23길 21, 2,3층 (이태원동)",서울 용산구 이태원동 116-10,CDFI2262212021000021,2021-08-13,영업/정상(영업중),37.53536744328,126.992419079086,3
JULIE'S PLACE,외국인관광도시민박업,"서울특별시 마포구 양화로23길 16-2, 1층 (동교동)",서울 마포구 동교동 147-69,CDFI2262212021000054,2021-08-30,영업/정상(영업중),37.5592409644676,126.925419394824,2
킵아워 하우스,외국인관광도시민박업,"서울특별시 마포구 월드컵북로8길 23, 401호 (연남동)",서울 마포구 연남동 487-410,CDFI2262212022000016,2022-03-23,영업/정상(영업중),37.5595573115744,126.918479135997,6
해피트리 게스트하우스 3호점,외국인관광도시민박업,"서울특별시 마포구 와우산로29다길 15, 301호 (서교동, 명신주택)",서울 마포구 서교동 335-23,CDFI2262212020000035,2020-04-14,영업/정상(영업중),37.5547888194553,126.927660117343,5
문스테이(MOON스테이),외국인관광도시민박업,"서울특별시 용산구 청파로85가길 22, 2층 (서계동)",서울 용산구 서계동 33-84,CDFI2262212021000022,2021-08-27,영업/정상(영업중),37.5521711725505,126.967480040818,2
JS house2,외국인관광도시민박업,"서울특별시 마포구 연희로1길 30-3, 1층 201호 (동교동)",서울 마포구 동교동 113-26,CDFI2262212020000052,2020-06-22,영업/정상(영업중),37.5604230745813,126.925852265141,5
플랫스테이,외국인관광도시민박업,"서울특별시 마포구 와우산로33길 49, B02호 (서교동)",서울 마포구 서교동 328-1,CDFI2262212021000025,2021-05-26,영업/정상(영업중),37.5560900003152,126.927889848305,4
메이플라워,외국인관광도시민박업,"서울특별시 마포구 양화로21길 17, 3층 (동교동)",서울 마포구 동교동 154-2,CDFI2262212021000023,2021-04-23,영업/정상(영업중),37.558996833997,126.92491338982,2
슈슈하우스,외국인관광도시민박업,"서울특별시 마포구 동교로38길 26-16, 지하1층 왼쪽호 (연남동)",서울 마포구 연남동 390-53,CDFI2262212019000105,2019-09-17,영업/정상(영업중),37.5616075132306,126.925120270961,6
서울힐링하우스,외국인관광도시민박업,"서울특별시 마포구 포은로2나길 32, 201호 (합정동)",서울 마포구 합정동 391-37,CDFI2262212021000013,2021-02-23,영업/정상(영업중),37.5507890750656,126.909100864816,3
Two Two House,외국인관광도시민박업,"[121-865] 서울특별시 마포구 동교로 242-9, 1~2층 (연남동)",서울 마포구 연남동 260-10,CDFI2262212015000087,2015-01-20,영업/정상(영업중),37.5615251624617,126.924837170697,2
"쉬다, 가게",외국인관광도시민박업,"서울특별시 마포구 독막로22길 1-14, 지층 1호 (창전동)",서울 마포구 창전동 199-1,CDFI2262212023000079,2023-06-30,영업/정상(영업중),37.5470147545711,126.930082364285,2
쯔요시노이에(tuyosinoie),외국인관광도시민박업,"서울특별시 용산구 후암로30길 17, 노바펠리스 401호 (후암동)",서울 용산구 후암동 60-12,CDFI2262212013000001,2013-05-15,영업/정상(영업중),37.5505404917605,126.978215330502,3
Lee House 2,외국인관광도시민박업,"서울특별시 마포구 와우산로33길 39, 101호 (서교동)",서울 마포구 서교동 328-2,CDFI2262212023000116,2023-08-31,영업/정상(영업중),37.5558773320922,126.928279711266,2
"STAY SEUL, Sangsu",외국인관광도시민박업,"서울특별시 마포구 와우산로5길 25-9, 202호 (상수동, 범일빌라)",서울 마포구 상수동 335-39,CDFI2262212024000075,2024-04-22,영업/정상(영업중),37.5465256981554,126.921354575892,2
JS house1,외국인관광도시민박업,"서울특별시 마포구 연희로1길 30-3, 2층 301호 (동교동)",서울 마포구 동교동 113-26,CDFI2262212020000055,2020-06-30,영업/정상(영업중),37.5604230745813,126.925852265141,5
와이제이그린하우스,외국인관광도시민박업,"서울특별시 마포구 어울마당로 136-10, 4층 (서교동)",서울 마포구 서교동 347-3,CDFI2262212022000087,2022-12-15,영업/정상(영업중),37.5557372588322,126.925137688867,3
서원,외국인관광도시민박업,"서울특별시 마포구 동교로27길 27-10, 201호 (동교동)",서울 마포구 동교동 204-7,CDFI2262212022000083,2022-12-08,영업/정상(영업중),37.5590788798606,126.921669941898,4
유니게르(uniger),외국인관광도시민박업,"서울특별시 중랑구 동일로101길 6-3, 지층 우측호 (면목동)",서울 중랑구 면목동 180-83,CDFI2262212023000003,2023-05-12,영업/정상(영업중),37.5893417973853,127.079346250341,2
JS house3,외국인관광도시민박업,"서울특별시 마포구 연희로1길 30-3, 지층 101호 (동교동)",서울 마포구 동교동 113-26,CDFI2262212020000056,2020-06-30,영업/정상(영업중),37.5604230745813,126.925852265141,5
나로하우스,외국인관광도시민박업,"서울특별시 마포구 동교로27길 60-5, 1,2층 (연남동)",서울 마포구 연남동 566-4,CDFI2262212022000012,2022-03-14,영업/정상(영업중),37.560654870899,126.921214888114,2
댓 하우스,외국인관광도시민박업,"서울특별시 용산구 이태원로16길 21-20, 객실:1개 지하1층 (이태원동)",서울 용산구 이태원동 76-2,CDFI2262212018000010,2018-04-11,영업/정상(영업중),37.5331681744336,126.992176956496,3
Kw 홍대 Line,외국인관광도시민박업,"[121-865] 서울특별시 마포구 동교로 242-11, 201호 (연남동)",서울 마포구 연남동 260-9,CDFI2262212014000023,2014-10-23,영업/정상(영업중),37.5615079524592,126.924977307921,2
가든하우스,외국인관광도시민박업,서울특별시 마포구 월드컵북로23길 20 (성산동),서울 마포구 성산동 58-12,CDFI2262212016000033,2016-06-08,영업/정상(영업중),37.5643132756361,126.911065881823,2
B&B House,외국인관광도시민박업,"서울특별시 용산구 청파로93길 18, 나동 302호 (서계동, 에스에스빌라)",서울 용산구 서계동 223-41,CDFI2262212023000072,2023-09-25,영업/정상(영업중),37.5543867527078,126.967905169733,3
로이하우스,외국인관광도시민박업,"서울특별시 마포구 동교로41길 14, 2층 (연남동)",서울 마포구 연남동 229-45,CDFI2262212018000001,2018-01-03,영업/정상(영업중),37.5630845291382,126.924011731324,2
남산 진주스테이,외국인관광도시민박업,"서울특별시 용산구 두텁바위로 116, 201호 (후암동)",서울 용산구 후암동 353-12,CDFI2262212024000036,2024-06-17,영업/정상(영업중),37.5492524417663,126.98206927873,3
카메 게스트하우스,외국인관광도시민박업,서울특별시 용산구 이태원로16길 21-8 (이태원동),서울 용산구 이태원동 76-4,CDFI2262212016000019,2016-07-25,영업/정상(영업중),37.5332770907151,126.991957453812,2
조이하우스1,외국인관광도시민박업,"서울특별시 마포구 와우산로37길 38, 202호 (동교동, 동진빌라)",서울 마포구 동교동 177-19,CDFI2262212023000130,2023-09-18,영업/정상(영업중),37.5566768699791,126.929013338828,5
KORY GUESTHOUSE,외국인관광도시민박업,"서울특별시 동대문구 답십리로23나길 18, 2층 (전농동)",서울 동대문구 전농동 213-3,CDFI2262212016000004,2016-05-19,영업/정상(영업중),37.5798696089369,127.052691474977,2
벙크2 게스트하우스,외국인관광도시민박업,"서울특별시 마포구 와우산로29라길 19-1, 1층 (서교동)",서울 마포구 서교동 334-34,CDFI2262212016000047,2016-07-27,영업/정상(영업중),37.5549074258628,126.927131147514,4
써니힐게스트하우스,외국인관광도시민박업,"서울특별시 마포구 동교로27길 60-3, 201호 (연남동)",서울 마포구 연남동 566-5,CDFI2262212016000026,2016-05-18,영업/정상(영업중),37.5605773816841,126.921074738337,4
카레집 1,외국인관광도시민박업,"서울특별시 동대문구 서울시립대로27길 43, 3층 (전농동)",서울 동대문구 전농동 103-160,CDFI2262212017000001,2017-01-02,영업/정상(영업중),37.584586267695,127.052380847317,2
ZEA House,외국인관광도시민박업,서울특별시 용산구 만리재로24길 42-1 (서계동),서울 용산구 서계동 246-7,CDFI2262212024000027,2024-05-22,영업/정상(영업중),37.5520739440869,126.965536191986,3
공덕 스테이 마실,외국인관광도시민박업,"서울특별시 마포구 새창로4가길 11, 지층 1호 (도화동)",서울 마포구 도화동 38-18,CDFI2262212023000159,2023-11-10,영업/정상(영업중),37.5416668968203,126.952400354634,2
guesthouse pajamaparty,외국인관광도시민박업,서울특별시 마포구 성미산로 157-6 (연남동),서울 마포구 연남동 240-10,CDFI2262212016000049,2016-07-28,영업/정상(영업중),37.5649357849245,126.923699829873,2
조이스테이2,외국인관광도시민박업,"서울특별시 마포구 월드컵북로4길 71, 201호 (동교동)",서울 마포구 동교동 197-6,CDFI2262212023000160,2023-11-10,영업/정상(영업중),37.5592522623236,126.922535806765,2
딥서울 게스트하우스,외국인관광도시민박업,서울특별시 마포구 양화로23길 16-4 (동교동),서울 마포구 동교동 147-68,CDFI2262212016000046,2016-07-11,영업/정상(영업중),37.5593227186351,126.925472847096,2
도화멘션,외국인관광도시민박업,"서울특별시 마포구 새창로6나길 27, 102호 (도화동)",서울 마포구 도화동 1-10,CDFI2262212020000041,2020-05-12,영업/정상(영업중),37.5411367344086,126.954186904647,3
쏘피하우스,외국인관광도시민박업,"서울특별시 마포구 월드컵로17길 78, 201호 (망원동)",서울 마포구 망원동 57-272,CDFI2262212024000105,2024-05-17,영업/정상(영업중),37.5540596578708,126.90708267112,2
감자 게스트하우스,외국인관광도시민박업,"서울특별시 마포구 신촌로2안길 44, 2층 (동교동)",서울 마포구 동교동 177-8,CDFI2262212016000048,2016-07-27,영업/정상(영업중),37.5566659851971,126.92934257575,2
SARA HOME,외국인관광도시민박업,"서울특별시 마포구 연남로3길 43-7, 102호 (연남동, 그랜드빌라)",서울 마포구 연남동 565-17,CDFI2262212018000051,2018-07-19,영업/정상(영업중),37.5601273539924,126.920567372546,2
롱램,외국인관광도시민박업,"서울특별시 용산구 보광로55길 19, 202호 (이태원동)",서울 용산구 이태원동 79-3,CDFI2262212021000006,2021-04-05,영업/정상(영업중),37.5329252419487,126.993272736162,2
준 게스트하우스,외국인관광도시민박업,"서울특별시 마포구 와우산로29나길 24-3, 지하1층 (서교동)",서울 마포구 서교동 335-36,CDFI2262212015000069,2015-04-23,영업/정상(영업중),37.554420424205,126.927550130954,5
호 홈텔,외국인관광도시민박업,"[121-896] 서울특별시 마포구 월드컵로10길 5-5, 3층 (서교동)",서울 마포구 서교동 476-17,CDFI2262212015000071,2015-04-08,영업/정상(영업중),37.5547279994019,126.911877175237,2
프로젝트 드라곤,외국인관광도시민박업,"서울특별시 마포구 새창로 24, 301호 (도화동)",서울 마포구 도화동 26-1,CDFI2262212024000053,2024-03-27,영업/정상(영업중),37.5418201618581,126.952636859592,2
하우스_윗,외국인관광도시민박업,"서울특별시 성북구 삼선교로 46-9, 301호 (삼선동3가)",서울 성북구 삼선동3가 5-8,CDFI2262212024000023,2024-08-22,영업/정상(영업중),37.5881331116425,127.011338473799,2
Mei House,외국인관광도시민박업,"서울특별시 마포구 동교로17안길 39, 201호 (서교동, 청기와빌라)",서울 마포구 서교동 448-32,CDFI2262212016000079,2016-11-29,영업/정상(영업중),37.5563331971556,126.918107813876,3
아이브이 게스트하우스,외국인관광도시민박업,"서울특별시 마포구 동교로39길 4-7, 지층 102호 (연남동)",서울 마포구 연남동 255-32,CDFI2262212024000022,2024-01-30,영업/정상(영업중),37.5624829187988,126.923708896125,2
IN_Ja house2,외국인관광도시민박업,"서울특별시 마포구 도화2길 29, 1층 (도화동)",서울 마포구 도화동 346-3,CDFI2262212024000030,2024-02-06,영업/정상(영업중),37.5394545954195,126.949610031483,2
스테이 위드 연남,외국인관광도시민박업,"서울특별시 마포구 동교로 278-1, 2층 301호 (연남동)",서울 마포구 연남동 224-22,CDFI2262212024000038,2024-02-28,영업/정상(영업중),37.5640644198625,126.926522115179,3
하안 하우스,외국인관광도시민박업,"서울특별시 마포구 새창로4가길 11, 1층 (도화동)",서울 마포구 도화동 38-18,CDFI2262212024000031,2024-02-07,영업/정상(영업중),37.5416668968203,126.952400354634,2
H.Studio,외국인관광도시민박업,"서울특별시 마포구 와우산로21길 31-12, 3층 (서교동)",서울 마포구 서교동 364-20,CDFI2262212024000029,2024-02-06,영업/정상(영업중),37.5519208459622,126.921851486228,2
살구네,외국인관광도시민박업,"서울특별시 마포구 와우산로33길 36, 101호 (서교동, 한일빌리지)",서울 마포구 서교동 329-12,CDFI2262212017000085,2017-10-13,영업/정상(영업중),37.5559295760964,126.928703158548,4
쿰 하우스,외국인관광도시민박업,"서울특별시 마포구 양화로23길 30-1, B02호 (동교동)",서울 마포구 동교동 148-17,CDFI2262212021000057,2021-10-13,영업/정상(영업중),37.5597885998739,126.925149707169,3
퍼플 게스트하우스,외국인관광도시민박업,"서울특별시 용산구 만리재로40길 22, 2,3층 (서계동)",서울 용산구 서계동 223-5,CDFI2262212021000025,2021-10-18,영업/정상(영업중),37.554472609089,126.968542403772,2
해피 하우스,외국인관광도시민박업,"서울특별시 마포구 방울내로9길 34, 102호 (망원동)",서울 마포구 망원동 471-4,CDFI2262212024000108,2024-05-21,영업/정상(영업중),37.5619274638303,126.903085685912,5
스너그 제이,외국인관광도시민박업,"서울특별시 동대문구 안암로22길 13-6, 1층 201호 (제기동)",서울 동대문구 제기동 137-6,CDFI2262212024000015,2024-05-13,영업/정상(영업중),37.588244473628,127.035739518128,2
힐링 하우스,외국인관광도시민박업,"서울특별시 마포구 방울내로9길 34, 202호 (망원동)",서울 마포구 망원동 471-4,CDFI2262212024000109,2024-05-21,영업/정상(영업중),37.5619274638303,126.903085685912,5
30 second,외국인관광도시민박업,"서울특별시 마포구 와우산로29길 56-14, 101호 (서교동)",서울 마포구 서교동 330-11,CDFI2262212018000053,2018-07-27,영업/정상(영업중),37.556041611948,126.927148151001,3
말랑홈_그린,외국인관광도시민박업,"서울특별시 마포구 연남로1길 24-11, 101호 (연남동)",서울 마포구 연남동 566-16,CDFI2262212022000060,2022-09-19,영업/정상(영업중),37.5607291741082,126.921306486743,4
지니 스테이,외국인관광도시민박업,"서울특별시 동대문구 고산자로 516-1, 301호 (제기동)",서울 동대문구 제기동 695,CDFI2262212024000027,2024-08-14,영업/정상(영업중),37.5857392960756,127.038775425346,10
니트하우스 마포,외국인관광도시민박업,"서울특별시 마포구 양화로15안길 7, 지층 왼쪽호 (서교동)",서울 마포구 서교동 375-42,CDFI2262212023000048,2023-05-16,영업/정상(영업중),37.5542791797792,126.919002532481,4
게스트하우스 파라솔,외국인관광도시민박업,"서울특별시 마포구 양화진4길 4-4, 1층 (합정동)",서울 마포구 합정동 378-42,CDFI2262212018000059,2018-08-22,영업/정상(영업중),37.5475361543317,126.912134144647,2
링하우스,외국인관광도시민박업,"서울특별시 용산구 청파로93길 18, 202호 (서계동, 에스에스빌라)",서울 용산구 서계동 223-41,CDFI2262212024000043,2024-07-25,영업/정상(영업중),37.5543867527078,126.967905169733,3
J-Park Story,외국인관광도시민박업,"서울특별시 마포구 성미산로17길 59, 2층 (연남동)",서울 마포구 연남동 487-51,CDFI2262212024000045,2024-03-15,영업/정상(영업중),37.5640987272892,126.917489465771,3
연남 끝자락,외국인관광도시민박업,"서울특별시 마포구 동교로51길 115, 3층 (연남동)",서울 마포구 연남동 453-18,CDFI2262212023000094,2023-07-25,영업/정상(영업중),37.5663429086611,126.920615217332,2
로브그리에 연남,외국인관광도시민박업,"서울특별시 마포구 양화로23길 22-6, 202호 (동교동)",서울 마포구 동교동 147-24,CDFI2262212022000018,2022-03-28,영업/정상(영업중),37.5594918636836,126.92537443886,2
스페이스로그,외국인관광도시민박업,"서울특별시 마포구 연남로3길 49, 지1층 B1호 (연남동)",서울 마포구 연남동 565-8,CDFI2262212023000039,2023-04-29,영업/정상(영업중),37.5601998331569,126.920224358629,4
L&Y Stay,외국인관광도시민박업,"서울특별시 마포구 와우산로35길 9-8, 201호 (서교동)",서울 마포구 서교동 326-27,CDFI2262212023000016,2023-02-27,영업/정상(영업중),37.5556558391911,126.929732054666,3
다올1,외국인관광도시민박업,"서울특별시 마포구 동교로 212-26, 지1층 101호 (동교동)",서울 마포구 동교동 153-17,CDFI2262212023000015,2023-02-27,영업/정상(영업중),37.5593416401957,126.924481265072,4
다올2,외국인관광도시민박업,"서울특별시 마포구 동교로 212-26, 지1층 102호 (동교동)",서울 마포구 동교동 153-17,CDFI2262212023000014,2023-02-27,영업/정상(영업중),37.5593416401957,126.924481265072,4
Park House,외국인관광도시민박업,"서울특별시 마포구 와우산로33길 39, 202호 (서교동)",서울 마포구 서교동 328-2,CDFI2262212023000126,2023-09-14,영업/정상(영업중),37.5558773320922,126.928279711266,2
도담도담,외국인관광도시민박업,"서울특별시 용산구 우사단로4길 22-5, 1층 (보광동)",서울 용산구 보광동 265-406,CDFI2262212021000008,2021-05-06,영업/정상(영업중),37.5312339670229,126.997999628891,2
파크애비뉴,외국인관광도시민박업,"[121-865] 서울특별시 마포구 성미산로26길 32-2, 2층 (연남동)",서울 마포구 연남동 257-12,CDFI2262212014000050,2014-04-04,영업/정상(영업중),37.5624748835308,126.922989733423,4
제이디 하우스,외국인관광도시민박업,"서울특별시 마포구 신촌로2안길 31-5, 202호 (동교동)",서울 마포구 동교동 179-33,CDFI2262212024000056,2024-03-27,영업/정상(영업중),37.5572932609493,126.929044556595,5
파크애비뉴2,외국인관광도시민박업,"[121-865] 서울특별시 마포구 성미산로26길 32-2, 3,4층 (연남동)",서울 마포구 연남동 257-12,CDFI2262212014000047,2014-04-17,영업/정상(영업중),37.5624748835308,126.922989733423,4
June Stay,외국인관광도시민박업,"서울특별시 마포구 월드컵로23길 15, 지층 101호 (망원동)",서울 마포구 망원동 57-370,CDFI2262212024000066,2024-04-16,영업/정상(영업중),37.5570613668419,126.908049878902,3
아이올라 씨네,외국인관광도시민박업,"서울특별시 마포구 와우산로29마길 15-8, 102호 (서교동)",서울 마포구 서교동 333-39,CDFI2262212023000142,2023-10-18,영업/정상(영업중),37.5551157448257,126.92670790462,4
five star stay,외국인관광도시민박업,"서울특별시 용산구 이태원로17길 13, 1층 201호 (이태원동)",서울 용산구 이태원동 166-38,CDFI2262212019000048,2019-09-05,영업/정상(영업중),37.5349144359018,126.991338615761,3
더코즈 스튜디오,외국인관광도시민박업,"서울특별시 마포구 새창로6나길 27, 101호 (도화동)",서울 마포구 도화동 1-10,CDFI2262212024000099,2024-05-14,영업/정상(영업중),37.5411367344086,126.954186904647,3
jayden,외국인관광도시민박업,"서울특별시 용산구 청파로85가길 10-4, A동 204호 (서계동)",서울 용산구 서계동 33-56,CDFI2262212023000020,2023-05-31,영업/정상(영업중),37.5523855377732,126.967874114342,31
더콤마,외국인관광도시민박업,"서울특별시 동대문구 안암로22길 13-6, 2층 301호 (제기동)",서울 동대문구 제기동 137-6,CDFI2262212024000019,2024-07-23,영업/정상(영업중),37.588244473628,127.035739518128,2
Itaewon luxe stay,외국인관광도시민박업,"서울특별시 용산구 이태원로17길 13, 1층 202호 (이태원동)",서울 용산구 이태원동 166-38,CDFI2262212019000047,2019-09-05,영업/정상(영업중),37.5349144359018,126.991338615761,3
seoul station house,외국인관광도시민박업,"서울특별시 용산구 청파로85가길 10-4, A동 503호 (서계동)",서울 용산구 서계동 33-56,CDFI2262212023000021,2023-05-31,영업/정상(영업중),37.5523855377732,126.967874114342,31
Raon House,외국인관광도시민박업,"서울특별시 마포구 동교로23길 89-7, 201호 (성산동)",서울 마포구 성산동 630-17,CDFI2262212023000128,2023-09-14,영업/정상(영업중),37.5595360036494,126.917507173557,4
남산아래(NAMSAN AREA),외국인관광도시민박업,"서울특별시 용산구 한강대로104마길 10, 좌측 (후암동)",서울 용산구 후암동 102-20,CDFI2262212023000081,2023-11-07,영업/정상(영업중),37.5505370761766,126.975499009638,2
라온,외국인관광도시민박업,"서울특별시 마포구 와우산로26길 58, 501호 (창전동, 살롬하우스)",서울 마포구 창전동 6-105,CDFI2262212023000179,2023-11-28,영업/정상(영업중),37.5530658038023,126.928634476657,8
스티치스 게스트하우스,외국인관광도시민박업,"서울특별시 마포구 포은로2나길 46, 1,2층 (합정동)",서울 마포구 합정동 391-6,CDFI2262212019000020,2019-02-22,영업/정상(영업중),37.5503470703924,126.909838562386,2
Brick House B,외국인관광도시민박업,"서울특별시 마포구 월드컵북로8길 23, 304호 (연남동)",서울 마포구 연남동 487-410,CDFI2262212020000081,2020-12-21,영업/정상(영업중),37.5595573115744,126.918479135997,6
다슬리,외국인관광도시민박업,"서울특별시 마포구 연남로7길 26, B01호 (연남동)",서울 마포구 연남동 370-5,CDFI2262212022000080,2022-11-24,영업/정상(영업중),37.5636921635547,126.918870101814,3
소월길,외국인관광도시민박업,"서울특별시 용산구 신흥로20길 27, 102호 (용산동2가)",서울 용산구 용산동2가 1-1890,CDFI2262212015000019,2015-07-29,영업/정상(영업중),37.5467350778015,126.984144673714,2
이유 스테이,외국인관광도시민박업,"서울특별시 마포구 와우산로3안길 30, 2층 301호 (상수동)",서울 마포구 상수동 335-21,CDFI2262212023000144,2023-10-19,영업/정상(영업중),37.5463913855537,126.921258870782,3
트래블홀릭 게스트하우스,외국인관광도시민박업,"서울특별시 용산구 녹사평대로26가길 26, 3층 (이태원동)",서울 용산구 이태원동 79-14,CDFI2262212015000010,2015-04-29,영업/정상(영업중),37.5325246411136,126.993001918066,3
조조(JoJo),외국인관광도시민박업,서울특별시 용산구 이태원로19길 19 (이태원동),서울 용산구 이태원동 118-62,CDFI2262212015000022,2015-08-26,영업/정상(영업중),37.5352614395832,126.991733331021,2
Top guesthouse,외국인관광도시민박업,서울특별시 용산구 청파로85길 38 (서계동),서울 용산구 서계동 14-3,CDFI2262212015000021,2015-08-21,영업/정상(영업중),37.5527992165201,126.967004682998,2
WOO GUESTHOUSE,외국인관광도시민박업,"서울특별시 마포구 와우산로37길 10, 1층 (동교동)",서울 마포구 동교동 181-19,CDFI2262212021000068,2021-12-09,영업/정상(영업중),37.5561663474982,126.930345659733,3
Br. house,외국인관광도시민박업,"[121-836] 서울특별시 마포구 와우산로29다길 7, 2~3층 (서교동)",서울 마포구 서교동 335-26,CDFI2262212015000077,2015-03-16,영업/정상(영업중),37.5550813346214,126.9278913861,2
에드빌 Guest House,외국인관광도시민박업,"서울특별시 용산구 후암로34가길 12, 에드빌 401호 (후암동)",서울 용산구 후암동 60-35,CDFI2262212021000001,2021-02-02,영업/정상(영업중),37.5504732540685,126.977609573355,2
HAN 게스트 하우스,외국인관광도시민박업,"서울특별시 마포구 와우산로37길 4, 2층 (동교동)",서울 마포구 동교동 182-9,CDFI2262212020000082,2020-12-30,영업/정상(영업중),37.555936677478,126.930641936893,2
화이트 하우스,외국인관광도시민박업,"서울특별시 동대문구 왕산로 295-10, B101호 (청량리동)",서울 동대문구 청량리동 2-10,CDFI2262212024000017,2024-07-15,영업/정상(영업중),37.5870495261949,127.052100426222,2
라라 스페이스,외국인관광도시민박업,"서울특별시 마포구 독막로9길 37-4, 지층 (서교동)",서울 마포구 서교동 404-10,CDFI2262212024000026,2024-02-01,영업/정상(영업중),37.5500810991008,126.920369811097,3
Jamie House,외국인관광도시민박업,"서울특별시 마포구 새터산14길 43, 302호 (성산동)",서울 마포구 성산동 182-9,CDFI2262212023000001,2023-01-05,영업/정상(영업중),37.5662745389926,126.909140570372,2
데일리 하우스,외국인관광도시민박업,"서울특별시 마포구 동교로38길 26-16, 2층 (연남동)",서울 마포구 연남동 390-53,CDFI2262212019000046,2019-05-27,영업/정상(영업중),37.5616075132306,126.925120270961,6
더 조이드 하우스,외국인관광도시민박업,"서울특별시 마포구 방울내로 67, 3층 301호 (망원동)",서울 마포구 망원동 435-1,CDFI2262212023000045,2023-05-08,영업/정상(영업중),37.5601335973222,126.902778121521,2
후암별장3030,외국인관광도시민박업,"서울특별시 용산구 후암로34길 31, 101호 (후암동, 정우빌라)",서울 용산구 후암동 30-30,CDFI2262212019000046,2019-08-21,영업/정상(영업중),37.5517761925606,126.978607776295,2
써니하우스,외국인관광도시민박업,"서울특별시 용산구 청파로85가길 10-4, A동 203호 (서계동)",서울 용산구 서계동 33-56,CDFI2262212023000017,2023-05-31,영업/정상(영업중),37.5523855377732,126.967874114342,31
팔리다스 플레이스,외국인관광도시민박업,"서울특별시 용산구 청파로85가길 10-4, A동 301호 (서계동)",서울 용산구 서계동 33-56,CDFI2262212023000019,2023-05-31,영업/정상(영업중),37.5523855377732,126.967874114342,31
Modern 404,외국인관광도시민박업,"서울특별시 용산구 청파로85가길 10-4, A동 404호 (서계동)",서울 용산구 서계동 33-56,CDFI2262212023000018,2023-05-31,영업/정상(영업중),37.5523855377732,126.967874114342,31
트윈래빗3 게스트하우스,외국인관광도시민박업,"서울특별시 마포구 월드컵북로6길 89-8, 401호 (연남동)",서울 마포구 연남동 567-37,CDFI2262212019000029,2019-03-29,영업/정상(영업중),37.5606465239258,126.922626153228,3
트윈래빗2 게스트하우스,외국인관광도시민박업,"서울특별시 마포구 월드컵북로6길 89-8, 301호 (연남동)",서울 마포구 연남동 567-37,CDFI2262212019000030,2019-03-29,영업/정상(영업중),37.5606465239258,126.922626153228,3
베인하우스,외국인관광도시민박업,"서울특별시 마포구 동교로38길 32, 301호 (연남동)",서울 마포구 연남동 382-28,CDFI2262212019000050,2019-05-30,영업/정상(영업중),37.5614105817431,126.925446659594,3
롱스테이,외국인관광도시민박업,"서울특별시 동대문구 고산자로 516-1, 401호 (제기동)",서울 동대문구 제기동 695,CDFI2262212024000022,2024-08-05,영업/정상(영업중),37.5857392960756,127.038775425346,10
트윈래빗1 게스트하우스,외국인관광도시민박업,"서울특별시 마포구 월드컵북로6길 89-8, 201호 (연남동)",서울 마포구 연남동 567-37,CDFI2262212019000028,2019-03-29,영업/정상(영업중),37.5606465239258,126.922626153228,3
엔조이연남,외국인관광도시민박업,"서울특별시 마포구 성미산로23길 26-5, B01호 (연남동)",서울 마포구 연남동 246-29,CDFI2262212024000195,2024-07-26,영업/정상(영업중),37.5647091888766,126.921236991234,2
요셉 게스트하우스,외국인관광도시민박업,"서울특별시 마포구 새창로6나길 27, 2층 (도화동)",서울 마포구 도화동 1-10,CDFI2262212020000006,2020-01-14,영업/정상(영업중),37.5411367344086,126.954186904647,3
Lisa Guest House,외국인관광도시민박업,"서울특별시 마포구 동교로 179-5, B01호 (동교동)",서울 마포구 동교동 201-22,CDFI2262212022000002,2022-01-19,영업/정상(영업중),37.5568265557938,126.921246080956,3
에스제이 하우스,외국인관광도시민박업,"서울특별시 마포구 동교로27길 27-9, 202호 (동교동)",서울 마포구 동교동 204-14,CDFI2262212023000057,2023-05-26,영업/정상(영업중),37.5589466911909,126.921787106975,3
Baraka Homestay,외국인관광도시민박업,서울특별시 용산구 우사단로10길 30-31 (이태원동),서울 용산구 이태원동 15-7,CDFI2262212016000010,2016-03-21,영업/정상(영업중),37.5324555298728,126.997268268302,2
노스텔지아3,외국인관광도시민박업,"서울특별시 마포구 와우산로29길 56-7, 지1층 102호 (서교동)",서울 마포구 서교동 330-48,CDFI2262212023000035,2023-04-27,영업/정상(영업중),37.5563045823189,126.927098324506,2
88하우스 용산,외국인관광도시민박업,"서울특별시 용산구 백범로90다길 12, 202동 3202호 (문배동, 용산씨제이나인파크)",서울 용산구 문배동 24-6,CDFI2262212015000008,2015-03-12,영업/정상(영업중),37.5363523414327,126.969212704338,2
Photo Park(포토박),외국인관광도시민박업,서울특별시 용산구 신흥로27길 6-5 (용산동2가),서울 용산구 용산동2가 1-1351,CDFI2262212015000014,2015-05-22,영업/정상(영업중),37.5441156565647,126.982004539,2
더블라썸1,외국인관광도시민박업,"서울특별시 마포구 동교로45길 3-6, 3층 (연남동)",서울 마포구 연남동 229-41,CDFI2262212021000071,2021-12-21,영업/정상(영업중),37.5629902621073,126.924397221117,3
N,외국인관광도시민박업,서울특별시 용산구 소월로2나길 6-2 (후암동),서울 용산구 후암동 439-3,CDFI2262212016000013,2016-04-21,영업/정상(영업중),37.5532245072958,126.976960286212,2
코자요03,외국인관광도시민박업,"서울특별시 마포구 와우산로21길 21, 3층 (서교동)",서울 마포구 서교동 364-1,CDFI2262212024000181,2024-07-23,영업/정상(영업중),37.5522627898847,126.922695818994,2
스테이 아우어,외국인관광도시민박업,"서울특별시 용산구 보광로60길 14-12, 402호 (이태원동, 이화스카이빌라)",서울 용산구 이태원동 131-5,CDFI2262212023000015,2023-05-11,영업/정상(영업중),37.5336430604402,126.994890353155,2
CHARM STAY,외국인관광도시민박업,"서울특별시 마포구 매봉산로2길 63, 401호 (상암동)",서울 마포구 상암동 2-125,CDFI2262212024000180,2024-07-23,영업/정상(영업중),37.5766130764833,126.896324032941,3
코자요,외국인관광도시민박업,"서울특별시 마포구 와우산로21길 21, 4층 (서교동)",서울 마포구 서교동 364-1,CDFI2262212024000182,2024-07-23,영업/정상(영업중),37.5522627898847,126.922695818994,2
알(R)게스트하우스_2(알게호),외국인관광도시민박업,"서울특별시 용산구 만리재로36길 16-7, 2층 (서계동)",서울 용산구 서계동 234-3,CDFI2262212019000066,2019-11-20,영업/정상(영업중),37.55365766866,126.966617600428,2
Greenery SEOUL,외국인관광도시민박업,"서울특별시 용산구 청파로85가길 10-4, B동 204호 (서계동)",서울 용산구 서계동 33-56,CDFI2262212023000051,2023-07-27,영업/정상(영업중),37.5523855377732,126.967874114342,31
라온 502,외국인관광도시민박업,"서울특별시 용산구 청파로85가길 10-4, A동 502호 (서계동)",서울 용산구 서계동 33-56,CDFI2262212023000052,2023-07-27,영업/정상(영업중),37.5523855377732,126.967874114342,31
슬리피우드(2층),외국인관광도시민박업,"서울특별시 성북구 창경궁로43길 9-1, 2층 (성북동1가)",서울 성북구 성북동1가 10,CDFI2262212024000020,2024-07-26,영업/정상(영업중),37.5883925262733,127.00421416834,2
빙고 연남 루프탑,외국인관광도시민박업,"서울특별시 마포구 연희로1길 28-9, 3층 (동교동)",서울 마포구 동교동 113-72,CDFI2262212020000024,2020-03-13,영업/정상(영업중),37.5599611467829,126.92587332169,3
모노하우스 5호점,외국인관광도시민박업,"서울특별시 마포구 동교로45길 16, 지1층 (연남동)",서울 마포구 연남동 229-23,CDFI2262212023000036,2023-04-27,영업/정상(영업중),37.5635415183535,126.924438995455,3
레이 하우스,외국인관광도시민박업,"서울특별시 용산구 청파로85가길 10-4, A동 302호 (서계동)",서울 용산구 서계동 33-56,CDFI2262212023000025,2023-06-07,영업/정상(영업중),37.5523855377732,126.967874114342,31
슬리피우드(1층),외국인관광도시민박업,"서울특별시 성북구 창경궁로43길 9-1, 1층 (성북동1가)",서울 성북구 성북동1가 10,CDFI2262212024000019,2024-07-26,영업/정상(영업중),37.5883925262733,127.00421416834,2
Today Seoul,외국인관광도시민박업,"서울특별시 용산구 보광로55길 19, 201호 (이태원동)",서울 용산구 이태원동 79-3,CDFI2262212019000063,2019-11-13,영업/정상(영업중),37.5329252419487,126.993272736162,2
